id,name,country_id,country_code,fips_code,iso2,iso3166_2,type,level,parent_id,native,latitude,longitude,timezone,created_at,updated_at,flag,wikiDataId
1,"Southern Nations, Nationalities, and Peoples'",70,ET,54,SN,ET-SN,region,1,,,6.5156911,36.954107,Africa/Addis_Ababa,2019-10-05 21:48:35,2025-08-07 18:14:49,1,Q203193
2,Somali,70,ET,52,SO,ET-SO,region,1,,,7.2629844,43.5360531,Africa/Addis_Ababa,2019-10-05 21:48:35,2025-08-07 18:14:51,1,Q202800
3,Amhara,70,ET,46,AM,ET-AM,region,1,,,11.5,38.5,Africa/Addis_Ababa,2019-10-05 21:48:35,2025-08-07 18:14:52,1,Q203009
4,Tigray,70,ET,53,TI,ET-TI,region,,,,13.881273,39.127495,Africa/Addis_Ababa,2019-10-05 21:48:35,2025-08-07 18:14:53,1,Q200127
5,Oromia,70,ET,51,OR,ET-OR,region,,,,7.6721644,40.0299727,Africa/Addis_Ababa,2019-10-05 21:48:35,2025-08-07 18:14:55,1,Q202107
6,Afar,70,ET,45,AF,ET-AF,region,,,,11.7108206,41.0330866,Africa/Addis_Ababa,2019-10-05 21:48:35,2025-08-07 18:14:56,1,Q193494
7,Harari,70,ET,50,HA,ET-HA,region,,,,9.2905517,42.1885672,Africa/Addis_Ababa,2019-10-05 21:48:35,2025-08-07 18:14:57,1,Q1033855
8,Dire Dawa,70,ET,48,DD,ET-DD,administration,,,,9.591323,41.8566341,Africa/Addis_Ababa,2019-10-05 21:48:35,2025-08-07 18:14:59,1,Q193486
9,Benishangul-Gumuz,70,ET,47,BE,ET-BE,region,,,,10.3778251,35.5084442,Africa/Addis_Ababa,2019-10-05 21:48:35,2025-08-07 18:15:00,1,Q207635
10,Gambela,70,ET,49,GA,ET-GA,region,,,,7.8102647,34.1822172,Africa/Addis_Ababa,2019-10-05 21:48:35,2025-08-07 18:15:01,1,Q207638
11,Addis Ababa,70,ET,44,AA,ET-AA,administration,,,,9,38.75,Africa/Addis_Ababa,2019-10-05 21:48:35,2025-08-07 18:15:03,1,Q3624
12,Petnjica,147,ME,23,23,ME-23,municipality,,,,42.925657,19.9829219,Europe/Podgorica,2019-10-05 21:48:35,2025-08-07 18:15:04,1,Q15630696
13,Bar,147,ME,02,02,ME-02,municipality,,,,42.0979745,19.0954528,Europe/Podgorica,2019-10-05 21:48:35,2025-08-07 18:15:05,1,Q2604068
14,Danilovgrad,147,ME,07,07,ME-07,municipality,,,,42.5524049,19.1052289,Europe/Podgorica,2019-10-05 21:48:35,2025-08-07 18:15:06,1,Q3741507
15,Rožaje,147,ME,17,17,ME-17,municipality,,,,42.8408389,20.1670628,Europe/Podgorica,2019-10-05 21:48:35,2025-08-07 18:15:08,1,Q3296677
16,Plužine,147,ME,15,15,ME-15,municipality,,,,43.1593384,18.8551484,Europe/Podgorica,2019-10-05 21:48:35,2025-08-07 18:15:09,1,Q4864476
17,Nikšić,147,ME,12,12,ME-12,municipality,,,,42.7739388,18.9488097,Europe/Podgorica,2019-10-05 21:48:35,2025-08-07 18:15:10,1,Q4865016
18,Šavnik,147,ME,18,18,ME-18,municipality,,,,42.957197,19.0946043,Europe/Podgorica,2019-10-05 21:48:35,2025-08-07 18:15:12,1,Q13365880
19,Plav,147,ME,13,13,ME-13,municipality,,,,42.6001337,19.9407541,Europe/Podgorica,2019-10-05 21:48:35,2025-08-07 18:15:13,1,Q4859821
20,Pljevlja,147,ME,14,14,ME-14,municipality,,,,43.3565611,19.3584715,Europe/Podgorica,2019-10-05 21:48:35,2025-08-07 18:15:14,1,Q3299950
21,Berane,147,ME,03,03,ME-03,municipality,,,,42.8435792,19.8728701,Europe/Podgorica,2019-10-05 21:48:35,2025-08-07 18:15:16,1,Q4853794
22,Mojkovac,147,ME,11,11,ME-11,municipality,,,,42.9624908,19.5799899,Europe/Podgorica,2019-10-05 21:48:35,2025-08-07 18:15:17,1,Q3299782
23,Andrijevica,147,ME,01,01,ME-01,municipality,,,,42.7362477,19.7859556,Europe/Podgorica,2019-10-05 21:48:35,2025-08-07 18:15:18,1,Q2384773
24,Gusinje,147,ME,22,22,ME-22,municipality,,,,42.5563455,19.8306051,Europe/Podgorica,2019-10-05 21:48:35,2025-08-07 18:15:19,1,Q16085370
25,Bijelo Polje,147,ME,04,04,ME-04,municipality,,,,43.0341595,19.7473559,Europe/Podgorica,2019-10-05 21:48:35,2025-08-07 18:15:21,1,Q4086488
26,Kotor,147,ME,10,10,ME-10,municipality,,,,42.4249205,18.7713332,Europe/Podgorica,2019-10-05 21:48:35,2025-08-07 18:15:22,1,Q4856305
27,Podgorica,147,ME,16,16,ME-16,municipality,,,,42.4415238,19.2621081,Europe/Podgorica,2019-10-05 21:48:35,2025-08-07 18:15:23,1,Q3305250
28,Old Royal Capital Cetinje,147,ME,16,06,ME-06,municipality,,,,42.4783057,18.8980059,Europe/Podgorica,2019-10-05 21:48:35,2025-08-07 18:15:25,1,Q3305075
29,Tivat,147,ME,19,19,ME-19,municipality,,,,42.4303762,18.6988104,Europe/Podgorica,2019-10-05 21:48:35,2025-08-07 18:15:26,1,Q3738564
30,Budva,147,ME,05,05,ME-05,municipality,,,,42.2885656,18.8419505,Europe/Podgorica,2019-10-05 21:48:35,2025-08-07 18:15:28,1,Q3739214
31,Kolašin,147,ME,09,09,ME-09,municipality,,,,42.8238387,19.5218005,Europe/Podgorica,2019-10-05 21:48:35,2025-08-07 18:15:29,1,Q3303233
32,Žabljak,147,ME,21,21,ME-21,municipality,,,,43.1555152,19.1226018,Europe/Podgorica,2019-10-05 21:48:35,2025-08-07 18:15:30,1,Q3304454
33,Ulcinj,147,ME,20,20,ME-20,municipality,,,,41.926012,19.2055563,Europe/Podgorica,2019-10-05 21:48:35,2025-08-07 18:15:32,1,Q3305169
34,Kunene,152,NA,32,KU,NA-KU,region,,,,-19.6792809,13.9756564,Africa/Windhoek,2019-10-05 21:48:35,2025-08-07 18:15:33,1,Q834513
35,Kavango West,152,NA,41,KW,NA-KW,region,,,,-18.256111,18.970201,Africa/Windhoek,2019-10-05 21:48:35,2025-08-07 18:15:34,1,Q14824027
36,Kavango East,152,NA,40,KE,NA-KE,region,,,,-18.3982355,20.72468,Africa/Windhoek,2019-10-05 21:48:35,2025-08-07 18:15:35,1,Q14824032
37,Oshana,152,NA,37,ON,NA-ON,region,,,,-18.4702308,15.7434419,Africa/Windhoek,2019-10-05 21:48:35,2025-08-07 18:15:37,1,Q534528
38,Hardap,152,NA,30,HA,NA-HA,region,,,,-24.4140944,17.4134051,Africa/Windhoek,2019-10-05 21:48:35,2025-08-07 18:15:38,1,Q752676
39,Omusati,152,NA,36,OS,NA-OS,region,,,,-18.2862314,14.8856679,Africa/Windhoek,2019-10-05 21:48:35,2025-08-07 18:15:39,1,Q764385
40,Ohangwena,152,NA,33,OW,NA-OW,region,,,,-17.5877369,16.7737955,Africa/Windhoek,2019-10-05 21:48:35,2025-08-07 18:15:41,1,Q845702
41,Omaheke,152,NA,35,OH,NA-OH,region,,,,-21.9074676,19.3929661,Africa/Windhoek,2019-10-05 21:48:35,2025-08-07 18:15:42,1,Q838775
42,Oshikoto,152,NA,38,OT,NA-OT,region,,,,-18.5464046,17.1019606,Africa/Windhoek,2019-10-05 21:48:35,2025-08-07 18:15:43,1,Q876512
43,Erongo,152,NA,29,ER,NA-ER,region,,,,-22.0278147,15.389358,Africa/Windhoek,2019-10-05 21:48:35,2025-08-07 18:15:45,1,Q648753
44,Khomas,152,NA,21,KH,NA-KH,region,,,,-22.9082553,17.09198,Africa/Windhoek,2019-10-05 21:48:35,2025-08-07 18:15:46,1,Q834508
45,Karas,152,NA,31,KA,NA-KA,region,,,,-26.8752094,17.7634818,Africa/Windhoek,2019-10-05 21:48:35,2025-08-07 18:15:47,1,Q573467
46,Otjozondjupa,152,NA,39,OD,NA-OD,region,,,,-19.9424962,18.395886,Africa/Windhoek,2019-10-05 21:48:36,2025-08-07 18:15:48,1,Q876506
47,Zambezi,152,NA,28,CA,NA-CA,region,,,,-17.6912922,24.1377371,Africa/Windhoek,2019-10-05 21:48:36,2025-08-07 18:15:50,1,Q473190
48,Ashanti,83,GH,02,AH,GH-AH,region,,,,6.8003319,-1.5188142,Africa/Accra,2019-10-05 16:18:36,2025-08-07 18:15:51,1,Q398417
49,Western,83,GH,09,WP,GH-WP,region,,,,5.4261241,-2.1286574,Africa/Accra,2019-10-05 16:18:36,2025-08-07 18:15:52,1,Q870155
50,Eastern,83,GH,05,EP,GH-EP,region,,,,6.446877,-0.3770964,Africa/Accra,2019-10-05 16:18:36,2025-08-07 18:15:53,1,Q405670
51,Northern,83,GH,06,NP,GH-NP,region,,,,9.6600005,-0.3943799,Africa/Accra,2019-10-05 16:18:36,2025-08-07 18:15:55,1,Q502215
52,Central,83,GH,04,CP,GH-CP,region,,,,5.7244148,-1.3761749,Africa/Accra,2019-10-05 16:18:36,2025-08-07 18:15:56,1,Q846323
53,Ahafo,83,GH,03,AF,GH-AF,region,,,,6.9096645,-2.2330123,Africa/Accra,2019-10-05 16:18:36,2025-08-07 18:15:57,1,Q48804007
54,Greater Accra,83,GH,01,AA,GH-AA,region,,,,5.8101532,0.0995242,Africa/Accra,2019-10-05 16:18:36,2025-08-07 18:15:59,1,Q431729
55,Upper East,83,GH,10,UE,GH-UE,region,,,,10.7245907,-0.8196591,Africa/Accra,2019-10-05 16:18:36,2025-08-07 18:16:00,1,Q712828
56,Volta,83,GH,08,TV,GH-TV,region,,,,6.5348624,0.4556055,Africa/Accra,2019-10-05 16:18:36,2025-08-07 18:16:01,1,Q712832
57,Upper West,83,GH,11,UW,GH-UW,region,,,,10.3669525,-2.0921426,Africa/Accra,2019-10-05 16:18:36,2025-08-07 18:16:03,1,Q715805
58,San Marino,192,SM,07,07,SM-07,municipality,,,,43.94236,12.457777,Europe/Rome,2019-10-05 21:48:36,2025-08-07 18:16:04,1,Q1848
59,Acquaviva,192,SM,01,01,SM-01,municipality,,,,43.9464246,12.4191909,Europe/Rome,2019-10-05 21:48:36,2025-08-07 18:16:05,1,Q206363
60,Chiesanuova,192,SM,02,02,SM-02,municipality,,,,43.9053382,12.4220187,Europe/Rome,2019-10-05 21:48:36,2025-08-07 18:16:07,1,Q206980
61,Borgo Maggiore,192,SM,06,06,SM-06,municipality,,,,43.9411865,12.447422,Europe/Rome,2019-10-05 21:48:36,2025-08-07 18:16:08,1,Q201368
62,Faetano,192,SM,04,04,SM-04,municipality,,,,43.9269122,12.4974633,Europe/Rome,2019-10-05 21:48:36,2025-08-07 18:16:09,1,Q206356
63,Montegiardino,192,SM,08,08,SM-08,municipality,,,,43.9052999,12.4810542,Europe/Rome,2019-10-05 21:48:36,2025-08-07 18:16:10,1,Q206962
64,Domagnano,192,SM,03,03,SM-03,municipality,,,,43.9501929,12.4681537,Europe/Rome,2019-10-05 21:48:36,2025-08-07 18:16:12,1,Q202202
65,Serravalle,192,SM,09,09,SM-09,municipality,,,,43.9699026,12.4802946,Europe/Rome,2019-10-05 21:48:36,2025-08-07 18:16:13,1,Q185412
66,Fiorentino,192,SM,05,05,SM-05,municipality,,,,43.9078337,12.4581209,Europe/Rome,2019-10-05 21:48:36,2025-08-07 18:16:14,1,Q206968
67,Tillabéri,160,NE,09,6,NE-6,region,,,,13.7251068,1.6961456,Africa/Niamey,2019-10-05 21:48:36,2025-08-07 18:16:16,1,Q861914
68,Dosso,160,NE,03,3,NE-3,region,,,,13.1658009,3.3068075,Africa/Niamey,2019-10-05 21:48:36,2025-08-07 18:16:17,1,Q850055
69,Zinder,160,NE,07,7,NE-7,region,,,,15.1787,9.7074108,Africa/Niamey,2019-10-05 21:48:36,2025-08-07 18:16:18,1,Q204367
70,Maradi,160,NE,04,4,NE-4,region,,,,14.224,7.4717877,Africa/Niamey,2019-10-05 21:48:36,2025-08-07 18:16:20,1,Q850036
71,Agadez,160,NE,01,1,NE-1,region,,,,19.4211115,10.6846987,Africa/Niamey,2019-10-05 21:48:36,2025-08-07 18:16:21,1,Q389944
72,Diffa,160,NE,02,2,NE-2,region,,,,13.4880875,12.5136266,Africa/Niamey,2019-10-05 21:48:36,2025-08-07 18:16:22,1,Q1053302
73,Tahoua,160,NE,06,5,NE-5,region,,,,16.1576745,5.3282652,Africa/Niamey,2019-10-05 21:48:36,2025-08-07 18:16:23,1,Q871083
74,Mqabba,135,MT,06,33,MT-33,local council,,,,35.8444143,14.4694186,Europe/Malta,2019-10-05 21:48:36,2025-08-07 18:16:25,1,Q1017953
75,San Ġwann,135,MT,54,49,MT-49,local council,,,,35.9077365,14.4752416,Europe/Malta,2019-10-05 21:48:36,2025-08-07 18:16:26,1,Q39507
76,Żurrieq,135,MT,54,68,MT-68,local council,,,,35.8294676,14.4745172,Europe/Malta,2019-10-05 21:48:36,2025-08-07 18:16:27,1,Q44417
77,Luqa,135,MT,30,25,MT-25,local council,,,,35.8582865,14.4868883,Europe/Malta,2019-10-05 21:48:36,2025-08-07 18:16:29,1,Q475585
78,Marsaxlokk,135,MT,33,28,MT-28,local council,,,,35.8411699,14.5393097,Europe/Malta,2019-10-05 21:48:36,2025-08-07 18:16:30,1,Q781921
79,Qala,135,MT,33,42,MT-42,local council,,,,36.0388628,14.318101,Europe/Malta,2019-10-05 21:48:36,2025-08-07 18:16:31,1,Q1088033
80,Żebbuġ Malta,135,MT,33,66,MT-66,local council,,,,35.8764648,14.439084,Europe/Malta,2019-10-05 21:48:36,2025-08-07 18:16:33,1,Q44573
81,Xgħajra,135,MT,33,63,MT-63,local council,,,,35.8868282,14.5472391,Europe/Malta,2019-10-05 21:48:36,2025-08-07 18:16:34,1,Q520962
82,Kirkop,135,MT,28,23,MT-23,local council,,,,35.8437862,14.4854324,Europe/Malta,2019-10-05 21:48:36,2025-08-07 18:16:35,1,Q597464
83,Rabat,135,MT,28,46,MT-46,local council,,,,35.884717,14.37234,Europe/Malta,2019-10-05 21:48:36,2025-08-08 13:11:02,1,Q44381
84,Floriana,135,MT,28,09,MT-09,local council,,,,35.8929838,14.5052716,Europe/Malta,2019-10-05 21:48:36,2025-08-07 18:16:38,1,Q832807
85,Żebbuġ Gozo,135,MT,28,65,MT-65,local council,,,,36.0716403,14.245408,Europe/Malta,2019-10-05 21:48:36,2025-08-07 18:16:39,1,Q179243
86,Swieqi,135,MT,28,57,MT-57,local council,,,,35.9191182,14.4694186,Europe/Malta,2019-10-05 21:48:36,2025-08-07 18:16:40,1,Q220667
87,San Lawrenz,135,MT,50,50,MT-50,local council,,,,36.0553005,14.2039503,Europe/Malta,2019-10-05 21:48:36,2025-08-07 18:16:42,1,Q537308
88,Birżebbuġa,135,MT,05,05,MT-05,local council,,,,35.8269478,14.5274189,Europe/Malta,2019-10-05 21:48:36,2025-08-07 18:16:43,1,Q258028
89,Mdina,135,MT,05,29,MT-29,local council,,,,35.888093,14.4068357,Europe/Malta,2019-10-05 21:48:36,2025-08-07 18:16:44,1,Q207277
90,Santa Venera,135,MT,05,54,MT-54,local council,,,,35.8902201,14.4766974,Europe/Malta,2019-10-05 21:48:36,2025-08-07 18:16:46,1,Q585420
91,Kerċem,135,MT,05,22,MT-22,local council,,,,36.0447939,14.2250605,Europe/Malta,2019-10-05 21:48:36,2025-08-07 18:16:47,1,Q674679
92,Għarb,135,MT,05,14,MT-14,local council,,,,36.0598182,14.209081,Europe/Malta,2019-10-05 21:48:36,2025-08-07 18:16:48,1,Q1026487
93,Iklin,135,MT,05,19,MT-19,local council,,,,35.9098774,14.4577732,Europe/Malta,2019-10-05 21:48:36,2025-08-07 18:16:50,1,Q304589
94,Santa Luċija,135,MT,05,53,MT-53,local council,,,,35.856142,14.50436,Europe/Malta,2019-10-05 21:48:36,2025-08-07 18:16:51,1,Q1087776
95,Valletta,135,MT,05,60,MT-60,local council,,,,35.8989085,14.5145528,Europe/Malta,2019-10-05 21:48:36,2025-08-07 18:16:52,1,Q23800
96,Msida,135,MT,05,34,MT-34,local council,,,,35.8956388,14.4868883,Europe/Malta,2019-10-05 21:48:36,2025-08-07 18:16:54,1,Q585187
97,Birkirkara,135,MT,04,04,MT-04,local council,,,,35.8954706,14.4665072,Europe/Malta,2019-10-05 21:48:36,2025-08-07 18:16:55,1,Q39583
98,Siġġiewi,135,MT,04,55,MT-55,local council,,,,35.8539354,14.438063,Europe/Malta,2019-10-05 21:48:36,2025-08-07 18:16:56,1,Q919908
99,Kalkara,135,MT,04,21,MT-21,local council,,,,35.8914242,14.5320278,Europe/Malta,2019-10-05 21:48:36,2025-08-07 18:16:58,1,Q533257
100,St. Julian's,135,MT,35,48,MT-48,local council,,,,35.9199225,14.4877119,Europe/Malta,2019-10-05 21:48:36,2025-08-07 18:16:59,1,Q669979
101,Victoria,135,MT,46,45,MT-45,local council,,,,36.0428907,14.2398479,Europe/Malta,2019-10-05 21:48:36,2025-08-07 18:17:00,1,Q752348
102,Mellieħa,135,MT,46,30,MT-30,local council,,,,35.9599618,14.368367,Europe/Malta,2019-10-05 21:48:36,2025-08-07 18:17:02,1,Q755979
103,Tarxien,135,MT,58,59,MT-59,local council,,,,35.8672552,14.5116405,Europe/Malta,2019-10-05 21:48:36,2025-08-07 18:17:03,1,Q744001
104,Sliema,135,MT,58,56,MT-56,local council,,,,35.9110081,14.502904,Europe/Malta,2019-10-05 21:48:36,2025-08-07 18:17:04,1,Q39526
105,Ħamrun,135,MT,58,18,MT-18,local council,,,,35.8861237,14.4883442,Europe/Malta,2019-10-05 21:48:36,2025-08-07 18:17:05,1,Q343001
106,Għasri,135,MT,58,16,MT-16,local council,,,,36.0668075,14.2192475,Europe/Malta,2019-10-05 21:48:36,2025-08-07 18:17:07,1,Q1017339
107,Birgu,135,MT,58,03,MT-03,local council,,,,35.8879214,14.522562,Europe/Malta,2019-10-05 21:48:36,2025-08-07 18:17:08,1,Q752346
108,Balzan,135,MT,02,02,MT-02,local council,,,,35.8957414,14.4534065,Europe/Malta,2019-10-05 21:48:36,2025-08-07 18:17:09,1,Q789794
109,Mġarr,135,MT,02,31,MT-31,local council,,,,35.9189327,14.3617343,Europe/Malta,2019-10-05 21:48:36,2025-08-07 18:17:11,1,Q691220
110,Attard,135,MT,01,01,MT-01,local council,,,,35.8909172,14.4430093,Europe/Malta,2019-10-05 21:48:36,2025-08-07 18:17:12,1,Q44557
111,Qrendi,135,MT,01,44,MT-44,local council,,,,35.8328488,14.4548621,Europe/Malta,2019-10-05 21:48:36,2025-08-07 18:17:13,1,Q282203
112,Naxxar,135,MT,01,38,MT-38,local council,,,,35.9133396,14.4432851,Europe/Malta,2019-10-05 21:48:36,2025-08-07 18:17:15,1,Q44397
113,Gżira,135,MT,01,12,MT-12,local council,,,,35.905897,14.4953338,Europe/Malta,2019-10-05 21:48:36,2025-08-07 18:17:16,1,Q632097
114,Xagħra,135,MT,01,61,MT-61,local council,,,,36.050845,14.267482,Europe/Malta,2019-10-05 21:48:36,2025-08-07 18:17:17,1,Q605343
115,Paola,135,MT,39,39,MT-39,local council,,,,35.8717994,14.5073748,Europe/Malta,2019-10-05 21:48:36,2025-08-07 18:17:19,1,Q846589
116,Sannat,135,MT,54,52,MT-52,local council,,,,36.0273022,14.2429017,Europe/Malta,2019-10-05 21:48:36,2025-08-07 18:17:20,1,Q602037
117,Dingli,135,MT,07,07,MT-07,local council,,,,35.8627309,14.3850107,Europe/Malta,2019-10-05 21:48:36,2025-08-07 18:17:21,1,Q905641
118,Gudja,135,MT,07,11,MT-11,local council,,,,35.8469803,14.502904,Europe/Malta,2019-10-05 21:48:36,2025-08-07 18:17:22,1,Q1018153
119,Qormi,135,MT,43,43,MT-43,local council,,,,35.8764388,14.4694186,Europe/Malta,2019-10-05 21:48:36,2025-08-07 18:17:24,1,Q39578
120,Għargħur,135,MT,43,15,MT-15,local council,,,,35.9220569,14.4563176,Europe/Malta,2019-10-05 21:48:36,2025-08-07 18:17:25,1,Q1018111
121,Xewkija,135,MT,43,62,MT-62,local council,,,,36.0299236,14.2599437,Europe/Malta,2019-10-05 21:48:36,2025-08-07 18:17:26,1,Q919921
122,Ta' Xbiex,135,MT,59,58,MT-58,local council,,,,35.8991448,14.4963519,Europe/Malta,2019-10-05 21:48:36,2025-08-07 18:17:28,1,Q1017348
123,Żabbar,135,MT,59,64,MT-64,local council,,,,35.8724715,14.5451354,Europe/Malta,2019-10-05 21:48:36,2025-08-07 18:17:29,1,Q39518
124,Għaxaq,135,MT,59,17,MT-17,local council,,,,35.8440359,14.516009,Europe/Malta,2019-10-05 21:48:36,2025-08-07 18:17:30,1,Q426385
125,Pembroke,135,MT,40,40,MT-40,local council,,,,35.9281313,14.4795722,Europe/Malta,2019-10-05 21:48:36,2025-08-07 18:17:32,1,Q775756
126,Lija,135,MT,29,24,MT-24,local council,,,,35.901766,14.4476136,Europe/Malta,2019-10-05 21:48:36,2025-08-07 18:17:33,1,Q782049
127,Pietà,135,MT,29,41,MT-41,local council,,,,35.892353,14.4934881,Europe/Malta,2019-10-05 21:48:36,2025-08-07 18:17:34,1,Q744070
128,Marsa,135,MT,29,26,MT-26,local council,,,,35.882892,14.4944898,Europe/Malta,2019-10-05 21:48:36,2025-08-07 18:17:35,1,Q267431
129,Fgura,135,MT,29,08,MT-08,local council,,,,35.8738269,14.5232901,Europe/Malta,2019-10-05 21:48:36,2025-08-07 18:17:37,1,Q44388
130,Għajnsielem,135,MT,11,13,MT-13,local council,,,,36.0247966,14.2802961,Europe/Malta,2019-10-05 21:48:36,2025-08-07 18:17:38,1,Q761675
131,Mtarfa,135,MT,11,35,MT-35,local council,,,,35.8895125,14.3951953,Europe/Malta,2019-10-05 21:48:36,2025-08-07 18:17:39,1,Q656837
132,Munxar,135,MT,11,36,MT-36,local council,,,,36.0288058,14.2250605,Europe/Malta,2019-10-05 21:48:36,2025-08-07 18:17:41,1,Q587462
133,Nadur,135,MT,11,37,MT-37,local council,,,,36.0447019,14.2919273,Europe/Malta,2019-10-05 21:48:36,2025-08-07 18:17:42,1,Q929969
134,Fontana,135,MT,11,10,MT-10,local council,,,,36.038744,14.2370014,Europe/Malta,2019-10-05 21:48:36,2025-08-07 18:17:43,1,Q1002742
135,Żejtun,135,MT,11,67,MT-67,local council,,,,35.8548714,14.5363969,Europe/Malta,2019-10-05 21:48:36,2025-08-07 18:17:44,1,Q44392
136,Senglea,135,MT,11,20,MT-20,local council,,,,35.8873041,14.5167371,Europe/Malta,2019-10-05 21:48:36,2025-08-07 18:17:46,1,Q846593
137,Marsaskala,135,MT,32,27,MT-27,local council,,,,35.860364,14.5567876,Europe/Malta,2019-10-05 21:48:36,2025-08-07 18:17:47,1,Q534571
138,Cospicua,135,MT,32,06,MT-06,local council,,,,35.8806753,14.5218338,Europe/Malta,2019-10-05 21:48:36,2025-08-07 18:17:48,1,Q757225
139,St. Paul's Bay,135,MT,35,51,MT-51,local council,,,,35.9480742,14.3973929,Europe/Malta,2019-10-05 21:48:36,2025-08-07 18:17:50,1,Q39521
140,Mosta,135,MT,35,32,MT-32,local council,,,,35.9141504,14.4228427,Europe/Malta,2019-10-05 21:48:36,2025-08-07 18:17:51,1,Q39520
141,Mangystau,112,KZ,09,47,KZ-47,region,,,,44.4364918,53.7999931,Asia/Aqtau,2019-10-05 21:48:36,2025-08-08 13:38:36,1,Q238931
142,Kyzylorda,112,KZ,14,43,KZ-43,region,,,,45.2058853,63.9155202,Asia/Qyzylorda,2019-10-05 21:48:36,2025-08-08 13:38:36,1,Q485322
143,Almaty,112,KZ,01,19,KZ-19,region,,,,43.6136955,77.1358136,Asia/Almaty,2019-10-05 21:48:36,2025-08-08 13:38:36,1,Q186466
144,North Kazakhstan,112,KZ,16,59,KZ-59,region,,,,53.9797171,69.0450902,Asia/Almaty,2019-10-05 21:48:36,2025-08-08 13:38:36,1,Q485088
145,Akmola,112,KZ,03,11,KZ-11,region,,,,51.8742347,69.8582132,Asia/Almaty,2019-10-05 21:48:36,2025-08-08 13:38:36,1,Q485056
146,Pavlodar,112,KZ,11,55,KZ-55,region,,,,52.2857573,76.9455035,Asia/Almaty,2019-10-05 21:48:36,2025-08-08 13:38:36,1,Q486144
147,Jambyl,112,KZ,17,31,KZ-31,region,,,,44.4168463,72.134166,Asia/Almaty,2019-10-05 21:48:36,2025-08-08 13:38:36,1,Q486657
148,West Kazakhstan,112,KZ,07,27,KZ-27,region,,,,49.5568479,50.2227409,Asia/Oral,2019-10-05 21:48:36,2025-08-08 13:38:36,1,Q486007
149,Turkistan,112,KZ,10,61,KZ-61,region,,,,43.3019457,68.2703698,Asia/Almaty,2019-10-05 21:48:36,2025-08-08 13:38:36,1,Q815330
150,Karaganda,112,KZ,12,35,KZ-35,region,,,,49.1767322,74.1811272,Asia/Almaty,2019-10-05 21:48:36,2025-08-08 13:38:36,1,Q485429
151,Aktobe,112,KZ,04,15,KZ-15,region,,,,48.2552772,59.4499172,Asia/Aqtobe,2019-10-05 21:48:36,2025-08-08 13:38:36,1,Q485437
152,Almaty,112,KZ,02,75,KZ-75,city,,,,43.6136955,77.1358136,Asia/Almaty,2019-10-05 21:48:36,2025-08-08 13:38:36,1,Q35493
153,Atyrau,112,KZ,06,23,KZ-23,region,,,,47.1076188,51.914133,Asia/Atyrau,2019-10-05 21:48:36,2025-08-08 13:38:36,1,Q427658
154,East Kazakhstan,112,KZ,15,63,KZ-63,region,,,,49.097376,84.7657817,Asia/Almaty,2019-10-05 21:48:36,2025-08-08 13:38:36,1,Q36156
156,Astana,112,KZ,05,71,KZ-71,city,,,,51.1282205,71.4306682,Asia/Almaty,2019-10-05 21:48:36,2025-08-08 13:38:36,1,Q1520
157,Kostanay,112,KZ,13,39,KZ-39,region,,,,52.0615626,62.9372689,Asia/Qostanay,2019-10-05 21:48:36,2025-08-08 13:38:36,1,Q485605
158,Kakamega,113,KE,20,11,KE-11,county,,,,0.2833,34.75,Africa/Nairobi,2019-10-05 21:48:36,2025-08-07 18:18:14,1,Q1721867
159,Kisii,113,KE,25,16,KE-16,county,,,,-0.6694119,34.7677944,Africa/Nairobi,2019-10-05 21:48:36,2025-08-07 18:18:16,1,Q1743730
161,Busia,113,KE,13,04,KE-04,county,,,,0.3712048,34.2647952,Africa/Nairobi,2019-10-05 21:48:36,2025-08-07 18:18:17,1,Q1017519
163,Embu,113,KE,15,06,KE-06,county,,,,-0.5359479,37.6652884,Africa/Nairobi,2019-10-05 21:48:36,2025-08-07 18:18:18,1,Q1335242
164,Laikipia,113,KE,29,20,KE-20,county,,,,0.2858452,36.8257711,Africa/Nairobi,2019-10-05 21:48:36,2025-08-07 18:18:19,1,Q1800699
165,Nandi,113,KE,40,32,KE-32,county,,,,0.2253932,35.1244929,Africa/Nairobi,2019-10-05 21:48:36,2025-08-07 18:18:21,1,Q1964569
166,Lamu,113,KE,30,21,KE-21,county,,,,-2.0645209,40.7280992,Africa/Nairobi,2019-10-05 21:48:36,2025-08-07 18:18:22,1,Q1951652
167,Kirinyaga,113,KE,24,15,KE-15,county,,,,-0.468878,37.3027681,Africa/Nairobi,2019-10-05 21:48:36,2025-08-07 18:18:23,1,Q2230311
168,Bungoma,113,KE,12,03,KE-03,county,,,,0.5695252,34.5583766,Africa/Nairobi,2019-10-05 21:48:36,2025-08-07 18:18:25,1,Q2928204
169,Uasin Gishu,113,KE,52,44,KE-44,county,,,,0.4771938,35.3050597,Africa/Nairobi,2019-10-05 21:48:36,2025-08-07 18:18:26,1,Q1121429
170,Isiolo,113,KE,18,09,KE-09,county,,,,1.0060601,38.7478954,Africa/Nairobi,2019-10-05 21:48:36,2025-08-07 18:18:27,1,Q1499046
171,Kisumu,113,KE,26,17,KE-17,county,,,,-0.1029109,34.7541761,Africa/Nairobi,2019-10-05 21:48:36,2025-08-07 18:18:29,1,Q1743809
173,Kwale,113,KE,28,19,KE-19,county,,,,-4.1836067,39.105095,Africa/Nairobi,2019-10-05 21:48:36,2025-08-07 18:18:30,1,Q952571
174,Kilifi,113,KE,23,14,KE-14,county,,,,-3.6333,39.85,Africa/Nairobi,2019-10-05 21:48:36,2025-08-07 18:18:31,1,Q1741307
175,Narok,113,KE,41,33,KE-33,county,,,,-1.0886931,35.8714916,Africa/Nairobi,2019-10-05 21:48:36,2025-08-07 18:18:32,1,Q1852220
176,Taita–Taveta,113,KE,41,39,KE-39,county,,,,-3.4178355,38.3670676,Africa/Nairobi,2019-10-05 21:48:36,2025-08-07 18:18:34,1,Q7193788
178,Murang'a,113,KE,38,29,KE-29,county,,,,-0.8317087,37.0049216,Africa/Nairobi,2019-10-05 21:48:36,2025-08-07 18:18:35,1,Q1781723
180,Nyeri,113,KE,44,36,KE-36,county,,,,-0.4192962,36.9517005,Africa/Nairobi,2019-10-05 21:48:36,2025-08-07 18:18:36,1,Q749665
181,Baringo,113,KE,10,01,KE-01,county,,,,0.71401,36.0172739,Africa/Nairobi,2019-10-05 21:48:36,2025-08-07 18:18:38,1,Q808201
182,Wajir,113,KE,54,46,KE-46,county,,,,1.7504651,40.0594959,Africa/Nairobi,2019-10-05 21:48:36,2025-08-07 18:18:39,1,Q1852209
183,Trans Nzoia,113,KE,50,42,KE-42,county,,,,1.0454582,34.979044,Africa/Nairobi,2019-10-05 21:48:36,2025-08-07 18:18:40,1,Q1278653
184,Machakos,113,KE,31,22,KE-22,county,,,,-1.5176837,37.2634146,Africa/Nairobi,2019-10-05 21:48:36,2025-08-07 18:18:41,1,Q1882639
185,Tharaka-Nithi,113,KE,49,41,KE-41,county,,,,-0.1937081,37.961405,Africa/Nairobi,2019-10-05 21:48:36,2025-08-07 18:18:43,1,Q2189432
186,Siaya,113,KE,46,38,KE-38,county,,,,-0.0604013,34.200135,Africa/Nairobi,2019-10-05 21:48:36,2025-08-07 18:18:44,1,Q3482913
187,Mandera,113,KE,33,24,KE-24,county,,,,3.2285332,40.7056153,Africa/Nairobi,2019-10-05 21:48:36,2025-08-07 18:18:45,1,Q1477874
188,Makueni,113,KE,32,23,KE-23,county,,,,-2.257093,37.8771715,Africa/Nairobi,2019-10-05 21:48:36,2025-08-07 18:18:47,1,Q473717
190,Migori,113,KE,36,27,KE-27,county,,,,-1.0192237,34.3095427,Africa/Nairobi,2019-10-05 21:48:36,2025-08-07 18:18:48,1,Q429955
191,Nairobi City,113,KE,05,30,KE-30,county,,,,-1.2920659,36.8219462,Africa/Nairobi,2019-10-05 21:48:36,2025-08-07 18:18:49,1,Q3870
192,Nyandarua,113,KE,43,35,KE-35,county,,,,-0.3917064,36.4977397,Africa/Nairobi,2019-10-05 21:48:36,2025-08-07 18:18:51,1,Q1714352
193,Kericho,113,KE,21,12,KE-12,county,,,,-0.3666,35.2833,Africa/Nairobi,2019-10-05 21:48:36,2025-08-07 18:18:52,1,Q1739252
194,Marsabit,113,KE,34,25,KE-25,county,,,,2.3380612,37.991639,Africa/Nairobi,2019-10-05 21:48:36,2025-08-07 18:18:53,1,Q1323683
195,Homa Bay,113,KE,17,08,KE-08,county,,,,-0.5639601,34.3187819,Africa/Nairobi,2019-10-05 21:48:36,2025-08-07 18:18:55,1,Q1625834
196,Garissa,113,KE,16,07,KE-07,county,,,,-0.4532293,39.6460988,Africa/Nairobi,2019-10-05 21:48:36,2025-08-07 18:18:56,1,Q1494292
197,Kajiado,113,KE,19,10,KE-10,county,,,,-2.121717,36.786255,Africa/Nairobi,2019-10-05 21:48:36,2025-08-07 18:18:57,1,Q285072
198,Meru,113,KE,35,26,KE-26,county,,,,0.2254509,37.7772624,Africa/Nairobi,2019-10-05 21:48:36,2025-08-07 18:18:58,1,Q15045704
199,Kiambu,113,KE,22,13,KE-13,county,,,,-1.036395,36.8431312,Africa/Nairobi,2019-10-05 21:48:36,2025-08-07 18:19:00,1,Q2575594
200,Mombasa,113,KE,37,28,KE-28,county,,,,-4.05052,39.667169,Africa/Nairobi,2019-10-05 21:48:36,2025-08-07 18:19:01,1,Q1112885
201,Elgeyo-Marakwet,113,KE,37,05,KE-05,county,,,,0.7422191,35.5618083,Africa/Nairobi,2019-10-05 21:48:36,2025-08-07 18:19:02,1,Q15216433
202,Vihiga,113,KE,53,45,KE-45,county,,,,0.0767553,34.7077665,Africa/Nairobi,2019-10-05 21:48:36,2025-08-07 18:19:04,1,Q1313202
203,Nakuru,113,KE,39,31,KE-31,county,,,,-0.2802724,36.0712048,Africa/Nairobi,2019-10-05 21:48:36,2025-08-07 18:19:05,1,Q1852202
205,Tana River,113,KE,48,40,KE-40,county,,,,-1.5365119,39.5508374,Africa/Nairobi,2019-10-05 21:48:36,2025-08-07 18:19:06,1,Q383150
206,Turkana,113,KE,51,43,KE-43,county,,,,2.7655657,35.5977228,Africa/Nairobi,2019-10-05 21:48:36,2025-08-07 18:19:08,1,Q1633078
207,Samburu,113,KE,45,37,KE-37,county,,,,1.5394463,36.942166,Africa/Nairobi,2019-10-05 21:48:36,2025-08-07 18:19:09,1,Q2096419
208,West Pokot,113,KE,55,47,KE-47,county,,,,1.8798608,35.210613,Africa/Nairobi,2019-10-05 21:48:36,2025-08-07 18:19:10,1,Q590860
209,Nyamira,113,KE,42,34,KE-34,county,,,,-0.6517907,34.934167,Africa/Nairobi,2019-10-05 21:48:36,2025-08-07 18:19:11,1,Q1569613
210,Bomet,113,KE,11,02,KE-02,county,,,,-0.7196054,35.2399625,Africa/Nairobi,2019-10-05 21:48:36,2025-08-07 18:19:13,1,Q891952
211,Kitui,113,KE,27,18,KE-18,county,,,,-1.5642219,38.3728116,Africa/Nairobi,2019-10-05 21:48:36,2025-08-07 18:19:14,1,Q1722597
212,Bié,7,AO,02,BIE,AO-BIE,province,,,,-12.2630485,17.4967812,Africa/Luanda,2019-10-05 21:48:36,2025-08-07 18:19:15,1,Q213977
213,Huambo,7,AO,08,HUA,AO-HUA,province,,,,-12.6076318,15.7411039,Africa/Luanda,2019-10-05 21:48:36,2025-08-07 18:19:17,1,Q218848
214,Zaire,7,AO,16,ZAI,AO-ZAI,province,,,,-6.6925131,13.5293029,Africa/Luanda,2019-10-05 21:48:36,2025-08-07 18:19:18,1,Q196674
215,Cunene,7,AO,07,CNN,AO-CNN,province,,,,-16.5568536,15.7867319,Africa/Luanda,2019-10-05 21:48:36,2025-08-07 18:19:19,1,Q216987
216,Cuanza,7,AO,06,CUS,AO-CUS,province,,,,-10.7707527,15.0975712,Africa/Luanda,2019-10-05 21:48:36,2025-08-07 18:19:20,1,Q216998
217,Cuanza Norte,7,AO,05,CNO,AO-CNO,province,,,,-9.0296752,15.0926324,Africa/Luanda,2019-10-05 21:48:36,2025-08-07 18:19:22,1,Q216834
218,Benguela,7,AO,01,BGU,AO-BGU,province,,,,-12.9104657,14.0356608,Africa/Luanda,2019-10-05 21:48:36,2025-08-07 18:19:23,1,Q212786
219,Moxico,7,AO,14,MOX,AO-MOX,province,,,,-12.7287195,21.2737637,Africa/Luanda,2019-10-05 21:48:36,2025-08-07 18:19:24,1,Q173988
220,Lunda Sul,7,AO,18,LSU,AO-LSU,province,,,,-10.1473779,20.9907756,Africa/Luanda,2019-10-05 21:48:36,2025-08-07 18:19:26,1,Q219648
221,Bengo,7,AO,19,BGO,AO-BGO,province,,,,-8.3196672,13.8656195,Africa/Luanda,2019-10-05 21:48:36,2025-08-07 18:19:27,1,Q191299
222,Luanda,7,AO,20,LUA,AO-LUA,province,,,,-8.8315747,13.24797,Africa/Luanda,2019-10-05 21:48:36,2025-08-07 18:19:28,1,Q190066
223,Lunda Norte,7,AO,17,LNO,AO-LNO,province,,,,-8.5088253,19.7538618,Africa/Luanda,2019-10-05 21:48:36,2025-08-07 18:19:29,1,Q214221
224,Uíge,7,AO,15,UIG,AO-UIG,province,,,,-6.9516802,15.4799164,Africa/Luanda,2019-10-05 21:48:36,2025-08-07 18:19:31,1,Q216972
225,Huíla,7,AO,09,HUI,AO-HUI,province,,,,-14.6957808,15.0976293,Africa/Luanda,2019-10-05 21:48:36,2025-08-07 18:19:32,1,Q214572
226,Cuando Cubango,7,AO,04,CCU,AO-CCU,province,,,,-16.0457694,19.5621532,Africa/Luanda,2019-10-05 21:48:36,2025-08-07 18:19:33,1,Q215268
227,Malanje,7,AO,12,MAL,AO-MAL,province,,,,-9.535332,16.9364293,Africa/Luanda,2019-10-05 21:48:36,2025-08-07 18:19:35,1,Q219072
228,Cabinda,7,AO,03,CAB,AO-CAB,province,,,,-5.056395,12.3211749,Africa/Luanda,2019-10-05 21:48:36,2025-08-07 18:19:36,1,Q168787
229,Gasa ,26,BT,04,GA,BT-GA,district,,,,27.9190875,89.7875318,Asia/Thimphu,2019-10-05 21:48:36,2025-08-07 18:19:37,1,Q578294
230,Tsirang ,26,BT,18,21,BT-21,district,,,,27.0072232,90.1326289,Asia/Thimphu,2019-10-05 21:48:36,2025-08-07 18:19:38,1,Q728922
231,Wangdue Phodrang ,26,BT,19,24,BT-24,district,,,,27.544634,89.955581,Asia/Thimphu,2019-10-05 21:48:36,2025-08-07 18:19:40,1,Q728933
232,Haa ,26,BT,05,13,BT-13,district,,,,27.3596658,89.2357556,Asia/Thimphu,2019-10-05 21:48:36,2025-08-07 18:19:41,1,Q754448
233,Zhemgang ,26,BT,20,34,BT-34,district,,,,27.0821148,90.8408984,Asia/Thimphu,2019-10-05 21:48:36,2025-08-07 18:19:42,1,Q197564
234,Lhuntse ,26,BT,06,44,BT-44,district,,,,27.7287448,91.1363624,Asia/Thimphu,2019-10-05 21:48:36,2025-08-07 18:19:44,1,Q598793
235,Punakha ,26,BT,10,23,BT-23,district,,,,27.5842857,89.8593094,Asia/Thimphu,2019-10-05 21:48:36,2025-08-07 18:19:45,1,Q587062
236,Trashigang ,26,BT,16,41,BT-41,district,,,,27.2843778,91.5742509,Asia/Thimphu,2019-10-05 21:48:36,2025-08-07 18:19:46,1,Q652773
237,Paro ,26,BT,08,11,BT-11,district,,,,27.4285949,89.4166516,Asia/Thimphu,2019-10-05 21:48:36,2025-08-07 18:19:48,1,Q652784
238,Dagana ,26,BT,03,22,BT-22,district,,,,27.0746653,89.8786685,Asia/Thimphu,2019-10-05 21:48:36,2025-08-07 18:19:49,1,Q735146
239,Chukha ,26,BT,02,12,BT-12,district,,,,27.0575803,89.5638178,Asia/Thimphu,2019-10-05 21:48:36,2025-08-07 18:19:50,1,Q652754
240,Bumthang ,26,BT,01,33,BT-33,district,,,,27.7079132,90.7697435,Asia/Thimphu,2019-10-05 21:48:36,2025-08-07 18:19:52,1,Q463242
241,Thimphu ,26,BT,14,15,BT-15,district,,,,27.4712216,89.6339041,Asia/Thimphu,2019-10-05 21:48:36,2025-08-07 18:19:53,1,Q254889
242,Mongar ,26,BT,07,42,BT-42,district,,,,27.2763005,91.237536,Asia/Thimphu,2019-10-05 21:48:36,2025-08-07 18:19:54,1,Q389734
243,Samdrup Jongkhar ,26,BT,11,45,BT-45,district,,,,26.8035682,91.5039207,Asia/Kolkata,2019-10-05 21:48:36,2025-08-07 18:19:55,1,Q728929
244,Pemagatshel ,26,BT,09,43,BT-43,district,,,,27.0030415,91.3677054,Asia/Thimphu,2019-10-05 21:48:36,2025-08-07 18:19:57,1,Q167279
245,Trongsa ,26,BT,17,32,BT-32,district,,,,27.5002269,90.5080634,Asia/Thimphu,2019-10-05 21:48:36,2025-08-07 18:19:58,1,Q728938
246,Samtse ,26,BT,12,14,BT-14,district,,,,27.0352532,89.0147344,Asia/Thimphu,2019-10-05 21:48:36,2025-08-07 18:19:59,1,Q728917
247,Sarpang ,26,BT,13,31,BT-31,district,,,,26.9863897,90.3800673,Asia/Thimphu,2019-10-05 21:48:36,2025-08-07 18:20:01,1,Q728947
248,Tombouctou,134,ML,08,6,ML-6,region,,,,16.7719091,-3.0087272,Africa/Bamako,2019-10-05 21:48:36,2025-08-07 18:20:02,1,Q339462
249,Ségou,134,ML,05,4,ML-4,region,,,,14.0487607,-6.0047091,Africa/Bamako,2019-10-05 21:48:36,2025-08-07 18:20:03,1,Q656845
250,Koulikoro,134,ML,07,2,ML-2,region,,,,13.4820706,-7.6096079,Africa/Bamako,2019-10-05 21:48:36,2025-08-07 18:20:05,1,Q287789
251,Ménaka,134,ML,07,9,ML-9,region,,,,15.9156421,2.396174,Africa/Bamako,2019-10-05 21:48:36,2025-08-07 18:20:06,1,Q3455550
252,Kayes,134,ML,03,1,ML-1,region,,,,13.8001844,-10.2245548,Africa/Bamako,2019-10-05 21:48:36,2025-08-07 18:20:07,1,Q332113
253,Bamako,134,ML,01,BKO,ML-BKO,district,,,,12.649319,-8.000337,Africa/Bamako,2019-10-05 21:48:36,2025-08-07 18:20:09,1,Q3703
254,Sikasso,134,ML,06,3,ML-3,region,,,,11.529684,-6.8663259,Africa/Bamako,2019-10-05 21:48:36,2025-08-07 18:20:10,1,Q461298
255,Mopti,134,ML,04,5,ML-5,region,,,,14.514489,-3.6464581,Africa/Bamako,2019-10-05 21:48:36,2025-08-07 18:20:11,1,Q214155
256,Taoudénit,134,ML,04,10,ML-10,region,,,,20.8582718,-3.39819,Africa/Bamako,2019-10-05 21:48:36,2025-08-07 18:20:12,1,Q2424657
257,Kidal,134,ML,10,8,ML-8,region,,,,18.4408358,1.4075395,Africa/Bamako,2019-10-05 21:48:36,2025-08-07 18:20:14,1,Q338988
258,Gao,134,ML,09,7,ML-7,region,,,,17.00244,-0.0991154,Africa/Bamako,2019-10-05 21:48:36,2025-08-07 18:20:15,1,Q332392
259,Southern,183,RW,15,05,RW-05,province,,,,-2.6272137,29.6063049,Africa/Kigali,2019-10-05 21:48:36,2025-08-07 18:20:16,1,Q853162
260,Western,183,RW,14,04,RW-04,province,,,,-0.7727891,30.0884324,Africa/Kampala,2019-10-05 21:48:36,2025-08-07 18:20:18,1,Q737354
261,Eastern,183,RW,11,02,RW-02,province,,,,-1.7415136,30.5404282,Africa/Kigali,2019-10-05 21:48:36,2025-08-07 18:20:19,1,Q853152
262,Kigali,183,RW,12,01,RW-01,city,,,,-1.950851,30.061507,Africa/Kigali,2019-10-05 21:48:36,2025-08-07 18:20:20,1,Q167196
263,Northern,183,RW,13,03,RW-03,province,,,,-1.5809699,29.9269776,Africa/Kigali,2019-10-05 21:48:36,2025-08-07 18:20:22,1,Q845807
264,Belize,23,BZ,01,BZ,BZ-BZ,district,,,,17.5002768,-88.1988737,America/Belize,2019-10-05 21:48:36,2025-08-07 18:20:23,1,Q506056
265,Stann Creek,23,BZ,05,SC,BZ-SC,district,,,,16.9666599,-88.2247368,America/Belize,2019-10-05 21:48:37,2025-08-07 18:20:24,1,Q502652
266,Corozal,23,BZ,03,CZL,BZ-CZL,district,,,,18.2276324,-88.2921257,America/Belize,2019-10-05 21:48:37,2025-08-07 18:20:25,1,Q512273
267,Toledo,23,BZ,06,TOL,BZ-TOL,district,,,,16.1345572,-88.8219041,America/Belize,2019-10-05 21:48:37,2025-08-07 18:20:27,1,Q506049
268,Orange Walk,23,BZ,04,OW,BZ-OW,district,,,,17.7831833,-88.8620283,America/Belize,2019-10-05 21:48:37,2025-08-07 18:20:28,1,Q506036
269,Cayo,23,BZ,02,CY,BZ-CY,district,,,,17.1582776,-89.0681672,America/Belize,2019-10-05 21:48:37,2025-08-07 18:20:29,1,Q508773
270,Príncipe,193,ST,01,P,ST-P,province,,,,1.6139381,7.4056928,Africa/Sao_Tome,2019-10-05 21:48:37,2025-08-07 18:20:31,1,Q2366966
271,São Tomé,193,ST,02,S,ST-S,province,,,,0.3301924,6.733343,Africa/Sao_Tome,2019-10-05 21:48:37,2025-08-07 18:20:32,1,Q6710363
272,Havana,56,CU,02,03,CU-03,province,,,,23.135305,-82.3589631,America/Havana,2019-10-05 21:48:37,2025-08-07 18:20:33,1,Q12588
273,Santiago de Cuba,56,CU,15,13,CU-13,province,,,,20.1209475,-75.924009,America/Havana,2019-10-05 21:48:37,2025-08-07 18:20:34,1,Q234200
274,Sancti Spíritus,56,CU,14,07,CU-07,province,,,,21.9275667,-79.443211,America/Havana,2019-10-05 21:48:37,2025-08-07 18:20:36,1,Q115441
275,Granma,56,CU,09,12,CU-12,province,,,,20.1947889,-77.2936265,America/Havana,2019-10-05 21:48:37,2025-08-07 18:20:37,1,Q115046
276,Mayabeque,56,CU,MA,16,CU-16,province,,,,22.8254157,-82.0701062,America/Havana,2019-10-05 21:48:37,2025-08-07 18:20:38,1,Q115310
277,Pinar del Río,56,CU,01,01,CU-01,province,,,,22.312447,-83.9389386,America/Havana,2019-10-05 21:48:37,2025-08-07 18:20:40,1,Q115497
278,Isla de la Juventud,56,CU,04,99,CU-99,special municipality,,,,21.6910976,-82.8155856,America/Havana,2019-10-05 21:48:37,2025-08-07 18:20:41,1,Q115027
279,Holguín,56,CU,12,11,CU-11,province,,,,20.9115576,-75.7891978,America/Havana,2019-10-05 21:48:37,2025-08-07 18:20:42,1,Q115302
280,Villa Clara,56,CU,16,05,CU-05,province,,,,22.7036119,-79.6944968,America/Havana,2019-10-05 21:48:37,2025-08-07 18:20:44,1,Q115434
281,Las Tunas,56,CU,13,10,CU-10,province,,,,21.0887045,-76.8121648,America/Havana,2019-10-05 21:48:37,2025-08-07 18:20:45,1,Q115334
282,Ciego de Ávila,56,CU,07,08,CU-08,province,,,,21.8420472,-78.7599682,America/Havana,2019-10-05 21:48:37,2025-08-07 18:20:46,1,Q220692
283,Artemisa,56,CU,AR,15,CU-15,province,,,,22.8272763,-82.9259245,America/Havana,2019-10-05 21:48:37,2025-08-07 18:20:48,1,Q115325
284,Matanzas,56,CU,03,04,CU-04,province,,,,22.4545999,-81.4961585,America/Havana,2019-10-05 21:48:37,2025-08-07 18:20:49,1,Q115438
285,Guantánamo,56,CU,10,14,CU-14,province,,,,20.2106063,-74.6938395,America/Havana,2019-10-05 21:48:37,2025-08-07 18:20:50,1,Q115319
286,Camagüey,56,CU,05,09,CU-09,province,,,,21.3108932,-77.9428695,America/Havana,2019-10-05 21:48:37,2025-08-07 18:20:52,1,Q215147
287,Cienfuegos,56,CU,08,06,CU-06,province,,,,22.1459864,-80.4530775,America/Havana,2019-10-05 21:48:37,2025-08-07 18:20:53,1,Q115444
288,Jigawa,161,NG,39,JI,NG-JI,state,,,,12.3252362,9.5103296,Africa/Lagos,2019-10-05 21:48:37,2025-08-07 18:20:54,1,Q682691
289,Enugu,161,NG,47,EN,NG-EN,state,,,,6.5536094,7.4143061,Africa/Lagos,2019-10-05 21:48:37,2025-08-07 18:20:55,1,Q3817714
290,Kebbi,161,NG,40,KE,NG-KE,state,,,,11.4167574,4.1074545,Africa/Lagos,2019-10-05 21:48:37,2025-08-07 18:20:57,1,Q748523
291,Benue,161,NG,26,BE,NG-BE,state,,,,7.3505747,8.7772877,Africa/Lagos,2019-10-05 21:48:37,2025-08-07 18:20:58,1,Q429908
292,Sokoto,161,NG,51,SO,NG-SO,state,,,,13.0611195,5.3152203,Africa/Lagos,2019-10-05 21:48:37,2025-08-07 18:20:59,1,Q503941
293,Abuja Federal Capital Territory,161,NG,11,FC,NG-FC,capital territory,,,,8.8311228,7.1724673,Africa/Lagos,2019-10-05 21:48:37,2025-08-07 18:21:01,1,Q509300
294,Kaduna,161,NG,23,KD,NG-KD,state,,,,10.3825318,7.8533226,Africa/Lagos,2019-10-05 21:48:37,2025-08-07 18:21:02,1,Q878284
295,Kwara,161,NG,30,KW,NG-KW,state,,,,8.8367891,4.6688487,Africa/Lagos,2019-10-05 21:48:37,2025-08-07 18:21:03,1,Q464953
296,Oyo,161,NG,32,OY,NG-OY,state,,,,8.2151249,3.5642897,Africa/Lagos,2019-10-05 21:48:37,2025-08-07 18:21:05,1,Q503905
297,Yobe,161,NG,44,YO,NG-YO,state,,,,12.1233242,11.5065937,Africa/Lagos,2019-10-05 21:48:37,2025-08-07 18:21:06,1,Q682777
298,Kogi,161,NG,41,KO,NG-KO,state,,,,7.7949602,6.6868669,Africa/Lagos,2019-10-05 21:48:37,2025-08-07 18:21:07,1,Q387745
299,Zamfara,161,NG,57,ZA,NG-ZA,state,,,,12.0078998,6.4191432,Africa/Lagos,2019-10-05 21:48:37,2025-08-07 18:21:08,1,Q145793
300,Kano,161,NG,29,KN,NG-KN,state,,,,11.8948389,8.5364136,Africa/Lagos,2019-10-05 21:48:37,2025-08-07 18:21:10,1,Q682571
301,Nasarawa,161,NG,56,NA,NG-NA,state,,,,8.4387868,8.2382849,Africa/Lagos,2019-10-05 21:48:37,2025-08-07 18:21:11,1,Q836645
302,Plateau,161,NG,49,PL,NG-PL,state,,,,9.0583446,9.6826289,Africa/Lagos,2019-10-05 21:48:37,2025-08-07 18:21:12,1,Q503928
303,Abia,161,NG,45,AB,NG-AB,state,,,,5.4540953,7.5153071,Africa/Lagos,2019-10-05 21:48:37,2025-08-07 18:21:14,1,Q320852
304,Akwa Ibom,161,NG,21,AK,NG-AK,state,,,,4.9906379,7.7966205,Africa/Lagos,2019-10-05 21:48:37,2025-08-07 18:21:15,1,Q424388
305,Bayelsa,161,NG,52,BY,NG-BY,state,,,,4.7629786,6.028898,Africa/Lagos,2019-10-05 21:48:37,2025-08-07 18:21:16,1,Q532153
306,Lagos,161,NG,05,LA,NG-LA,state,,,,6.4550575,3.3941795,Africa/Lagos,2019-10-05 21:48:37,2025-08-07 18:21:18,1,Q815913
307,Borno,161,NG,27,BO,NG-BO,state,,,,12.1875392,13.3080034,Africa/Lagos,2019-10-05 21:48:37,2025-08-07 18:21:19,1,Q130626
308,Imo,161,NG,28,IM,NG-IM,state,,,,5.5859456,7.0669651,Africa/Lagos,2019-10-05 21:48:37,2025-08-07 18:21:20,1,Q842939
309,Ekiti,161,NG,54,EK,NG-EK,state,,,,7.736891,5.2738326,Africa/Lagos,2019-10-05 21:48:37,2025-08-07 18:21:21,1,Q534917
310,Gombe,161,NG,55,GO,NG-GO,state,,,,10.4304018,11.2065408,Africa/Lagos,2019-10-05 21:48:37,2025-08-07 18:21:23,1,Q376241
311,Ebonyi,161,NG,53,EB,NG-EB,state,,,,6.1996918,8.0348906,Africa/Lagos,2019-10-05 21:48:37,2025-08-07 18:21:24,1,Q506808
312,Bauchi,161,NG,46,BA,NG-BA,state,,,,10.6228284,10.0287754,Africa/Lagos,2019-10-05 21:48:37,2025-08-07 18:21:25,1,Q503936
313,Katsina,161,NG,24,KT,NG-KT,state,,,,12.5630825,7.6207063,Africa/Lagos,2019-10-05 21:48:37,2025-08-07 18:21:27,1,Q657821
314,Cross River,161,NG,22,CR,NG-CR,state,,,,5.8671966,8.5204774,Africa/Lagos,2019-10-05 21:48:37,2025-08-07 18:21:28,1,Q739676
315,Anambra,161,NG,25,AN,NG-AN,state,,,,6.2183136,6.9531842,Africa/Lagos,2019-10-05 21:48:37,2025-08-07 18:21:29,1,Q117714
316,Delta,161,NG,36,DE,NG-DE,state,,,,5.5273061,6.1784167,Africa/Lagos,2019-10-05 21:48:37,2025-08-07 18:21:31,1,Q503910
317,Niger,161,NG,31,NI,NG-NI,state,,,,9.9326083,5.6511088,Africa/Lagos,2019-10-05 21:48:37,2025-08-07 18:21:32,1,Q503932
318,Edo,161,NG,37,ED,NG-ED,state,,,,6.6076575,5.9722713,Africa/Lagos,2019-10-05 21:48:37,2025-08-07 18:21:33,1,Q682704
319,Taraba,161,NG,43,TA,NG-TA,state,,,,8.0141334,10.7376336,Africa/Lagos,2019-10-05 21:48:37,2025-08-07 18:21:34,1,Q463959
320,Adamawa,161,NG,35,AD,NG-AD,state,,,,9.5129772,12.3881887,Africa/Lagos,2019-10-05 21:48:37,2025-08-07 18:21:36,1,Q337514
321,Ondo,161,NG,48,ON,NG-ON,state,,,,7.0209686,5.0567477,Africa/Lagos,2019-10-05 21:48:37,2025-08-07 18:21:37,1,Q836654
322,Osun,161,NG,42,OS,NG-OS,state,,,,7.5484047,4.4978307,Africa/Lagos,2019-10-05 21:48:37,2025-08-07 18:21:38,1,Q682721
323,Ogun,161,NG,16,OG,NG-OG,state,,,,6.9788582,3.4389293,Africa/Lagos,2019-10-05 21:48:37,2025-08-07 18:21:40,1,Q836657
324,Rukungiri,229,UG,93,412,UG-412,district,1,370,,-0.697403,29.8917364,Africa/Kampala,2019-10-05 21:48:37,2025-08-07 18:21:41,1,Q289419
325,Kyankwanzi,229,UG,93,123,UG-123,district,1,396,,1.093347,31.6813924,Africa/Kampala,2019-10-05 21:48:37,2025-08-07 18:21:42,1,Q534203
326,Kabarole,229,UG,79,405,UG-405,district,1,370,,0.6212492,30.3525447,Africa/Kampala,2019-10-05 21:48:37,2025-08-07 18:21:44,1,Q1229910
327,Mpigi,229,UG,89,106,UG-106,district,1,396,,0.1273955,32.2527517,Africa/Kampala,2019-10-05 21:48:37,2025-08-07 18:21:45,1,Q1362109
328,Apac,229,UG,26,302,UG-302,district,1,332,,1.9337258,32.5018028,Africa/Kampala,2019-10-05 21:48:37,2025-08-07 18:21:46,1,Q1229750
329,Abim,229,UG,26,314,UG-314,district,1,332,,2.8047503,33.750977,Africa/Kampala,2019-10-05 21:48:37,2025-08-07 18:21:48,1,Q1375780
330,Yumbe,229,UG,97,313,UG-313,district,1,332,,3.4914106,31.2859149,Africa/Kampala,2019-10-05 21:48:37,2025-08-07 18:21:49,1,Q1362587
331,Rukiga,229,UG,97,431,UG-431,district,1,370,,-1.1454807,30.052485,Africa/Kampala,2019-10-05 21:48:37,2025-08-07 18:21:50,1,Q38249615
332,Northern,229,UG,N,N,UG-N,region,,,,2.797198,32.2643949,Africa/Kampala,2019-10-05 21:48:37,2025-08-07 18:21:52,1,Q2559686
333,Serere,229,UG,N,232,UG-232,district,1,372,,1.4916989,33.3568368,Africa/Kampala,2019-10-05 21:48:37,2025-08-07 18:21:53,1,Q1114927
334,Kamuli,229,UG,38,205,UG-205,district,1,372,,0.9422474,33.1263004,Africa/Kampala,2019-10-05 21:48:37,2025-08-07 18:21:54,1,Q164474
335,Amuru,229,UG,38,316,UG-316,district,1,332,,3.1288655,32.1024833,Africa/Kampala,2019-10-05 21:48:37,2025-08-07 18:21:56,1,Q1375771
336,Kaberamaido,229,UG,80,213,UG-213,district,1,372,,1.6879674,33.1174888,Africa/Kampala,2019-10-05 21:48:37,2025-08-07 18:21:57,1,Q1229906
337,Namutumba,229,UG,80,224,UG-224,district,1,372,,0.8869852,33.6653494,Africa/Kampala,2019-10-05 21:48:37,2025-08-07 18:21:58,1,Q1375819
338,Kibuku,229,UG,80,227,UG-227,district,1,372,,1.0573754,33.8056152,Africa/Kampala,2019-10-05 21:48:37,2025-08-07 18:22:00,1,Q1114885
339,Ibanda,229,UG,80,417,UG-417,district,1,370,,-0.0612183,30.491616,Africa/Kampala,2019-10-05 21:48:37,2025-08-07 18:22:01,1,Q1318877
340,Iganga,229,UG,78,203,UG-203,district,1,372,,0.7221911,33.5016935,Africa/Kampala,2019-10-05 21:48:37,2025-08-07 18:22:02,1,Q1229869
341,Dokolo,229,UG,78,317,UG-317,district,1,332,,1.9100822,33.0796335,Africa/Kampala,2019-10-05 21:48:37,2025-08-07 18:22:03,1,Q1318872
342,Lira,229,UG,47,307,UG-307,district,1,332,,2.2456918,32.896244,Africa/Kampala,2019-10-05 21:48:37,2025-08-07 18:22:05,1,Q206519
343,Bukedea,229,UG,47,219,UG-219,district,1,372,,1.3707048,34.1424762,Africa/Kampala,2019-10-05 21:48:37,2025-08-07 18:22:06,1,Q1375812
344,Alebtong,229,UG,47,323,UG-323,district,1,332,,2.2674065,33.3200226,Africa/Kampala,2019-10-05 21:48:37,2025-08-07 18:22:07,1,Q3536082
345,Koboko,229,UG,47,319,UG-319,district,1,332,,3.5351114,30.9848207,Africa/Kampala,2019-10-05 21:48:37,2025-08-07 18:22:09,1,Q1318857
346,Kiryandongo,229,UG,47,421,UG-421,district,1,370,,1.9935799,32.0498179,Africa/Kampala,2019-10-05 21:48:37,2025-08-07 18:22:10,1,Q3539116
347,Kiboga,229,UG,42,103,UG-103,district,1,396,,0.9148518,31.7508958,Africa/Kampala,2019-10-05 21:48:37,2025-08-08 13:20:15,1,Q892064
348,Kitgum,229,UG,84,305,UG-305,district,1,332,,3.4438845,33.4841172,Africa/Kampala,2019-10-05 21:48:37,2025-08-07 18:22:13,1,Q500162
349,Bududa,229,UG,84,218,UG-218,district,1,372,,1.0271813,34.3907845,Africa/Kampala,2019-10-05 21:48:37,2025-08-07 18:22:14,1,Q1365449
350,Mbale,229,UG,87,209,UG-209,district,1,372,,0.9765705,34.2021869,Africa/Kampala,2019-10-05 21:48:37,2025-08-07 18:22:15,1,Q581822
351,Namayingo,229,UG,87,230,UG-230,district,1,372,,-0.2478787,33.8114802,Africa/Kampala,2019-10-05 21:48:37,2025-08-07 18:22:16,1,Q1114915
352,Amuria,229,UG,87,216,UG-216,district,1,372,,1.9819077,33.6574719,Africa/Kampala,2019-10-05 21:48:37,2025-08-07 18:22:18,1,Q1375762
353,Amudat,229,UG,87,324,UG-324,district,1,332,,1.8261958,34.9312698,Africa/Kampala,2019-10-05 21:48:37,2025-08-07 18:22:19,1,Q3536116
354,Masindi,229,UG,50,409,UG-409,district,1,370,,1.6917534,31.7737524,Africa/Kampala,2019-10-05 21:48:37,2025-08-07 18:22:20,1,Q1032238
355,Kiruhura,229,UG,50,419,UG-419,district,1,370,,-0.3250908,30.8734599,Africa/Kampala,2019-10-05 21:48:37,2025-08-07 18:22:22,1,Q1318865
356,Masaka,229,UG,71,105,UG-105,district,1,396,,-0.483142,31.8318895,Africa/Kampala,2019-10-05 21:48:37,2025-08-07 18:22:23,1,Q1032233
357,Pakwach,229,UG,71,332,UG-332,district,1,332,,2.4607141,31.4941738,Africa/Kampala,2019-10-05 21:48:37,2025-08-07 18:22:24,1,Q38249567
358,Rubanda,229,UG,71,429,UG-429,district,1,370,,-1.1732021,29.900338,Africa/Kampala,2019-10-05 21:48:37,2025-08-07 18:22:25,1,Q38249602
359,Tororo,229,UG,76,212,UG-212,district,1,372,,0.7407421,34.1026862,Africa/Kampala,2019-10-05 21:48:37,2025-08-07 18:22:27,1,Q1186541
360,Kamwenge,229,UG,81,413,UG-413,district,1,370,,0.3373317,30.6150555,Africa/Kampala,2019-10-05 21:48:37,2025-08-07 18:22:28,1,Q1318806
361,Adjumani,229,UG,65,301,UG-301,district,1,332,,3.237128,31.7858246,Africa/Kampala,2019-10-05 21:48:37,2025-08-07 18:22:29,1,Q1229734
362,Wakiso,229,UG,96,113,UG-113,district,1,396,,0.3760928,32.4561265,Africa/Kampala,2019-10-05 21:48:37,2025-08-07 18:22:31,1,Q976848
363,Moyo,229,UG,72,309,UG-309,district,1,332,,3.6664665,31.7579511,Africa/Kampala,2019-10-05 21:48:37,2025-08-07 18:22:32,1,Q2183668
364,Mityana,229,UG,72,115,UG-115,district,1,396,,0.4560686,32.0768024,Africa/Kampala,2019-10-05 21:48:37,2025-08-07 18:22:33,1,Q1230005
365,Butaleja,229,UG,72,221,UG-221,district,1,372,,0.8612477,33.8779637,Africa/Kampala,2019-10-05 21:48:37,2025-08-07 18:22:35,1,Q1375755
366,Gomba,229,UG,72,121,UG-121,district,1,396,,0.2042663,31.7291772,Africa/Kampala,2019-10-05 21:48:37,2025-08-07 18:22:36,1,Q3321637
367,Jinja,229,UG,33,204,UG-204,district,1,372,,0.5751567,33.2805299,Africa/Kampala,2019-10-05 21:48:37,2025-08-07 18:22:37,1,Q983748
368,Kayunga,229,UG,83,112,UG-112,district,1,396,,0.9860182,32.8535755,Africa/Kampala,2019-10-05 21:48:37,2025-08-07 18:22:38,1,Q1207391
369,Kween,229,UG,83,228,UG-228,district,1,372,,1.3516649,34.5635807,Africa/Kampala,2019-10-05 21:48:37,2025-08-07 18:22:40,1,Q3321998
370,Western,229,UG,W,W,UG-W,region,,,,-0.3561521,31.550256,Africa/Kampala,2019-10-05 21:48:37,2025-08-07 18:22:41,1,Q2559188
371,Mubende,229,UG,56,107,UG-107,district,1,396,,0.5154279,31.4095476,Africa/Kampala,2019-10-05 21:48:37,2025-08-07 18:22:42,1,Q891962
372,Eastern,229,UG,E,E,UG-E,region,,,,0.42323,33.1712651,Africa/Kampala,2019-10-05 21:48:37,2025-08-07 18:22:44,1,Q2559220
373,Kanungu,229,UG,82,414,UG-414,district,1,370,,-0.7063914,29.7142907,Africa/Kampala,2019-10-05 21:48:37,2025-08-07 18:22:45,1,Q1032245
374,Omoro,229,UG,82,331,UG-331,district,1,332,,2.6443448,32.4975342,Africa/Kampala,2019-10-05 21:48:37,2025-08-07 18:22:46,1,Q38249597
375,Bukomansimbi,229,UG,82,118,UG-118,district,1,396,,-0.1268703,31.6225952,Africa/Kampala,2019-10-05 21:48:37,2025-08-07 18:22:48,1,Q3321599
376,Lyantonde,229,UG,82,114,UG-114,district,1,396,,-0.2595983,31.1836376,Africa/Kampala,2019-10-05 21:48:37,2025-08-07 18:22:49,1,Q1375878
377,Buikwe,229,UG,82,117,UG-117,district,1,396,,0.3405774,33.0107728,Africa/Kampala,2019-10-05 21:48:37,2025-08-08 13:21:15,1,Q3321631
378,Nwoya,229,UG,82,328,UG-328,district,1,332,,2.5276248,31.8700356,Africa/Kampala,2019-10-05 21:48:37,2025-08-07 18:22:52,1,Q3539572
379,Zombo,229,UG,82,330,UG-330,district,1,332,,2.5251164,30.8897323,Africa/Kampala,2019-10-05 21:48:37,2025-08-07 18:22:53,1,Q3539730
380,Buyende,229,UG,82,226,UG-226,district,1,372,,1.235238,33.1703533,Africa/Kampala,2019-10-05 21:48:37,2025-08-07 18:22:54,1,Q1114938
381,Bunyangabu,229,UG,82,430,UG-430,district,1,370,,0.4870918,30.2051096,Africa/Kampala,2019-10-05 21:48:37,2025-08-07 18:22:55,1,Q38249629
382,Kampala,229,UG,37,102,UG-102,city,1,396,,0.3177137,32.5813539,Africa/Kampala,2019-10-05 21:48:37,2025-08-07 18:22:57,1,Q926417
383,Isingiro,229,UG,37,418,UG-418,district,1,370,,-0.8388695,30.9356559,Africa/Kampala,2019-10-05 21:48:37,2025-08-07 18:22:58,1,Q1318887
384,Butambala,229,UG,37,119,UG-119,district,1,396,,0.1642653,32.1352371,Africa/Kampala,2019-10-05 21:48:37,2025-08-07 18:22:59,1,Q3321622
385,Bukwo,229,UG,37,220,UG-220,district,1,372,,1.2549848,34.6924324,Africa/Kampala,2019-10-05 21:48:37,2025-08-07 18:23:01,1,Q1375868
386,Bushenyi,229,UG,29,402,UG-402,district,1,370,,-0.4818132,30.1686851,Africa/Kampala,2019-10-05 21:48:37,2025-08-07 18:23:02,1,Q1229797
387,Bugiri,229,UG,66,201,UG-201,district,1,372,,0.520721,33.7750698,Africa/Kampala,2019-10-05 21:48:37,2025-08-07 18:23:03,1,Q1229798
388,Butebo,229,UG,66,233,UG-233,district,1,372,,1.1923861,33.8904092,Africa/Kampala,2019-10-05 21:48:37,2025-08-07 18:23:04,1,Q44377523
389,Buliisa,229,UG,66,416,UG-416,district,1,370,,1.9228563,31.3917565,Africa/Kampala,2019-10-05 21:48:37,2025-08-07 18:23:06,1,Q1229793
390,Otuke,229,UG,66,329,UG-329,district,1,332,,2.4784334,33.3933563,Africa/Kampala,2019-10-05 21:48:37,2025-08-07 18:23:07,1,Q3539602
391,Buhweju,229,UG,66,420,UG-420,district,1,370,,-0.3203212,30.3162054,Africa/Kampala,2019-10-05 21:48:37,2025-08-07 18:23:08,1,Q3537661
392,Agago,229,UG,66,322,UG-322,district,1,332,,2.9476598,33.3861057,Africa/Kampala,2019-10-05 21:48:37,2025-08-07 18:23:10,1,Q3536053
393,Nakapiripirit,229,UG,91,311,UG-311,district,1,332,,1.8489913,34.6425478,Africa/Kampala,2019-10-05 21:48:37,2025-08-07 18:23:11,1,Q1375853
394,Kalungu,229,UG,91,122,UG-122,district,1,396,,-0.0913131,31.8106465,Africa/Kampala,2019-10-05 21:48:37,2025-08-07 18:23:12,1,Q3321614
395,Moroto,229,UG,88,308,UG-308,district,1,332,,2.6156454,34.6399817,Africa/Kampala,2019-10-05 21:48:37,2025-08-07 18:23:14,1,Q1375850
396,Central,229,UG,C,C,UG-C,region,,,,2.2338712,32.9042139,Africa/Kampala,2019-10-05 21:48:37,2025-08-07 18:23:15,1,Q429685
397,Oyam,229,UG,C,321,UG-321,district,1,332,,2.3489345,32.423386,Africa/Kampala,2019-10-05 21:48:37,2025-08-07 18:23:16,1,Q1318833
398,Kaliro,229,UG,C,222,UG-222,district,1,372,,1.0833677,33.4822171,Africa/Kampala,2019-10-05 21:48:37,2025-08-07 18:23:17,1,Q1375859
399,Kakumiro,229,UG,C,428,UG-428,district,1,370,,0.9624932,31.2903789,Africa/Kampala,2019-10-05 21:48:37,2025-08-07 18:23:19,1,Q38249480
400,Namisindwa,229,UG,C,234,UG-234,district,1,372,,0.8678396,34.3831407,Africa/Kampala,2019-10-05 21:48:37,2025-08-07 18:23:20,1,Q44380663
401,Kole,229,UG,C,325,UG-325,district,1,332,,2.2988158,32.7359522,Africa/Kampala,2019-10-05 21:48:37,2025-08-07 18:23:21,1,Q3539151
402,Kyenjojo,229,UG,85,415,UG-415,district,1,370,,0.6440978,30.6565118,Africa/Kampala,2019-10-05 21:48:37,2025-08-07 18:23:23,1,Q1318815
403,Kagadi,229,UG,85,427,UG-427,district,1,370,,1.0229772,30.8330891,Africa/Kampala,2019-10-05 21:48:37,2025-08-07 18:23:24,1,Q38249484
404,Ntungamo,229,UG,59,411,UG-411,district,1,370,,-0.955093,30.3023928,Africa/Kampala,2019-10-05 21:48:37,2025-08-07 18:23:25,1,Q204642
405,Kalangala,229,UG,36,101,UG-101,district,1,396,,-0.6141908,32.375565,Africa/Kampala,2019-10-05 21:48:37,2025-08-07 18:23:27,1,Q867219
406,Nakasongola,229,UG,73,109,UG-109,district,1,396,,1.3204358,32.4894347,Africa/Kampala,2019-10-05 21:48:37,2025-08-07 18:23:28,1,Q976859
407,Sheema,229,UG,73,426,UG-426,district,1,370,,-0.591872,30.3740417,Africa/Kampala,2019-10-05 21:48:37,2025-08-07 18:23:29,1,Q3539711
408,Pader,229,UG,92,312,UG-312,district,1,332,,2.8876024,32.8962856,Africa/Kampala,2019-10-05 21:48:37,2025-08-07 18:23:31,1,Q1230035
409,Kisoro,229,UG,43,408,UG-408,district,1,370,,-1.1989612,29.6716975,Africa/Kampala,2019-10-05 21:48:37,2025-08-07 18:23:32,1,Q580538
410,Mukono,229,UG,90,108,UG-108,district,1,396,,0.3608991,32.7446599,Africa/Kampala,2019-10-05 21:48:37,2025-08-08 13:20:53,1,Q1151066
411,Lamwo,229,UG,90,326,UG-326,district,1,332,,3.5248125,32.6576273,Africa/Kampala,2019-10-05 21:48:37,2025-08-07 18:23:34,1,Q3539277
412,Pallisa,229,UG,60,210,UG-210,district,1,372,,1.2200724,33.691487,Africa/Kampala,2019-10-05 21:48:37,2025-08-07 18:23:36,1,Q1375843
413,Gulu,229,UG,30,304,UG-304,district,1,332,,2.770239,32.3044273,Africa/Kampala,2019-10-05 21:48:37,2025-08-07 18:23:37,1,Q1028215
414,Buvuma,229,UG,30,120,UG-120,district,1,396,,-0.3113927,33.197806,Africa/Kampala,2019-10-05 21:48:37,2025-08-07 18:23:38,1,Q3321608
415,Mbarara,229,UG,52,410,UG-410,district,1,370,,-0.6071596,30.6545022,Africa/Kampala,2019-10-05 21:48:37,2025-08-07 18:23:39,1,Q1091595
416,Amolatar,229,UG,52,315,UG-315,district,1,332,,1.6374596,32.6328229,Africa/Kampala,2019-10-05 21:48:37,2025-08-07 18:23:41,1,Q1318822
417,Lwengo,229,UG,52,124,UG-124,district,1,396,,-0.4441181,31.3990187,Africa/Kampala,2019-10-05 21:48:37,2025-08-07 18:23:42,1,Q1114954
418,Mayuge,229,UG,86,214,UG-214,district,1,372,,-0.2058293,33.5894376,Africa/Kampala,2019-10-05 21:48:37,2025-08-07 18:23:43,1,Q1364824
419,Bundibugyo,229,UG,28,401,UG-401,district,1,370,,0.6605936,30.0431008,Africa/Kampala,2019-10-05 21:48:37,2025-08-07 18:23:45,1,Q1362129
420,Katakwi,229,UG,69,207,UG-207,district,1,372,,1.973103,34.0641419,Africa/Kampala,2019-10-05 21:48:37,2025-08-07 18:23:46,1,Q1229930
421,Maracha,229,UG,69,320,UG-320,district,1,332,,3.2478417,30.9279148,Africa/Kampala,2019-10-05 21:48:37,2025-08-07 18:23:47,1,Q588927
422,Ntoroko,229,UG,69,424,UG-424,district,1,370,,0.991574,30.3849572,Africa/Kampala,2019-10-05 21:48:37,2025-08-07 18:23:49,1,Q3539547
423,Nakaseke,229,UG,69,116,UG-116,district,1,396,,1.0022373,32.1758087,Africa/Kampala,2019-10-05 21:48:37,2025-08-07 18:23:50,1,Q432438
424,Ngora,229,UG,69,231,UG-231,district,1,372,,1.4988837,33.7729298,Africa/Kampala,2019-10-05 21:48:37,2025-08-07 18:23:51,1,Q1114903
425,Kumi,229,UG,46,208,UG-208,district,1,372,,1.4565401,33.9219127,Africa/Kampala,2019-10-05 21:48:37,2025-08-07 18:23:52,1,Q1151062
426,Kabale,229,UG,34,404,UG-404,district,1,370,,-1.3359667,30.036886,Africa/Kampala,2019-10-05 21:48:37,2025-08-07 18:23:54,1,Q3526470
427,Sembabule,229,UG,74,111,UG-111,district,1,396,,-0.0536792,31.4101459,Africa/Kampala,2019-10-05 21:48:37,2025-08-07 18:23:55,1,Q976883
428,Bulambuli,229,UG,74,225,UG-225,district,1,372,,1.3494989,34.2760949,Africa/Kampala,2019-10-05 21:48:37,2025-08-07 18:23:57,1,Q1114868
429,Sironko,229,UG,94,215,UG-215,district,1,372,,1.1885535,34.2950674,Africa/Kampala,2019-10-05 21:48:37,2025-08-07 18:23:58,1,Q1375835
430,Napak,229,UG,94,327,UG-327,district,1,332,,2.3981727,34.1718785,Africa/Kampala,2019-10-05 21:48:37,2025-08-07 18:23:59,1,Q3539495
431,Busia,229,UG,67,202,UG-202,district,1,372,,0.3917103,34.0160135,Africa/Kampala,2019-10-05 21:48:37,2025-08-07 18:24:01,1,Q1229800
432,Kapchorwa,229,UG,39,206,UG-206,district,1,372,,1.3350205,34.3976356,Africa/Kampala,2019-10-05 21:48:37,2025-08-07 18:24:02,1,Q1229921
433,Luwero,229,UG,70,104,UG-104,district,1,396,,0.8409356,32.4935273,Africa/Kampala,2019-10-05 21:48:37,2025-08-07 18:24:03,1,Q1364817
434,Kaabong,229,UG,70,318,UG-318,district,1,332,,3.6582061,34.2111234,Africa/Kampala,2019-10-05 21:48:37,2025-08-07 18:24:05,1,Q1229881
435,Mitooma,229,UG,70,423,UG-423,district,1,370,,-0.6059464,30.0077345,Africa/Kampala,2019-10-05 21:48:37,2025-08-07 18:24:06,1,Q3539414
436,Kibaale,229,UG,41,407,UG-407,district,1,370,,0.790833,31.063333,Africa/Kampala,2019-10-05 21:48:37,2025-08-07 18:24:07,1,Q604966
437,Kyegegwa,229,UG,41,422,UG-422,district,1,370,,0.4822132,31.0002048,Africa/Kampala,2019-10-05 21:48:37,2025-08-07 18:24:08,1,Q3539256
438,Manafwa,229,UG,41,223,UG-223,district,1,372,,0.8813468,34.2695507,Africa/Kampala,2019-10-05 21:48:37,2025-08-07 18:24:10,1,Q1375789
439,Rakai,229,UG,61,110,UG-110,district,1,396,,-0.7264163,31.3400835,Africa/Kampala,2019-10-05 21:48:37,2025-08-07 18:24:11,1,Q976873
440,Kasese,229,UG,40,406,UG-406,district,1,370,,0.1310412,30.0047968,Africa/Kampala,2019-10-05 21:48:37,2025-08-07 18:24:12,1,Q1229919
441,Budaka,229,UG,40,217,UG-217,district,1,372,,1.065819,34.0208931,Africa/Kampala,2019-10-05 21:48:37,2025-08-07 18:24:14,1,Q1362085
442,Rubirizi,229,UG,40,425,UG-425,district,1,370,,-0.2557913,29.9365,Africa/Kampala,2019-10-05 21:48:37,2025-08-07 18:24:15,1,Q3539648
443,Kotido,229,UG,45,306,UG-306,district,1,332,,2.9951839,34.0342128,Africa/Kampala,2019-10-05 21:48:37,2025-08-07 18:24:16,1,Q1318843
444,Soroti,229,UG,95,211,UG-211,district,1,372,,1.7879059,33.5007314,Africa/Kampala,2019-10-05 21:48:37,2025-08-07 18:24:18,1,Q1091337
445,Luuka,229,UG,95,229,UG-229,district,1,372,,0.8199341,33.3268941,Africa/Kampala,2019-10-05 21:48:37,2025-08-07 18:24:19,1,Q1114977
446,Nebbi,229,UG,58,310,UG-310,district,1,332,,2.4329406,31.1619888,Africa/Kampala,2019-10-05 21:48:37,2025-08-07 18:24:20,1,Q1375825
447,Arua,229,UG,77,303,UG-303,district,1,332,,3.0014096,31.0093527,Africa/Kampala,2019-10-05 21:48:37,2025-08-07 18:24:22,1,Q1229758
448,Kyotera,229,UG,77,125,UG-125,district,1,396,,-0.7144702,31.6222137,Africa/Kampala,2019-10-05 21:48:37,2025-08-07 18:24:23,1,Q38249546
449,Schellenberg,125,LI,08,08,LI-08,commune,,,,47.230966,9.5467843,Europe/Vaduz,2019-10-05 21:48:37,2025-08-07 18:24:24,1,Q49655
450,Schaan,125,LI,07,07,LI-07,commune,,,,47.1663397,9.510312,Europe/Vaduz,2019-10-05 21:48:37,2025-08-07 18:24:26,1,Q49657
451,Eschen,125,LI,02,02,LI-02,commune,,,,47.2126274,9.5233202,Europe/Vaduz,2019-10-05 21:48:37,2025-08-07 18:24:27,1,Q4540
452,Vaduz,125,LI,11,11,LI-11,commune,,,,47.1410303,9.5209277,Europe/Vaduz,2019-10-05 21:48:37,2025-08-07 18:24:28,1,Q1844
453,Ruggell,125,LI,06,06,LI-06,commune,,,,47.2397575,9.5262871,Europe/Vaduz,2019-10-05 21:48:37,2025-08-07 18:24:29,1,Q49659
454,Planken,125,LI,05,05,LI-05,commune,,,,47.1858848,9.5452211,Europe/Vaduz,2019-10-05 21:48:37,2025-08-07 18:24:31,1,Q49660
455,Mauren,125,LI,04,04,LI-04,commune,,,,47.2189285,9.541735,Europe/Vaduz,2019-10-05 21:48:37,2025-08-07 18:24:32,1,Q49661
456,Triesenberg,125,LI,10,10,LI-10,commune,,,,47.1186181,9.5433663,Europe/Vaduz,2019-10-05 21:48:37,2025-08-07 18:24:33,1,Q49651
457,Gamprin,125,LI,03,03,LI-03,commune,,,,47.213249,9.5025195,Europe/Vaduz,2019-10-05 21:48:37,2025-08-07 18:24:35,1,Q49662
458,Balzers,125,LI,01,01,LI-01,commune,,,,47.0688822,9.506159,Europe/Vaduz,2019-10-05 21:48:37,2025-08-07 18:24:36,1,Q49663
459,Triesen,125,LI,09,09,LI-09,commune,,,,47.1097988,9.5248296,Europe/Vaduz,2019-10-05 21:48:37,2025-08-07 18:24:38,1,Q49654
460,Brčko,28,BA,BRC,BRC,BA-BRC,district,,,,44.8771222,18.8095022,Europe/Sarajevo,2019-10-05 21:48:37,2025-08-07 18:24:39,1,Q194483
461,Tuzla,28,BA,BRC,03,BA-03,canton,,,,44.5391105,18.675193,Europe/Sarajevo,2019-10-05 21:48:37,2025-08-07 18:24:40,1,Q18250
462,Central Bosnia,28,BA,BRC,06,BA-06,canton,,,,44.1276149,17.6005226,Europe/Sarajevo,2019-10-05 21:48:37,2025-08-07 18:24:41,1,Q18262
463,Herzegovina-Neretva,28,BA,BRC,07,BA-07,canton,,,,43.2454799,17.7913282,Europe/Sarajevo,2019-10-05 21:48:37,2025-08-07 18:24:43,1,Q18273
464,Posavina,28,BA,BRC,02,BA-02,canton,,,,45.0662926,18.3360958,Europe/Sarajevo,2019-10-05 21:48:37,2025-08-07 18:24:44,1,Q18249
465,Una-Sana,28,BA,BRC,01,BA-01,canton,,,,44.7410071,16.3510865,Europe/Sarajevo,2019-10-05 21:48:37,2025-08-07 18:24:45,1,Q18248
466,Sarajevo,28,BA,BRC,09,BA-09,canton,,,,43.8570713,18.4126147,Europe/Sarajevo,2019-10-05 21:48:37,2025-08-07 18:24:47,1,Q18276
467,Federation of Bosnia and Herzegovina,28,BA,01,BIH,BA-BIH,entity,,,,43.916741,17.5482072,Europe/Sarajevo,2019-10-05 21:48:37,2025-08-07 18:24:48,1,Q11198
468,Zenica-Doboj,28,BA,01,04,BA-04,canton,,,,44.3162133,18.1666933,Europe/Sarajevo,2019-10-05 21:48:37,2025-08-07 18:24:49,1,Q18253
469,West Herzegovina,28,BA,01,08,BA-08,canton,,,,43.3756889,17.4749363,Europe/Sarajevo,2019-10-05 21:48:37,2025-08-07 18:24:51,1,Q18275
470,Republika Srpska,28,BA,02,SRP,BA-SRP,entity,,,,44.6696196,17.3659025,Europe/Sarajevo,2019-10-05 21:48:37,2025-08-07 18:24:52,1,Q11196
471,Canton 10,28,BA,02,10,BA-10,canton,,,,44.0176787,16.9102676,Europe/Sarajevo,2019-10-05 21:48:37,2025-08-07 18:24:53,1,Q18277
472,Bosnian Podrinje,28,BA,02,05,BA-05,canton,,,,43.6708948,18.8192336,Europe/Sarajevo,2019-10-05 21:48:37,2025-08-07 18:24:55,1,Q18256
473,Dakar,195,SN,01,DK,SN-DK,region,,,,14.693425,-17.447938,Africa/Dakar,2019-10-05 21:48:37,2025-08-07 18:24:56,1,Q856268
474,Kolda,195,SN,11,KD,SN-KD,region,,,,12.8921154,-14.9400971,Africa/Dakar,2019-10-05 21:48:37,2025-08-07 18:24:57,1,Q738081
475,Kaffrine,195,SN,16,KA,SN-KA,region,,,,14.105202,-15.5415755,Africa/Dakar,2019-10-05 21:48:37,2025-08-07 18:24:59,1,Q1059694
476,Matam,195,SN,15,MT,SN-MT,region,,,,15.6600225,-13.2576906,Africa/Dakar,2019-10-05 21:48:37,2025-08-07 18:25:00,1,Q856275
477,Saint-Louis,195,SN,14,SL,SN-SL,region,,,,16.0280445,-16.5048686,Africa/Dakar,2019-10-05 21:48:37,2025-08-07 18:25:01,1,Q178872
478,Ziguinchor,195,SN,12,ZG,SN-ZG,region,,,,12.5641479,-16.2639825,Africa/Dakar,2019-10-05 21:48:37,2025-08-07 18:25:02,1,Q822692
479,Fatick,195,SN,09,FK,SN-FK,region,,,,14.3390167,-16.4111425,Africa/Dakar,2019-10-05 21:48:37,2025-08-07 18:25:04,1,Q856282
480,Diourbel Region,195,SN,03,DB,SN-DB,region,,,,14.7844539,-16.0316451,Africa/Dakar,2019-10-05 21:48:37,2025-08-07 18:25:05,1,Q856261
481,Kédougou,195,SN,17,KE,SN-KE,region,,,,12.5570752,-12.1855655,Africa/Dakar,2019-10-05 21:48:37,2025-08-07 18:25:06,1,Q1046666
482,Sédhiou,195,SN,18,SE,SN-SE,region,,,,12.704604,-15.5562304,Africa/Dakar,2019-10-05 21:48:37,2025-08-07 18:25:08,1,Q589848
483,Kaolack,195,SN,10,KL,SN-KL,region,,,,14.138815,-16.076391,Africa/Dakar,2019-10-05 21:48:37,2025-08-07 18:25:09,1,Q847671
484,Thiès Region,195,SN,07,TH,SN-TH,region,,,,14.7538661,-16.8637823,Africa/Dakar,2019-10-05 21:48:37,2025-08-07 18:25:10,1,Q847682
485,Louga,195,SN,13,LG,SN-LG,region,,,,15.6141768,-16.22868,Africa/Dakar,2019-10-05 21:48:37,2025-08-07 18:25:11,1,Q738061
486,Tambacounda Region,195,SN,05,TC,SN-TC,region,,,,13.8686324,-13.3190328,Africa/Dakar,2019-10-05 21:48:37,2025-08-07 18:25:13,1,Q848554
487,Encamp,6,AD,03,03,AD-03,parish,,,,42.5359764,1.5836773,Europe/Andorra,2019-10-05 21:48:37,2025-08-06 21:11:26,1,Q24269
488,Andorra la Vella,6,AD,07,07,AD-07,parish,,,,42.5063174,1.5218355,Europe/Andorra,2019-10-05 21:48:37,2025-08-06 21:11:25,1,Q2522163
489,Canillo,6,AD,02,02,AD-02,parish,,,,42.5868092,1.6574431,Europe/Andorra,2019-10-05 21:48:37,2025-08-07 17:42:31,1,Q24260
490,Sant Julià de Lòria,6,AD,06,06,AD-06,parish,,,,42.4668541,1.4923277,Europe/Andorra,2019-10-05 21:48:37,2025-08-07 17:42:31,1,Q24282
491,Ordino,6,AD,05,05,AD-05,parish,,,,42.5994433,1.5402327,Europe/Andorra,2019-10-05 21:48:37,2025-08-06 21:11:28,1,Q24272
492,Escaldes-Engordany,6,AD,08,08,AD-08,parish,,,,42.486196,1.6037711,Europe/Andorra,2019-10-05 21:48:37,2025-08-07 17:42:31,1,Q24286
493,La Massana,6,AD,04,04,AD-04,parish,,,,42.545625,1.5147392,Europe/Andorra,2019-10-05 21:48:37,2025-08-06 21:11:28,1,Q24276
494,Mont Buxton,197,SC,17,17,SC-17,district,,,,-4.6166667,55.4457768,Indian/Mahe,2019-10-05 21:48:37,2025-08-07 18:25:14,1,Q3241682
495,La Digue,197,SC,25,15,SC-15,district,,,,-4.356222,55.8306895,Indian/Mahe,2019-10-05 21:48:37,2025-08-07 18:25:15,1,Q581154
496,Saint Louis,197,SC,22,22,SC-22,district,,,,-4.6223,55.4390618,Indian/Mahe,2019-10-05 21:48:37,2025-08-07 18:25:17,1,Q2278695
497,Baie Lazare,197,SC,06,06,SC-06,district,,,,-4.7482525,55.4859363,Indian/Mahe,2019-10-05 21:48:37,2025-08-07 18:25:18,1,Q2494551
498,Mont Fleuri,197,SC,18,18,SC-18,district,,,,-4.6363172,55.4645941,Indian/Mahe,2019-10-05 21:48:37,2025-08-07 18:25:19,1,Q1945413
499,Les Mamelles,197,SC,29,24,SC-24,district,,,,-4.6570449,55.4811608,Indian/Mahe,2019-10-05 21:48:37,2025-08-07 18:25:21,1,Q2280357
500,Grand'Anse Mahé,197,SC,24,13,SC-13,district,,,,-4.6750171,55.4505286,Indian/Mahe,2019-10-05 21:48:37,2025-08-07 18:25:22,1,Q3241690
501,Roche Caiman,197,SC,30,25,SC-25,district,,,,-4.6493085,55.4831656,Indian/Mahe,2019-10-05 21:48:37,2025-08-07 18:25:23,1,Q2718315
502,Anse Royale,197,SC,05,05,SC-05,district,,,,-4.7376121,55.5176065,Indian/Mahe,2019-10-05 21:48:37,2025-08-07 18:25:24,1,Q3241674
503,Glacis,197,SC,12,12,SC-12,district,,,,-4.583654,55.4345526,Indian/Mahe,2019-10-05 21:48:37,2025-08-07 18:25:26,1,Q3241696
504,Grand'Anse Praslin,197,SC,14,14,SC-14,district,,,,-4.3269702,55.7177343,Indian/Mahe,2019-10-05 21:48:38,2025-08-07 18:25:27,1,Q1231388
505,Bel Ombre,197,SC,10,10,SC-10,district,,,,-4.6193716,55.4112979,Indian/Mahe,2019-10-05 21:48:38,2025-08-07 18:25:28,1,Q3245439
506,Anse-aux-Pins,197,SC,01,01,SC-01,district,,,,-4.6900443,55.5150289,Indian/Mahe,2019-10-05 21:48:38,2025-08-07 18:25:30,1,Q569458
507,Port Glaud,197,SC,27,21,SC-21,district,,,,-4.66406,55.4177606,Indian/Mahe,2019-10-05 21:48:38,2025-08-07 18:25:31,1,Q1808165
508,Au Cap,197,SC,28,04,SC-04,district,,,,-4.7059723,55.5081012,Indian/Mahe,2019-10-05 21:48:38,2025-08-07 18:25:32,1,Q2667004
509,Takamaka,197,SC,23,23,SC-23,district,,,,-4.3250885,55.7312042,Indian/Mahe,2019-10-05 21:48:38,2025-08-07 18:25:34,1,Q2287379
510,Pointe La Rue,197,SC,20,20,SC-20,district,,,,-4.680489,55.5191857,Indian/Mahe,2019-10-05 21:48:38,2025-08-07 18:25:35,1,Q2877260
511,Plaisance,197,SC,19,19,SC-19,district,,,,-4.65391,55.4680175,Indian/Mahe,2019-10-05 21:48:38,2025-08-07 18:25:36,1,Q2199897
512,Beau Vallon,197,SC,08,08,SC-08,district,,,,-4.6210967,55.4277802,Indian/Mahe,2019-10-05 21:48:38,2025-08-07 18:25:37,1,Q7479348
513,Anse Boileau,197,SC,02,02,SC-02,district,,,,-4.7047268,55.4859363,Indian/Mahe,2019-10-05 21:48:38,2025-08-07 18:25:39,1,Q569453
514,Baie Sainte Anne,197,SC,07,07,SC-07,district,,,,-4.3411172,55.7564233,Indian/Mahe,2019-10-05 21:48:38,2025-08-07 18:25:40,1,Q803716
515,Bel Air,197,SC,09,09,SC-09,district,,,,-4.6416206,55.4518668,Indian/Mahe,2019-10-05 21:48:38,2025-08-07 18:25:41,1,Q815077
516,La Rivière Anglaise,197,SC,26,16,SC-16,district,,,,-4.6156909,55.451153,Indian/Mahe,2019-10-05 21:48:38,2025-08-07 18:25:43,1,Q1819963
517,Cascade,197,SC,11,11,SC-11,district,,,,-4.6691243,55.4972693,Indian/Mahe,2019-10-05 21:48:38,2025-08-07 18:25:44,1,Q1928685
518,Shaki,16,AZ,48,SA,AZ-SA,municipality,,,,41.2033609,47.1802623,Asia/Baku,2019-10-05 21:48:38,2025-08-07 18:25:45,1,Q234783
519,Tartar,16,AZ,57,TAR,AZ-TAR,district,,,,40.3443875,46.9376519,Asia/Baku,2019-10-05 21:48:38,2025-08-07 18:25:47,1,Q477168
520,Shirvan,16,AZ,07,SR,AZ-SR,municipality,,,,39.9296573,48.9342657,Asia/Baku,2019-10-05 21:48:38,2025-08-07 18:25:48,1,Q241116
521,Qazakh,16,AZ,40,QAZ,AZ-QAZ,district,,,,41.1707366,45.2528833,Asia/Baku,2019-10-05 21:48:38,2025-08-07 18:25:49,1,Q389381
522,Sadarak,16,AZ,40,SAD,AZ-SAD,district,,,,39.6727407,44.9138739,Asia/Baku,2019-10-05 21:48:38,2025-08-07 18:25:50,1,Q641468
523,Yevlakh,16,AZ,67,YEV,AZ-YEV,district,,,,40.6115136,47.1466686,Asia/Baku,2019-10-05 21:48:38,2025-08-07 18:25:52,1,Q458524
524,Khojali,16,AZ,64,XCI,AZ-XCI,district,,,,38.7584727,48.8564302,Asia/Baku,2019-10-05 21:48:38,2025-08-07 18:25:53,1,Q330790
525,Kalbajar,16,AZ,26,KAL,AZ-KAL,district,,,,40.1024329,46.0364872,Asia/Baku,2019-10-05 21:48:38,2025-08-07 18:25:54,1,Q457513
526,Qakh,16,AZ,39,QAX,AZ-QAX,district,,,,41.4185515,46.9192097,Asia/Baku,2019-10-05 21:48:38,2025-08-07 18:25:56,1,Q330796
527,Fizuli,16,AZ,18,FUZ,AZ-FUZ,district,,,,39.5835675,47.3806998,Asia/Baku,2019-10-05 21:48:38,2025-08-07 18:25:57,1,Q331687
528,Astara,16,AZ,08,AST,AZ-AST,district,,,,38.5155977,48.8283223,Asia/Baku,2019-10-05 21:48:38,2025-08-07 18:25:58,1,Q269680
529,Shamakhi,16,AZ,50,SMI,AZ-SMI,district,,,,40.6318731,48.6363801,Asia/Baku,2019-10-05 21:48:38,2025-08-07 19:06:44,1,Q330839
530,Neftchala,16,AZ,36,NEF,AZ-NEF,district,,,,39.3790532,49.248607,Asia/Baku,2019-10-05 21:48:38,2025-08-07 19:06:46,1,Q688633
531,Goychay,16,AZ,22,GOY,AZ-GOY,district,,,,40.6494415,47.7412208,Asia/Baku,2019-10-05 21:48:38,2025-08-07 19:06:48,1,Q477163
532,Bilasuvar,16,AZ,13,BIL,AZ-BIL,district,,,,39.4598833,48.5509813,Asia/Baku,2019-10-05 21:48:38,2025-08-07 19:06:50,1,Q330834
533,Tovuz,16,AZ,58,TOV,AZ-TOV,district,,,,40.9954523,45.6165907,Asia/Baku,2019-10-05 21:48:38,2025-08-07 19:06:51,1,Q388980
534,Ordubad,16,AZ,58,ORD,AZ-ORD,district,,,,38.9021622,46.0237625,Asia/Baku,2019-10-05 21:48:38,2025-08-07 19:06:53,1,Q512623
535,Sharur,16,AZ,58,SAR,AZ-SAR,district,,,,39.5536332,44.984568,Asia/Baku,2019-10-05 21:48:38,2025-08-07 19:06:55,1,Q390820
536,Samukh,16,AZ,52,SMX,AZ-SMX,district,,,,40.7604631,46.4063181,Asia/Baku,2019-10-05 21:48:38,2025-08-07 19:06:57,1,Q498437
537,Khizi,16,AZ,63,XIZ,AZ-XIZ,district,,,,40.9109489,49.0729264,Asia/Baku,2019-10-05 21:48:38,2025-08-07 19:06:58,1,Q476708
538,Yevlakh,16,AZ,68,YE,AZ-YE,municipality,,,,40.6115136,47.1466686,Asia/Baku,2019-10-05 21:48:38,2025-08-07 19:07:00,1,Q175459
539,Ujar,16,AZ,59,UCA,AZ-UCA,district,,,,40.5185386,47.6487809,Asia/Baku,2019-10-05 21:48:38,2025-08-07 19:07:02,1,Q476703
540,Absheron,16,AZ,01,ABS,AZ-ABS,district,,,,40.3361899,49.2093,Asia/Baku,2019-10-05 21:48:38,2025-08-07 19:07:04,1,Q179538
541,Lachin,16,AZ,28,LAC,AZ-LAC,district,,,,39.6383414,46.5460853,Asia/Baku,2019-10-05 21:48:38,2025-08-07 19:07:06,1,Q301832
542,Qabala,16,AZ,38,QAB,AZ-QAB,district,,,,40.9436064,47.8213377,Asia/Baku,2019-10-05 21:48:38,2025-08-07 19:07:07,1,Q593872
543,Agstafa,16,AZ,05,AGA,AZ-AGA,district,,,,41.1980651,45.5280953,Asia/Baku,2019-10-05 21:48:38,2025-08-07 19:07:09,1,Q275744
544,Imishli,16,AZ,24,IMI,AZ-IMI,district,,,,39.8694686,48.0665218,Asia/Baku,2019-10-05 21:48:38,2025-08-07 19:07:10,1,Q343908
545,Salyan,16,AZ,49,SAL,AZ-SAL,district,,,,39.6524101,49.1084381,Asia/Baku,2019-10-05 21:48:38,2025-08-07 19:07:12,1,Q457485
546,Lerik,16,AZ,31,LER,AZ-LER,district,,,,38.7736192,48.4151483,Asia/Baku,2019-10-05 21:48:38,2025-08-07 19:07:13,1,Q688626
547,Agsu,16,AZ,06,AGU,AZ-AGU,district,,,,40.5583,48.352971,Asia/Baku,2019-10-05 21:48:38,2025-08-07 19:07:15,1,Q330800
548,Qubadli,16,AZ,43,QBI,AZ-QBI,district,,,,39.3335958,46.63354,Asia/Baku,2019-10-05 21:48:38,2025-08-07 19:07:17,1,Q644048
549,Kurdamir,16,AZ,27,KUR,AZ-KUR,district,,,,40.3455247,48.1488951,Asia/Baku,2019-10-05 21:48:38,2025-08-07 19:07:19,1,Q688589
550,Yardymli,16,AZ,66,YAR,AZ-YAR,district,,,,38.9028993,48.2132983,Asia/Baku,2019-10-05 21:48:38,2025-08-07 19:07:20,1,Q127255
551,Goranboy,16,AZ,21,GOR,AZ-GOR,district,,,,40.6035723,46.7073906,Asia/Baku,2019-10-05 21:48:38,2025-08-07 19:07:22,1,Q330843
552,Baku,16,AZ,09,BA,AZ-BA,municipality,,,,40.3755885,49.8328009,Asia/Baku,2019-10-05 21:48:38,2025-08-07 19:07:24,1,Q9248
553,Agdash,16,AZ,04,AGS,AZ-AGS,district,,,,40.1672967,46.0857252,Asia/Baku,2019-10-05 21:48:38,2025-08-07 19:07:25,1,Q275784
554,Beylagan,16,AZ,12,BEY,AZ-BEY,district,,,,39.7723073,47.6154166,Asia/Baku,2019-10-05 21:48:38,2025-08-07 19:07:27,1,Q330807
555,Masally,16,AZ,32,MAS,AZ-MAS,district,,,,39.0322111,48.6721093,Asia/Baku,2019-10-05 21:48:38,2025-08-07 19:07:29,1,Q476695
556,Oghuz,16,AZ,37,OGU,AZ-OGU,district,,,,41.0727924,47.4650672,Asia/Baku,2019-10-05 21:48:38,2025-08-07 19:07:30,1,Q643989
557,Saatly,16,AZ,45,SAT,AZ-SAT,district,,,,39.9376009,48.3689097,Asia/Baku,2019-10-05 21:48:38,2025-08-07 19:07:32,1,Q601105
558,Lankaran,16,AZ,29,LA,AZ-LA,district,,,,38.7618973,48.8437784,Asia/Baku,2019-10-05 21:48:38,2025-08-07 19:07:34,1,Q269986
559,Agdam,16,AZ,03,AGM,AZ-AGM,district,,,,39.9928215,46.9324013,Asia/Baku,2019-10-05 21:48:38,2025-08-07 19:07:36,1,Q201647
560,Balakan,16,AZ,10,BAL,AZ-BAL,district,,,,41.7319369,46.4001881,Asia/Baku,2019-10-05 21:48:38,2025-08-07 19:07:37,1,Q330850
561,Dashkasan,16,AZ,16,DAS,AZ-DAS,district,,,,40.475196,46.0150705,Asia/Baku,2019-10-05 21:48:38,2025-08-07 19:07:39,1,Q457494
562,Nakhchivan,16,AZ,35,NX,AZ-NX,autonomous republic,,,,39.217497,45.4069671,Asia/Baku,2019-10-05 21:48:38,2025-08-07 19:07:41,1,Q131083
563,Quba,16,AZ,42,QBA,AZ-QBA,district,,,,41.1880893,48.3721452,Asia/Baku,2019-10-05 21:48:38,2025-08-07 19:07:43,1,Q457499
564,Ismailli,16,AZ,25,ISM,AZ-ISM,district,,,,40.788056,48.1485653,Asia/Baku,2019-10-05 21:48:38,2025-08-07 19:07:44,1,Q344252
565,Sabirabad,16,AZ,46,SAB,AZ-SAB,district,,,,40.008006,48.475032,Asia/Baku,2019-10-05 21:48:38,2025-08-07 19:07:46,1,Q382132
566,Zaqatala,16,AZ,70,ZAQ,AZ-ZAQ,district,,,,41.6180321,46.7595126,Asia/Baku,2019-10-05 21:48:38,2025-08-07 19:07:48,1,Q147553
567,Kangarli,16,AZ,70,KAN,AZ-KAN,district,,,,39.3632216,45.2098308,Asia/Baku,2019-10-05 21:48:38,2025-08-07 19:07:50,1,Q734030
568,Martuni,16,AZ,65,XVD,AZ-XVD,district,,,,39.8184389,46.7480867,Asia/Baku,2019-10-05 21:48:38,2025-08-07 19:07:51,1,Q330813
569,Barda,16,AZ,11,BAR,AZ-BAR,district,,,,40.3812457,47.1246287,Asia/Baku,2019-10-05 21:48:38,2025-08-07 19:07:53,1,Q330857
570,Jabrayil,16,AZ,14,CAB,AZ-CAB,district,,,,39.3188061,46.9785547,Asia/Baku,2019-10-05 21:48:38,2025-08-07 19:07:55,1,Q457491
571,Hajigabul,16,AZ,23,HAC,AZ-HAC,district,,,,40.0286557,48.9350797,Asia/Baku,2019-10-05 21:48:38,2025-08-07 19:07:57,1,Q476690
572,Julfa,16,AZ,23,CUL,AZ-CUL,district,,,,39.141142,45.6949712,Asia/Baku,2019-10-05 21:48:38,2025-08-07 19:07:58,1,Q644035
573,Gobustan,16,AZ,41,QOB,AZ-QOB,district,,,,40.5326044,48.9941676,Asia/Baku,2019-10-05 21:48:38,2025-08-07 19:08:00,1,Q457508
574,Goygol,16,AZ,62,GYG,AZ-GYG,district,,,,40.588004,46.321095,Asia/Baku,2019-10-05 21:48:38,2025-08-07 19:08:02,1,Q388087
575,Babek,16,AZ,62,BAB,AZ-BAB,district,,,,39.1507613,45.4485368,Asia/Baku,2019-10-05 21:48:38,2025-08-07 19:08:04,1,Q643895
576,Zardab,16,AZ,71,ZAR,AZ-ZAR,district,,,,40.2148114,47.714944,Asia/Baku,2019-10-05 21:48:38,2025-08-07 19:08:05,1,Q249293
577,Aghjabadi,16,AZ,02,AGC,AZ-AGC,district,,,,40.050544,47.4607462,Asia/Baku,2019-10-05 21:48:38,2025-08-07 19:08:07,1,Q330818
578,Jalilabad,16,AZ,15,CAL,AZ-CAL,district,,,,39.2051632,48.5100604,Asia/Baku,2019-10-05 21:48:38,2025-08-07 19:08:09,1,Q372795
579,Shahbuz,16,AZ,15,SAH,AZ-SAH,district,,,,39.4385817,45.6071333,Asia/Baku,2019-10-05 21:48:38,2025-08-07 19:08:39,1,Q388081
580,Mingachevir,16,AZ,33,MI,AZ-MI,municipality,,,,40.7702563,47.0496015,Asia/Baku,2019-10-05 21:48:38,2025-08-07 19:08:41,1,Q230932
581,Zangilan,16,AZ,69,ZAN,AZ-ZAN,district,,,,39.0856899,46.6524728,Asia/Baku,2019-10-05 21:48:38,2025-08-07 19:08:43,1,Q249252
582,Sumqayit,16,AZ,54,SM,AZ-SM,municipality,,,,40.5961585,49.6696668,Asia/Baku,2019-10-05 21:48:38,2025-08-07 19:08:44,1,Q179833
583,Shamkir,16,AZ,51,SKR,AZ-SKR,district,,,,40.8357964,46.0246224,Asia/Baku,2019-10-05 21:48:38,2025-08-07 19:08:46,1,Q467491
584,Siazan,16,AZ,53,SIY,AZ-SIY,district,,,,41.0783833,49.1118477,Asia/Baku,2019-10-05 21:48:38,2025-08-07 19:08:48,1,Q820940
585,Ganja,16,AZ,20,GA,AZ-GA,municipality,,,,40.6798083,46.3597178,Asia/Baku,2019-10-05 21:48:38,2025-08-07 19:08:50,1,Q131290
586,Shaki,16,AZ,47,SAK,AZ-SAK,district,,,,41.2033609,47.1802623,Asia/Baku,2019-10-05 21:48:38,2025-08-07 19:08:51,1,Q330864
587,Lankaran,16,AZ,30,LAN,AZ-LAN,municipality,,,,38.7618973,48.8437784,Asia/Baku,2019-10-05 21:48:38,2025-08-07 19:08:53,1,Q228811
588,Qusar,16,AZ,44,QUS,AZ-QUS,district,,,,41.4266886,48.4345577,Asia/Baku,2019-10-05 21:48:38,2025-08-07 19:08:55,1,Q386506
589,Gədəbəy,16,AZ,19,GAD,AZ-GAD,district,,,,40.5699639,45.8106883,Asia/Baku,2019-10-05 21:48:38,2025-08-07 19:08:57,1,Q330749
590,Khachmaz,16,AZ,60,XAC,AZ-XAC,district,,,,41.4591168,48.8020626,Asia/Baku,2019-10-05 21:48:38,2025-08-07 19:08:58,1,Q6398826
591,Shabran,16,AZ,17,SBN,AZ-SBN,district,,,,41.1776161,48.8767058,Asia/Baku,2019-10-05 21:48:38,2025-08-07 19:09:00,1,Q387994
592,Shusha,16,AZ,55,SUS,AZ-SUS,district,,,,39.7632567,46.7511501,Asia/Baku,2019-10-05 21:48:38,2025-08-07 19:09:02,1,Q388960
593,Skrapar,3,AL,55,SK,AL-SK,district,,,,40.5393128,20.2508868,Europe/Tirane,2019-10-05 21:48:38,2025-08-07 19:09:04,1,Q194381
594,Kavajë,3,AL,55,KA,AL-KA,district,,,,41.1844529,19.5627596,Europe/Tirane,2019-10-05 21:48:38,2025-08-07 19:09:06,1,Q194182
595,Lezhë,3,AL,48,LE,AL-LE,district,,,,41.786073,19.6460758,Europe/Tirane,2019-10-05 21:48:38,2025-08-07 19:09:07,1,Q194185
596,Librazhd,3,AL,48,LB,AL-LB,district,,,,41.1829232,20.3174769,Europe/Tirane,2019-10-05 21:48:38,2025-08-07 19:09:09,1,Q207002
597,Korçë,3,AL,46,KO,AL-KO,district,,,,40.5858753,20.7361315,Europe/Tirane,2019-10-05 21:48:38,2025-08-07 19:09:11,1,Q191491
598,Elbasan,3,AL,43,03,AL-03,county,,,,41.0510829,20.1398526,Europe/Tirane,2019-10-05 21:48:38,2025-08-07 19:09:12,1,Q193790
599,Lushnjë,3,AL,43,LU,AL-LU,district,,,,40.941983,19.6996428,Europe/Tirane,2019-10-05 21:48:38,2025-08-07 19:09:14,1,Q206994
600,Has,3,AL,43,HA,AL-HA,district,,,,42.1958361,20.4162476,Europe/Tirane,2019-10-05 21:48:38,2025-08-07 19:09:16,1,Q207007
601,Kukës,3,AL,47,07,AL-07,county,,,,42.1885664,20.3769633,Europe/Tirane,2019-10-05 21:48:38,2025-08-07 19:09:18,1,Q231896
602,Malësi e Madhe,3,AL,47,MM,AL-MM,district,,,,42.3824139,19.5750629,Europe/Tirane,2019-10-05 21:48:38,2025-08-07 19:09:20,1,Q236845
603,Berat,3,AL,40,01,AL-01,county,,,,40.7018636,19.9580758,Europe/Tirane,2019-10-05 21:48:38,2025-08-07 19:09:21,1,Q189296
604,Gjirokastër,3,AL,45,05,AL-05,county,,,,40.0770871,20.1393359,Europe/Tirane,2019-10-05 21:48:38,2025-08-07 19:09:23,1,Q193454
605,Dibër,3,AL,41,DI,AL-DI,district,,,,41.622192,20.180816,Europe/Tirane,2019-10-05 21:48:38,2025-08-07 19:09:25,1,Q192123
606,Pogradec,3,AL,41,PG,AL-PG,district,,,,40.9015314,20.6556289,Europe/Tirane,2019-10-05 21:48:38,2025-08-07 19:09:27,1,Q202197
607,Bulqizë,3,AL,41,BU,AL-BU,district,,,,41.4942587,20.2147157,Europe/Tirane,2019-10-05 21:48:38,2025-08-07 19:09:28,1,Q191872
608,Devoll,3,AL,41,DV,AL-DV,district,,,,40.6905594,20.4786086,Europe/Tirane,2019-10-05 21:48:38,2025-08-07 19:09:30,1,Q192126
609,Lezhë,3,AL,48,08,AL-08,county,,,,41.7813759,19.8067916,Europe/Tirane,2019-10-05 21:48:38,2025-08-07 19:09:31,1,Q193436
610,Dibër,3,AL,41,09,AL-09,county,,,,41.622192,20.180816,Europe/Tirane,2019-10-05 21:48:38,2025-08-07 19:09:33,1,Q192866
611,Shkodër,3,AL,49,10,AL-10,county,,,,42.2507677,19.5959723,Europe/Tirane,2019-10-05 21:48:38,2025-08-07 19:09:34,1,Q193438
612,Kuçovë,3,AL,49,KC,AL-KC,district,,,,40.804415,19.9134448,Europe/Tirane,2019-10-05 21:48:38,2025-08-07 19:09:36,1,Q211946
613,Vlorë,3,AL,51,VL,AL-VL,district,,,,40.4660668,19.491356,Europe/Tirane,2019-10-05 21:48:38,2025-08-07 19:09:38,1,Q158601
614,Krujë,3,AL,51,KR,AL-KR,district,,,,41.5094765,19.7710732,Europe/Tirane,2019-10-05 21:48:38,2025-08-07 19:09:39,1,Q205261
615,Tirana,3,AL,50,11,AL-11,county,,,,41.2584478,19.8302656,Europe/Tirane,2019-10-05 21:48:38,2025-08-07 19:09:41,1,Q229892
616,Tepelenë,3,AL,50,TE,AL-TE,district,,,,40.2966632,20.0181673,Europe/Tirane,2019-10-05 21:48:38,2025-08-07 19:09:43,1,Q202656
617,Gramsh,3,AL,50,GR,AL-GR,district,,,,40.8669873,20.1849323,Europe/Tirane,2019-10-05 21:48:38,2025-08-07 19:09:44,1,Q210090
618,Delvinë,3,AL,50,DL,AL-DL,district,,,,39.9481364,20.0955891,Europe/Tirane,2019-10-05 21:48:38,2025-08-07 19:09:46,1,Q166959
619,Peqin,3,AL,50,PQ,AL-PQ,district,,,,41.0470902,19.7502384,Europe/Tirane,2019-10-05 21:48:38,2025-08-07 19:09:48,1,Q202652
620,Pukë,3,AL,50,PU,AL-PU,district,,,,42.0469772,19.8960968,Europe/Tirane,2019-10-05 21:48:38,2025-08-07 19:09:50,1,Q206997
621,Gjirokastër,3,AL,45,GJ,AL-GJ,district,,,,40.0770871,20.1393359,Europe/Tirane,2019-10-05 21:48:38,2025-08-07 19:09:51,1,Q209749
622,Kurbin,3,AL,45,KB,AL-KB,district,,,,41.6412644,19.705595,Europe/Tirane,2019-10-05 21:48:38,2025-08-07 19:09:53,1,Q123602
623,Kukës,3,AL,47,KU,AL-KU,district,,,,42.1885664,20.3769633,Europe/Tirane,2019-10-05 21:48:38,2025-08-07 19:09:55,1,Q123395
624,Sarandë,3,AL,47,SR,AL-SR,district,,,,39.8752198,20.0065258,Europe/Tirane,2019-10-05 21:48:38,2025-08-07 19:09:57,1,Q748235
625,Përmet,3,AL,47,PR,AL-PR,district,,,,40.2361837,20.3517334,Europe/Tirane,2019-10-05 21:48:38,2025-08-07 19:09:59,1,Q121074
626,Shkodër,3,AL,49,SH,AL-SH,district,,,,42.2507677,19.5959723,Europe/Tirane,2019-10-05 21:48:38,2025-08-07 19:10:00,1,Q194176
627,Fier,3,AL,44,FR,AL-FR,district,,,,40.727504,19.5627596,Europe/Tirane,2019-10-05 21:48:38,2025-08-07 19:10:02,1,Q209019
628,Kolonjë,3,AL,44,ER,AL-ER,district,,,,40.2845559,20.5991971,Europe/Tirane,2019-10-05 21:48:38,2025-08-07 19:10:03,1,Q194178
629,Berat,3,AL,40,BR,AL-BR,district,,,,40.7018636,19.9580758,Europe/Tirane,2019-10-05 21:48:38,2025-08-07 19:15:12,1,Q202981
630,Korçë,3,AL,46,06,AL-06,county,,,,40.5858753,20.7361315,Europe/Tirane,2019-10-05 21:48:38,2025-08-07 19:15:14,1,Q193464
631,Fier,3,AL,44,04,AL-04,county,,,,40.9191392,19.6639309,Europe/Tirane,2019-10-05 21:48:38,2025-08-07 19:15:16,1,Q231900
632,Durrës,3,AL,42,02,AL-02,county,,,,41.4279863,19.5373372,Europe/Tirane,2019-10-05 21:48:38,2025-08-07 19:15:18,1,Q192853
633,Tirana,3,AL,50,TR,AL-TR,district,,,,41.2584478,19.8302656,Europe/Tirane,2019-10-05 21:48:38,2025-08-07 19:15:19,1,Q201073
634,Vlorë,3,AL,51,12,AL-12,county,,,,40.150096,19.8067916,Europe/Tirane,2019-10-05 21:48:38,2025-08-07 19:15:21,1,Q192849
635,Mat,3,AL,51,MT,AL-MT,district,,,,41.6625252,19.9469468,Europe/Tirane,2019-10-05 21:48:38,2025-08-07 19:15:23,1,Q202665
636,Tropojë,3,AL,51,TP,AL-TP,district,,,,42.3982151,20.1625955,Europe/Tirane,2019-10-05 21:48:38,2025-08-07 19:15:25,1,Q123615
637,Mallakastër,3,AL,51,MK,AL-MK,district,,,,40.5414591,19.7655824,Europe/Tirane,2019-10-05 21:48:38,2025-08-07 19:15:26,1,Q207437
638,Mirditë,3,AL,51,MR,AL-MR,district,,,,41.8594107,20.0181337,Europe/Tirane,2019-10-05 21:48:38,2025-08-07 19:15:28,1,Q236850
639,Durrës,3,AL,42,DR,AL-DR,district,,,,41.4279863,19.5373372,Europe/Tirane,2019-10-05 21:48:38,2025-08-07 19:15:30,1,Q37662
640,Sveti Nikole,129,MK,A4,69,MK-69,municipality,,,,41.8647339,21.9420506,Europe/Skopje,2019-10-05 21:48:38,2025-08-07 19:15:32,1,Q2308277
641,Kratovo,129,MK,51,43,MK-43,municipality,,,,42.0962163,22.1686735,Europe/Skopje,2019-10-05 21:48:38,2025-08-07 19:15:33,1,Q1992716
642,Zajas,129,MK,C1,31,MK-31,municipality,,,,41.6073003,20.938677,Europe/Skopje,2019-10-05 21:48:38,2025-08-07 19:15:35,1,Q2018939
643,Staro Nagoričane,129,MK,97,71,MK-71,municipality,,,,42.1990188,21.8294161,Europe/Skopje,2019-10-05 21:48:38,2025-08-07 19:15:37,1,Q2128903
644,Češinovo-Obleševo,129,MK,19,81,MK-81,municipality,,,,41.8753449,22.2900045,Europe/Skopje,2019-10-05 21:48:38,2025-08-07 19:15:39,1,Q281898
645,Debarca,129,MK,F5,22,MK-22,municipality,,,,41.9964319,21.4239442,Europe/Skopje,2019-10-05 21:48:38,2025-08-07 19:15:41,1,Q1323340
646,Probištip,129,MK,83,63,MK-63,municipality,,,,41.9589146,22.166867,Europe/Skopje,2019-10-05 21:48:38,2025-08-07 19:15:42,1,Q2270414
647,Krivogaštani,129,MK,53,45,MK-45,municipality,,,,41.3238376,21.3818519,Europe/Skopje,2019-10-05 21:48:38,2025-08-07 19:15:44,1,Q2018930
648,Gevgelija,129,MK,33,18,MK-18,municipality,,,,41.1388664,22.5033192,Europe/Skopje,2019-10-05 21:48:38,2025-08-07 19:15:46,1,Q2018974
649,Bogdanci,129,MK,08,05,MK-05,municipality,,,,41.1869616,22.5960268,Europe/Skopje,2019-10-05 21:48:38,2025-08-07 19:15:47,1,Q1992752
650,Vraneštica,129,MK,B6,15,MK-15,municipality,,,,41.4444302,21.0268331,Europe/Skopje,2019-10-05 21:48:38,2025-08-07 19:15:49,1,Q1998500
651,Veles,129,MK,F1,13,MK-13,municipality,,,,41.718869,21.7705695,Europe/Skopje,2019-10-05 21:48:38,2025-08-07 19:15:51,1,Q2088561
652,Bosilovo,129,MK,11,07,MK-07,municipality,,,,41.4815119,22.7753815,Europe/Skopje,2019-10-05 21:48:38,2025-08-07 19:15:53,1,Q1779775
653,Mogila,129,MK,D9,53,MK-53,municipality,,,,41.1768776,21.4078968,Europe/Skopje,2019-10-05 21:48:38,2025-08-07 19:15:54,1,Q1839369
654,Tearce,129,MK,A5,75,MK-75,municipality,,,,42.0777511,21.0534923,Europe/Skopje,2019-10-05 21:48:38,2025-08-07 19:15:56,1,Q2282274
655,Demir Kapija,129,MK,25,24,MK-24,municipality,,,,41.4087136,22.2418571,Europe/Skopje,2019-10-05 21:48:38,2025-08-07 19:15:58,1,Q2370973
656,Aračinovo,129,MK,01,02,MK-02,municipality,,,,42.0252965,21.5577659,Europe/Skopje,2019-10-05 21:48:38,2025-08-07 19:15:59,1,Q597345
657,Drugovo,129,MK,30,28,MK-28,municipality,,,,41.4871695,20.9308016,Europe/Skopje,2019-10-05 21:48:38,2025-08-07 19:16:01,1,Q1996439
658,Vasilevo,129,MK,A9,11,MK-11,municipality,,,,41.4741699,22.6422128,Europe/Skopje,2019-10-05 21:48:38,2025-08-07 19:16:03,1,Q2018980
659,Lipkovo,129,MK,59,48,MK-48,municipality,,,,42.1658209,21.5843497,Europe/Skopje,2019-10-05 21:48:38,2025-08-07 19:16:05,1,Q2041236
660,Brvenica,129,MK,12,08,MK-08,municipality,,,,41.9681482,20.9819586,Europe/Skopje,2019-10-05 21:48:38,2025-08-07 19:16:06,1,Q1057563
661,Štip,129,MK,98,83,MK-83,municipality,,,,41.7374724,22.1935856,Europe/Skopje,2019-10-05 21:48:38,2025-08-07 19:16:08,1,Q2423082
662,Vevčani,129,MK,B3,12,MK-12,municipality,,,,41.2407543,20.5915649,Europe/Skopje,2019-10-05 21:48:38,2025-08-07 19:16:10,1,Q2029825
663,Tetovo,129,MK,E8,76,MK-76,municipality,,,,42.0068297,20.9728556,Europe/Skopje,2019-10-05 21:48:38,2025-08-07 19:16:12,1,Q3245456
664,Negotino,129,MK,69,54,MK-54,municipality,,,,41.4844229,22.0905903,Europe/Skopje,2019-10-05 21:48:38,2025-08-07 19:16:13,1,Q3246545
665,Konče,129,MK,47,41,MK-41,municipality,,,,41.5205634,22.4036343,Europe/Skopje,2019-10-05 21:48:38,2025-08-07 19:16:15,1,Q1992728
666,Prilep,129,MK,E3,62,MK-62,municipality,,,,41.3444984,21.5527115,Europe/Skopje,2019-10-05 21:48:38,2025-08-07 19:16:17,1,Q6312454
667,Saraj,129,MK,90,68,MK-68,municipality,,,,41.9999161,21.328197,Europe/Skopje,2019-10-05 21:48:38,2025-08-07 19:16:18,1,Q1309481
668,Želino,129,MK,C3,30,MK-30,municipality,,,,41.9262923,21.1175782,Europe/Skopje,2019-10-05 21:48:38,2025-08-07 19:16:20,1,Q1996410
669,Mavrovo and Rostuša,129,MK,E4,50,MK-50,municipality,,,,41.6441167,20.6590893,Europe/Skopje,2019-10-05 21:48:38,2025-08-07 19:16:22,1,Q1323332
670,Plasnica,129,MK,80,61,MK-61,municipality,,,,41.4546349,21.1056539,Europe/Skopje,2019-10-05 21:48:38,2025-08-07 19:16:24,1,Q2018921
671,Valandovo,129,MK,E9,10,MK-10,municipality,,,,41.3373804,22.5156752,Europe/Skopje,2019-10-05 21:48:38,2025-08-07 19:16:26,1,Q2018965
672,Vinica,129,MK,B4,14,MK-14,municipality,,,,41.8607399,22.5928454,Europe/Skopje,2019-10-05 21:48:38,2025-08-07 19:16:27,1,Q2479526
673,Zrnovci,129,MK,C6,33,MK-33,municipality,,,,41.8373714,22.4287013,Europe/Skopje,2019-10-05 21:48:38,2025-08-07 19:16:29,1,Q950881
674,Karbinci,129,MK,40,37,MK-37,municipality,,,,41.8180159,22.2324758,Europe/Skopje,2019-10-05 21:48:38,2025-08-07 19:16:30,1,Q1346554
675,Dolneni,129,MK,28,27,MK-27,municipality,,,,41.4818058,21.4060444,Europe/Skopje,2019-10-05 21:48:38,2025-08-07 19:16:32,1,Q1992691
676,Čaška,129,MK,C9,80,MK-80,municipality,,,,41.647438,21.6914115,Europe/Skopje,2019-10-05 21:48:38,2025-08-07 19:16:34,1,Q1994547
677,Kriva Palanka,129,MK,52,44,MK-44,municipality,,,,42.2058454,22.3307965,Europe/Skopje,2019-10-05 21:48:38,2025-08-07 19:16:36,1,Q1422453
678,Jegunovce,129,MK,D5,35,MK-35,municipality,,,,42.074072,21.1220478,Europe/Skopje,2019-10-05 21:48:38,2025-08-07 19:16:38,1,Q431908
679,Bitola,129,MK,06,04,MK-04,municipality,,,,41.0363302,21.3321974,Europe/Skopje,2019-10-05 21:48:38,2025-08-07 19:16:39,1,Q159380
680,Šuto Orizari,129,MK,A3,84,MK-84,municipality,,,,42.0405453,21.423591,Europe/Skopje,2019-10-05 21:48:38,2025-08-07 19:16:41,1,Q1020859
681,Karpoš,129,MK,41,38,MK-38,municipality,,,,42.0062279,21.3862569,Europe/Skopje,2019-10-05 21:48:38,2025-08-07 19:16:43,1,Q1463246
682,Oslomej ,129,MK,77,57,MK-57,municipality,,,,41.576014,20.9976908,Europe/Skopje,2019-10-05 21:48:38,2025-08-07 19:16:44,1,Q2001785
683,Kumanovo,129,MK,D7,47,MK-47,municipality,,,,42.135913,21.7185474,Europe/Skopje,2019-10-05 21:48:38,2025-08-07 19:16:46,1,Q2352376
684,Greater Skopje,129,MK,F6,85,MK-85,capital city,,,,42.0257396,21.2875184,Europe/Skopje,2019-10-05 21:48:38,2025-08-07 19:16:47,1,Q2575820
685,Pehčevo,129,MK,78,60,MK-60,municipality,,,,41.7635729,22.8873017,Europe/Skopje,2019-10-05 21:48:38,2025-08-07 19:16:49,1,Q426114
686,Kisela Voda,129,MK,44,39,MK-39,municipality,,,,41.9794265,21.4396002,Europe/Skopje,2019-10-05 21:48:38,2025-08-07 19:16:51,1,Q1386136
687,Demir Hisar,129,MK,D3,25,MK-25,municipality,,,,41.2198967,21.2020872,Europe/Skopje,2019-10-05 21:48:38,2025-08-07 19:16:52,1,Q856278
688,Kičevo,129,MK,43,40,MK-40,municipality,,,,41.5129112,20.9525065,Europe/Skopje,2019-10-05 21:48:38,2025-08-07 19:16:54,1,Q2018957
689,Vrapčište,129,MK,B7,16,MK-16,municipality,,,,41.879116,20.83145,Europe/Skopje,2019-10-05 21:48:38,2025-08-07 19:16:56,1,Q1996740
690,Ilinden,129,MK,36,34,MK-34,municipality,,,,41.9957443,21.5676975,Europe/Skopje,2019-10-05 21:48:38,2025-08-07 19:16:58,1,Q657754
691,Rosoman,129,MK,87,67,MK-67,municipality,,,,41.5002371,21.9057322,Europe/Skopje,2019-10-05 21:48:38,2025-08-07 19:17:00,1,Q2088585
692,Makedonski Brod,129,MK,D8,52,MK-52,municipality,,,,41.5133088,21.2174329,Europe/Skopje,2019-10-05 21:48:38,2025-08-07 19:17:01,1,Q2364199
693,Gostivar,129,MK,D4,19,MK-19,municipality,,,,41.7920222,20.9081703,Europe/Skopje,2019-10-05 21:48:38,2025-08-07 19:17:03,1,Q521112
694,Butel,129,MK,F4,09,MK-09,municipality,,,,42.0895068,21.463361,Europe/Skopje,2019-10-05 21:48:38,2025-08-07 19:17:05,1,Q935620
695,Delčevo,129,MK,22,23,MK-23,municipality,,,,41.9668344,22.7767722,Europe/Skopje,2019-10-05 21:48:38,2025-08-07 19:17:06,1,Q1323322
696,Novaci,129,MK,E1,55,MK-55,municipality,,,,41.0442661,21.4588894,Europe/Skopje,2019-10-05 21:48:38,2025-08-07 19:17:08,1,Q2088022
697,Dojran,129,MK,E5,26,MK-26,municipality,,,,41.2253118,22.7040294,Europe/Skopje,2019-10-05 21:48:38,2025-08-07 19:17:09,1,Q1996413
698,Petrovec,129,MK,79,59,MK-59,municipality,,,,41.9029897,21.689921,Europe/Skopje,2019-10-05 21:48:38,2025-08-07 19:17:11,1,Q1018191
699,Ohrid,129,MK,E2,58,MK-58,municipality,,,,41.1170203,20.8017715,Europe/Skopje,2019-10-05 21:48:38,2025-08-07 19:17:13,1,Q1125333
700,Struga,129,MK,E6,72,MK-72,municipality,,,,41.1770278,20.6790586,Europe/Skopje,2019-10-05 21:48:38,2025-08-07 19:17:15,1,Q749618
701,Makedonska Kamenica,129,MK,62,51,MK-51,municipality,,,,42.0219096,22.588719,Europe/Skopje,2019-10-05 21:48:38,2025-08-07 19:17:17,1,Q2041219
702,Centar,129,MK,62,77,MK-77,municipality,,,,41.9942955,21.4302494,Europe/Skopje,2019-10-05 21:48:38,2025-08-07 19:17:18,1,Q1463152
703,Aerodrom,129,MK,F3,01,MK-01,municipality,,,,41.9678028,21.509022,Europe/Skopje,2019-10-05 21:48:38,2025-08-07 19:17:20,1,Q1992708
704,Čair,129,MK,C8,79,MK-79,municipality,,,,42.0106711,21.4382077,Europe/Skopje,2019-10-05 21:48:38,2025-08-07 19:17:21,1,Q1419314
705,Lozovo,129,MK,60,49,MK-49,municipality,,,,41.7818139,21.9000827,Europe/Skopje,2019-10-05 21:48:38,2025-08-07 19:17:23,1,Q1996470
706,Zelenikovo,129,MK,C2,32,MK-32,municipality,,,,41.8860408,21.5869671,Europe/Skopje,2019-10-05 21:48:38,2025-08-07 19:17:24,1,Q9050283
707,Gazi Baba,129,MK,32,17,MK-17,municipality,,,,41.9984446,21.4737249,Europe/Skopje,2019-10-05 21:48:38,2025-08-07 19:17:26,1,Q2019836
708,Gradsko,129,MK,35,20,MK-20,municipality,,,,41.6133568,21.886077,Europe/Skopje,2019-10-05 21:48:38,2025-08-07 19:17:28,1,Q1992701
709,Radoviš,129,MK,84,64,MK-64,municipality,,,,41.6495531,22.4768287,Europe/Skopje,2019-10-05 21:48:38,2025-08-07 19:17:30,1,Q2738284
710,Strumica,129,MK,E7,73,MK-73,municipality,,,,41.4378004,22.6427428,Europe/Skopje,2019-10-05 21:48:38,2025-08-07 19:17:31,1,Q2308287
711,Studeničani,129,MK,A2,74,MK-74,municipality,,,,41.9225639,21.5363965,Europe/Skopje,2019-10-05 21:48:38,2025-08-07 19:17:33,1,Q2088034
712,Resen,129,MK,86,66,MK-66,municipality,,,,41.0327674,20.9917789,Europe/Skopje,2019-10-05 21:48:38,2025-08-07 19:17:35,1,Q740591
713,Kavadarci,129,MK,D6,36,MK-36,municipality,,,,41.4332802,22.0122593,Europe/Skopje,2019-10-05 21:48:38,2025-08-07 19:17:37,1,Q1155055
714,Kruševo,129,MK,54,46,MK-46,municipality,,,,41.3720324,21.2484351,Europe/Skopje,2019-10-05 21:48:38,2025-08-07 19:17:39,1,Q2476159
715,Čučer-Sandevo,129,MK,20,82,MK-82,municipality,,,,42.0994869,21.3868611,Europe/Skopje,2019-10-05 21:48:38,2025-08-07 19:17:40,1,Q629720
716,Berovo,129,MK,04,03,MK-03,municipality,,,,41.6697382,22.8173735,Europe/Skopje,2019-10-05 21:48:38,2025-08-07 19:17:41,1,Q793727
717,Rankovce,129,MK,85,65,MK-65,municipality,,,,42.1686201,22.1165518,Europe/Skopje,2019-10-05 21:48:38,2025-08-07 19:17:43,1,Q1475001
718,Novo Selo,129,MK,72,56,MK-56,municipality,,,,41.4126325,22.8835556,Europe/Skopje,2019-10-05 21:48:38,2025-08-07 19:17:45,1,Q1946579
719,Sopište,129,MK,92,70,MK-70,municipality,,,,41.8484973,21.2971559,Europe/Skopje,2019-10-05 21:48:38,2025-08-07 19:17:46,1,Q2282240
720,Centar Župa,129,MK,18,78,MK-78,municipality,,,,41.4652259,20.5930548,Europe/Skopje,2019-10-05 21:48:38,2025-08-07 19:17:48,1,Q1779085
721,Bogovinje,129,MK,C7,06,MK-06,municipality,,,,41.9236371,20.9163887,Europe/Skopje,2019-10-05 21:48:38,2025-08-07 19:17:50,1,Q9035785
722,Gjorče Petrov,129,MK,29,29,MK-29,municipality,,,,42.0174648,21.3642753,Europe/Skopje,2019-10-05 21:48:38,2025-08-07 19:17:52,1,Q924278
723,Kočani,129,MK,46,42,MK-42,municipality,,,,41.9211332,22.4114182,Europe/Skopje,2019-10-05 21:48:38,2025-08-07 19:17:53,1,Q1819289
724,Požega-Slavonia,55,HR,11,11,HR-11,county,,,,45.4381151,17.5133687,Europe/Zagreb,2019-10-05 21:48:38,2025-08-07 19:17:55,1,Q58111
725,Split-Dalmatia,55,HR,15,17,HR-17,county,,,,43.5003407,16.8156193,Europe/Zagreb,2019-10-05 21:48:38,2025-08-07 19:17:56,1,Q58253
726,Međimurje,55,HR,09,20,HR-20,county,,,,46.4061943,16.5472278,Europe/Zagreb,2019-10-05 21:48:38,2025-08-07 19:17:58,1,Q58330
727,Zadar,55,HR,19,13,HR-13,county,,,,44.1168594,15.2353257,Europe/Zagreb,2019-10-05 21:48:38,2025-08-07 19:18:00,1,Q58146
728,Dubrovnik-Neretva,55,HR,03,19,HR-19,county,,,,42.8143166,17.3746628,Europe/Zagreb,2019-10-05 21:48:38,2025-08-07 19:18:02,1,Q58289
729,Krapina-Zagorje,55,HR,07,02,HR-02,county,,,,46.0983218,15.9377404,Europe/Zagreb,2019-10-05 21:48:38,2025-08-07 19:18:04,1,Q57056
730,Šibenik-Knin,55,HR,13,15,HR-15,county,,,,43.9281485,16.1037694,Europe/Zagreb,2019-10-05 21:48:38,2025-08-07 19:18:06,1,Q58194
731,Lika-Senj,55,HR,08,09,HR-09,county,,,,44.66818,15.3324696,Europe/Zagreb,2019-10-05 21:48:38,2025-08-07 19:18:07,1,Q58081
732,Virovitica-Podravina,55,HR,17,10,HR-10,county,,,,45.7732751,17.5789161,Europe/Zagreb,2019-10-05 21:48:38,2025-08-07 19:18:09,1,Q58092
733,Sisak-Moslavina,55,HR,14,03,HR-03,county,,,,45.3981666,16.4955111,Europe/Zagreb,2019-10-05 21:48:38,2025-08-07 19:18:10,1,Q57060
734,Bjelovar-Bilogora,55,HR,01,07,HR-07,county,,,,45.7462142,16.9212335,Europe/Zagreb,2019-10-05 21:48:38,2025-08-07 19:18:12,1,Q58060
735,Primorje-Gorski Kotar,55,HR,12,08,HR-08,county,,,,45.4225937,14.6172032,Europe/Zagreb,2019-10-05 21:48:38,2025-08-07 19:18:14,1,Q58071
736,Zagreb,55,HR,20,01,HR-01,county,,,,45.8130967,15.9772795,Europe/Zagreb,2019-10-05 21:48:38,2025-08-07 19:18:16,1,Q27038
737,Brod-Posavina,55,HR,02,12,HR-12,county,,,,45.1542669,18.0117761,Europe/Zagreb,2019-10-05 21:48:38,2025-08-07 19:18:17,1,Q58129
738,Zagreb,55,HR,21,21,HR-21,city,,,,45.8130967,15.9772795,Europe/Zagreb,2019-10-05 21:48:38,2025-08-07 19:18:19,1,Q1435
739,Varaždin,55,HR,16,05,HR-05,county,,,,46.3079645,16.3378198,Europe/Zagreb,2019-10-05 21:48:38,2025-08-07 19:18:21,1,Q57967
740,Osijek-Baranja,55,HR,10,14,HR-14,county,,,,45.541111,18.4384615,Europe/Zagreb,2019-10-05 21:48:38,2025-08-07 19:18:22,1,Q58159
741,Vukovar-Syrmia,55,HR,18,16,HR-16,county,,,,45.1672401,18.6389898,Europe/Zagreb,2019-10-05 21:48:38,2025-08-07 19:18:24,1,Q58225
742,Koprivnica-Križevci,55,HR,06,06,HR-06,county,,,,46.1254508,16.8221278,Europe/Zagreb,2019-10-05 21:48:38,2025-08-07 19:18:25,1,Q58026
743,Istria,55,HR,04,18,HR-18,county,,,,45.1934345,13.9150536,Europe/Zagreb,2019-10-05 21:48:38,2025-08-07 19:18:27,1,Q58268
744,Kyrenia (Keryneia),57,CY,02,06,CY-06,district,,,,35.2951481,33.2769155,Asia/Famagusta,2019-10-05 21:48:38,2025-08-07 19:18:29,1,Q59146
745,Nicosia (Lefkoşa),57,CY,04,01,CY-01,district,,,,35.1565464,33.3705626,Asia/Nicosia,2019-10-05 21:48:38,2025-08-07 19:18:30,1,Q59147
746,Paphos (Pafos),57,CY,06,05,CY-05,district,,,,34.7812978,32.4214097,Asia/Nicosia,2019-10-05 21:48:38,2025-08-07 19:18:32,1,Q59133
747,Larnaca (Larnaka),57,CY,03,03,CY-03,district,,,,34.8697484,33.6092097,Asia/Nicosia,2019-10-05 21:48:38,2025-08-07 19:18:34,1,Q59153
748,Limassol (Leymasun),57,CY,05,02,CY-02,district,,,,34.6911485,33.0078384,Asia/Nicosia,2019-10-05 21:48:38,2025-08-07 19:18:36,1,Q59150
749,Famagusta (Mağusa),57,CY,01,04,CY-04,district,,,,35.1352137,33.9239831,Asia/Famagusta,2019-10-05 21:48:38,2025-08-07 19:18:37,1,Q59148
750,Rangpur ,19,BD,F,F,BD-F,division,,,,25.6376135,89.0826381,Asia/Dhaka,2019-10-05 21:48:38,2025-08-07 19:18:39,1,Q876023
753,Rajshahi ,19,BD,E,E,BD-E,division,,,,24.6285432,89.0376862,Asia/Dhaka,2019-10-05 21:48:38,2025-08-07 19:18:41,1,Q379382
758,Mymensingh ,19,BD,H,H,BD-H,division,,,,24.7482129,90.4099158,Asia/Dhaka,2019-10-05 21:48:38,2025-08-07 19:18:43,1,Q19594930
760,Dhaka ,19,BD,C,C,BD-C,division,,,,23.9456166,90.2526382,Asia/Dhaka,2019-10-05 21:48:38,2025-08-07 19:18:44,1,Q330158
765,Sylhet ,19,BD,G,G,BD-G,division,,,,24.7358854,91.6852476,Asia/Dhaka,2019-10-05 21:48:38,2025-08-07 19:18:46,1,Q459732
775,Khulna ,19,BD,D,D,BD-D,division,,,,22.9372087,89.2852741,Asia/Dhaka,2019-10-05 21:48:38,2025-08-07 19:18:47,1,Q501696
803,Chittagong ,19,BD,B,B,BD-B,division,,,,22.6800466,91.8839938,Asia/Dhaka,2019-10-05 21:48:39,2025-08-07 19:18:49,1,Q158087
807,Barisal ,19,BD,A,A,BD-A,division,,,,22.4934035,90.3548015,Asia/Dhaka,2019-10-05 21:48:39,2025-08-07 19:18:51,1,Q459723
820,Okayama,109,JP,31,33,JP-33,prefecture,,,,34.8581334,133.7759256,Asia/Tokyo,2019-10-05 21:48:39,2025-08-07 19:18:53,1,Q132936
821,Chiba,109,JP,04,12,JP-12,prefecture,,,,35.549399,140.2647303,Asia/Tokyo,2019-10-05 21:48:39,2025-08-07 19:18:54,1,Q80011
822,Ōita,109,JP,30,44,JP-44,prefecture,,,,33.1819875,131.4270217,Asia/Tokyo,2019-10-05 21:48:39,2025-08-07 19:18:56,1,Q133924
823,Tokyo,109,JP,40,13,JP-13,prefecture,,,,35.6768601,139.7638947,Asia/Tokyo,2019-10-05 21:48:39,2025-08-07 19:18:58,1,Q1490
824,Nara,109,JP,28,29,JP-29,prefecture,,,,34.2963089,135.8816819,Asia/Tokyo,2019-10-05 21:48:39,2025-08-07 19:18:59,1,Q131287
825,Shizuoka,109,JP,37,22,JP-22,prefecture,,,,34.9751974,138.3831697,Asia/Tokyo,2019-10-05 21:48:39,2025-08-07 19:19:01,1,Q131320
826,Shimane,109,JP,36,32,JP-32,prefecture,,,,34.9418212,132.537439,Asia/Tokyo,2019-10-05 21:48:39,2025-08-07 19:19:02,1,Q132751
827,Aichi,109,JP,01,23,JP-23,prefecture,,,,34.9991645,137.254574,Asia/Tokyo,2019-10-05 21:48:39,2025-08-07 19:19:04,1,Q80434
828,Hiroshima,109,JP,11,34,JP-34,prefecture,,,,34.3917241,132.4517589,Asia/Tokyo,2019-10-05 21:48:39,2025-08-07 19:19:05,1,Q617375
829,Akita,109,JP,02,05,JP-05,prefecture,,,,39.6898802,140.342608,Asia/Tokyo,2019-10-05 21:48:39,2025-08-07 19:19:07,1,Q81863
830,Ishikawa,109,JP,15,17,JP-17,prefecture,,,,36.9890574,136.8162839,Asia/Tokyo,2019-10-05 21:48:39,2025-08-07 19:19:09,1,Q131281
831,Hyōgo,109,JP,13,28,JP-28,prefecture,,,,34.914934,134.860666,Asia/Tokyo,2019-10-05 21:48:39,2025-08-07 19:19:11,1,Q130290
832,Hokkaidō,109,JP,12,01,JP-01,prefecture,,,,43.4519831,142.8197834,Asia/Tokyo,2019-10-05 21:48:39,2025-08-07 19:19:12,1,Q1037393
833,Mie,109,JP,23,24,JP-24,prefecture,,,,34.7339685,136.5154489,Asia/Tokyo,2019-10-05 21:48:39,2025-08-07 19:19:14,1,Q128196
834,Kyōto,109,JP,22,26,JP-26,prefecture,,,,35.0115754,135.7681441,Asia/Tokyo,2019-10-05 21:48:39,2025-08-07 19:19:16,1,Q120730
835,Yamaguchi,109,JP,45,35,JP-35,prefecture,,,,34.2379614,131.5873845,Asia/Tokyo,2019-10-05 21:48:39,2025-08-07 19:19:18,1,Q127264
836,Tokushima,109,JP,39,36,JP-36,prefecture,,,,33.9196418,134.2509634,Asia/Tokyo,2019-10-05 21:48:39,2025-08-07 19:19:19,1,Q160734
837,Yamagata,109,JP,44,06,JP-06,prefecture,,,,38.4746705,140.083237,Asia/Tokyo,2019-10-05 21:48:39,2025-08-07 19:19:21,1,Q125863
838,Toyama,109,JP,42,16,JP-16,prefecture,,,,36.6958266,137.2137071,Asia/Tokyo,2019-10-05 21:48:39,2025-08-07 19:19:23,1,Q132929
839,Aomori,109,JP,03,02,JP-02,prefecture,,,,40.8222833,140.7472027,Asia/Tokyo,2019-10-05 21:48:39,2025-08-07 19:19:25,1,Q71699
840,Kagoshima,109,JP,18,46,JP-46,prefecture,,,,31.521587,130.5474077,Asia/Tokyo,2019-10-05 21:48:39,2025-08-07 19:19:26,1,Q15701
841,Niigata,109,JP,29,15,JP-15,prefecture,,,,37.6452283,138.7669125,Asia/Tokyo,2019-10-05 21:48:39,2025-08-07 19:19:28,1,Q132705
842,Kanagawa,109,JP,19,14,JP-14,prefecture,,,,35.4342935,139.374753,Asia/Tokyo,2019-10-05 21:48:39,2025-08-07 19:19:30,1,Q127513
843,Nagano,109,JP,26,20,JP-20,prefecture,,,,36.1143945,138.0319015,Asia/Tokyo,2019-10-05 21:48:39,2025-08-07 19:19:31,1,Q127877
844,Wakayama,109,JP,43,30,JP-30,prefecture,,,,33.8070292,135.5930743,Asia/Tokyo,2019-10-05 21:48:39,2025-08-07 19:19:33,1,Q131314
845,Shiga,109,JP,35,25,JP-25,prefecture,,,,35.247154,136.109385,Asia/Tokyo,2019-10-05 21:48:39,2025-08-07 19:19:35,1,Q131358
846,Kumamoto,109,JP,21,43,JP-43,prefecture,,,,32.8033909,130.7082737,Asia/Tokyo,2019-10-05 21:48:39,2025-08-07 19:19:37,1,Q130308
847,Fukushima,109,JP,08,07,JP-07,prefecture,,,,37.760777,140.4745807,Asia/Tokyo,2019-10-05 21:48:39,2025-08-07 19:19:38,1,Q71707
848,Fukui,109,JP,06,18,JP-18,prefecture,,,,36.061751,136.2260542,Asia/Tokyo,2019-10-05 21:48:39,2025-08-07 19:19:40,1,Q133879
849,Nagasaki,109,JP,27,42,JP-42,prefecture,,,,33.1154683,129.7874339,Asia/Tokyo,2019-10-05 21:48:39,2025-08-07 19:19:42,1,Q169376
850,Tottori,109,JP,41,31,JP-31,prefecture,,,,35.3555075,133.8678525,Asia/Tokyo,2019-10-05 21:48:39,2025-08-07 19:19:44,1,Q133935
851,Ibaraki,109,JP,14,08,JP-08,prefecture,,,,36.2871186,140.4240926,Asia/Tokyo,2019-10-05 21:48:39,2025-08-07 19:19:45,1,Q83273
852,Yamanashi,109,JP,46,19,JP-19,prefecture,,,,35.6399328,138.6380495,Asia/Tokyo,2019-10-05 21:48:39,2025-08-07 19:19:47,1,Q132720
853,Okinawa,109,JP,47,47,JP-47,prefecture,,,,26.3343738,127.8056597,Asia/Tokyo,2019-10-05 21:48:39,2025-08-07 19:19:48,1,Q766445
854,Tochigi,109,JP,38,09,JP-09,prefecture,,,,36.6782167,139.8096549,Asia/Tokyo,2019-10-05 21:48:39,2025-08-07 19:19:49,1,Q44843
855,Miyazaki,109,JP,25,45,JP-45,prefecture,,,,32.097681,131.294542,Asia/Tokyo,2019-10-05 21:48:39,2025-08-07 19:19:51,1,Q130300
856,Iwate,109,JP,16,03,JP-03,prefecture,,,,39.5713763,141.4253574,Asia/Tokyo,2019-10-05 21:48:39,2025-08-07 19:19:53,1,Q48326
857,Miyagi,109,JP,24,04,JP-04,prefecture,,,,38.3880155,140.9761025,Asia/Tokyo,2019-10-05 21:48:39,2025-08-07 19:19:54,1,Q47896
858,Gifu,109,JP,09,21,JP-21,prefecture,,,,35.7867449,137.0460777,Asia/Tokyo,2019-10-05 21:48:39,2025-08-07 19:19:56,1,Q131277
859,Ōsaka,109,JP,32,27,JP-27,prefecture,,,,34.6198813,135.490357,Asia/Tokyo,2019-10-05 21:48:39,2025-08-07 19:19:58,1,Q122723
860,Saitama,109,JP,34,11,JP-11,prefecture,,,,35.9754168,139.4160114,Asia/Tokyo,2019-10-05 21:48:39,2025-08-07 19:20:00,1,Q128186
861,Fukuoka,109,JP,07,40,JP-40,prefecture,,,,33.6251241,130.6180016,Asia/Tokyo,2019-10-05 21:48:39,2025-08-07 19:20:01,1,Q123258
862,Gunma,109,JP,10,10,JP-10,prefecture,,,,36.52198,139.033483,Asia/Tokyo,2019-10-05 21:48:39,2025-08-07 19:20:03,1,Q129499
863,Saga,109,JP,33,41,JP-41,prefecture,,,,33.2639134,130.3008378,Asia/Tokyo,2019-10-05 21:48:39,2025-08-07 19:20:05,1,Q160420
864,Kagawa,109,JP,17,37,JP-37,prefecture,,,,34.2480104,134.0586579,Asia/Tokyo,2019-10-05 21:48:39,2025-08-07 19:20:07,1,Q161454
865,Ehime,109,JP,05,38,JP-38,prefecture,,,,33.6013646,132.8185275,Asia/Tokyo,2019-10-05 21:48:39,2025-08-07 19:20:08,1,Q123376
866,Ontario,39,CA,08,ON,CA-ON,province,,,,50.000678,-86.000977,America/Nipigon,2019-10-05 21:48:39,2025-08-07 19:20:10,1,Q1904
867,Manitoba,39,CA,03,MB,CA-MB,province,,,,55.001251,-97.001038,America/Winnipeg,2019-10-05 21:48:39,2025-08-07 19:20:12,1,Q1948
868,New Brunswick,39,CA,04,NB,CA-NB,province,,,,46.500283,-66.750183,America/Moncton,2019-10-05 21:48:39,2025-08-07 19:20:14,1,Q1965
869,Yukon,39,CA,12,YT,CA-YT,territory,,,,63.000147,-136.002502,America/Whitehorse,2019-10-05 21:48:39,2025-08-07 19:20:15,1,Q2009
870,Saskatchewan,39,CA,11,SK,CA-SK,province,,,,55.5321257,-106.141224,America/Regina,2019-10-05 21:48:39,2025-08-07 19:20:17,1,Q1989
871,Prince Edward Island,39,CA,09,PE,CA-PE,province,,,,46.5036807,-63.595411,America/Halifax,2019-10-05 21:48:39,2025-08-07 19:20:19,1,Q1979
872,Alberta,39,CA,01,AB,CA-AB,province,,,,55.001251,-115.002136,America/Edmonton,2019-10-05 21:48:39,2025-08-07 19:20:20,1,Q1951
873,Quebec,39,CA,10,QC,CA-QC,province,,,,52.4760892,-71.8258668,America/Toronto,2019-10-05 21:48:39,2025-08-07 19:20:22,1,Q176
874,Nova Scotia,39,CA,07,NS,CA-NS,province,,,,45.1960403,-63.1653789,America/Halifax,2019-10-05 21:48:39,2025-08-07 19:20:24,1,Q1952
875,British Columbia,39,CA,02,BC,CA-BC,province,,,,55.001251,-125.002441,America/Vancouver,2019-10-05 21:48:39,2025-08-07 19:20:25,1,Q1974
876,Nunavut,39,CA,14,NU,CA-NU,territory,,,,65.0377727,-92.5540791,America/Rankin_Inlet,2019-10-05 21:48:39,2025-08-07 19:20:27,1,Q2023
877,Newfoundland and Labrador,39,CA,05,NL,CA-NL,province,,,,53.8217327,-61.2295532,America/Goose_Bay,2019-10-05 21:48:39,2025-08-07 19:20:29,1,Q2003
878,Northwest Territories,39,CA,13,NT,CA-NT,territory,,,,65.0000004,-118,America/Yellowknife,2019-10-05 21:48:39,2025-08-07 19:20:31,1,Q2007
879,White Nile,209,SD,41,NW,SD-NW,state,,,,12.4999838,32.5000166,Africa/Khartoum,2019-10-05 21:48:39,2025-08-07 19:20:32,1,Q311371
880,Red Sea,209,SD,36,RS,SD-RS,state,,,,20,36,Africa/Khartoum,2019-10-05 21:48:39,2025-08-07 19:20:34,1,Q310120
881,Khartoum,209,SD,29,KH,SD-KH,state,,,,15.5038301,32.5738979,Africa/Khartoum,2019-10-05 21:48:39,2025-08-07 19:20:36,1,Q310385
882,Sennar,209,SD,58,SI,SD-SI,state,,,,13.5424054,33.6103555,Africa/Khartoum,2019-10-05 21:48:39,2025-08-07 19:20:38,1,Q865534
883,South Kordofan,209,SD,50,KS,SD-KS,state,,,,11,31,Africa/Khartoum,2019-10-05 21:48:39,2025-08-07 19:20:40,1,Q465490
884,Kassala,209,SD,52,KA,SD-KA,state,,,,15.452011,36.3770699,Africa/Khartoum,2019-10-05 21:48:39,2025-08-07 19:20:41,1,Q954963
885,Al Jazirah,209,SD,38,GZ,SD-GZ,state,,,,14.6671537,33.222361,Africa/Khartoum,2019-10-05 21:48:39,2025-08-07 19:20:43,1,Q309469
886,Al Qadarif,209,SD,39,GD,SD-GD,state,,,,14.040941,35.398832,Africa/Khartoum,2019-10-05 21:48:39,2025-08-07 19:20:45,1,Q309478
887,Blue Nile,209,SD,42,NB,SD-NB,state,,,,11.9566972,34.122894,Africa/Khartoum,2019-10-05 21:48:39,2025-08-07 19:20:47,1,Q309489
888,West Darfur,209,SD,47,DW,SD-DW,state,,,,13.5110052,22.7033427,Africa/Khartoum,2019-10-05 21:48:39,2025-08-07 19:20:48,1,Q846331
889,West Kordofan,209,SD,62,GK,SD-GK,state,,,,11.7522803,28.2046026,Africa/Khartoum,2019-10-05 21:48:39,2025-08-07 19:20:50,1,Q536396
890,North Darfur,209,SD,55,DN,SD-DN,state,,,,16,26,Africa/Khartoum,2019-10-05 21:48:39,2025-08-07 19:20:51,1,Q688306
891,River Nile,209,SD,53,NR,SD-NR,state,,,,19.0105596,33.018318,Africa/Khartoum,2019-10-05 21:48:39,2025-08-07 19:20:53,1,Q849297
892,East Darfur,209,SD,60,DE,SD-DE,state,,,,11.2231983,26.5858041,Africa/Khartoum,2019-10-05 21:48:39,2025-08-07 19:20:55,1,Q3545641
893,North Kordofan,209,SD,56,KN,SD-KN,state,,,,14.4169302,29.468369,Africa/Khartoum,2019-10-05 21:48:39,2025-08-07 19:20:56,1,Q864093
894,South Darfur,209,SD,49,DS,SD-DS,state,,,,11,25,Africa/Khartoum,2019-10-05 21:48:39,2025-08-07 19:20:58,1,Q838778
895,Northern,209,SD,43,NO,SD-NO,state,,,,19,30,Africa/Khartoum,2019-10-05 21:48:39,2025-08-07 19:21:00,1,Q310118
896,Central Darfur,209,SD,61,DC,SD-DC,state,,,,12.1297093,23.3541687,Africa/Khartoum,2019-10-05 21:48:39,2025-08-07 19:21:01,1,Q4116493
899,Tbilisi,81,GE,51,TB,GE-TB,city,,,,41.6934591,44.8014495,Asia/Tbilisi,2019-10-05 21:48:39,2025-08-07 19:21:03,1,Q994
900,Adjara,81,GE,04,AJ,GE-AJ,autonomous republic,,,,41.6731508,41.9196652,Asia/Tbilisi,2019-10-05 21:48:39,2025-08-07 19:21:05,1,Q45693
901,Abkhazia,81,GE,02,AB,GE-AB,autonomous republic,,,,42.9967187,41.0544741,Asia/Tbilisi,2019-10-05 21:48:39,2025-08-07 19:21:07,1,Q2914461
902,Mtskheta-Mtianeti,81,GE,69,MM,GE-MM,region,,,,42.2290312,44.8569963,Asia/Tbilisi,2019-10-05 21:48:39,2025-08-07 19:21:08,1,Q203339
903,Shida Kartli,81,GE,73,SK,GE-SK,region,,,,41.9886836,43.986125,Asia/Tbilisi,2019-10-05 21:48:39,2025-08-07 19:21:10,1,Q200047
904,Kvemo Kartli,81,GE,68,KK,GE-KK,region,,,,41.5124578,44.5495369,Asia/Tbilisi,2019-10-05 21:48:39,2025-08-07 19:21:12,1,Q200048
905,Imereti,81,GE,66,IM,GE-IM,region,,,,42.18756,42.9521554,Asia/Tbilisi,2019-10-05 21:48:39,2025-08-07 19:21:14,1,Q200045
906,Samtskhe-Javakheti,81,GE,72,SJ,GE-SJ,region,,,,41.5296305,43.2434208,Asia/Tbilisi,2019-10-05 21:48:39,2025-08-07 19:21:15,1,Q19039
907,Guria,81,GE,65,GU,GE-GU,region,,,,41.9772681,41.9828262,Asia/Tbilisi,2019-10-05 21:48:39,2025-08-07 19:21:17,1,Q19038
908,Samegrelo-Zemo Svaneti,81,GE,71,SZ,GE-SZ,region,,,,42.635452,42.2487138,Asia/Tbilisi,2019-10-05 21:48:39,2025-08-07 19:21:19,1,Q200309
909,Racha-Lechkhumi and Kvemo Svaneti,81,GE,70,RL,GE-RL,region,,,,42.668849,43.125251,Asia/Tbilisi,2019-10-05 21:48:39,2025-08-07 19:21:20,1,Q38893
910,Kakheti,81,GE,67,KA,GE-KA,region,,,,41.8144317,45.7174977,Asia/Tbilisi,2019-10-05 21:48:39,2025-08-07 19:21:22,1,Q169674
911,Northern,198,SL,02,N,SL-N,province,,,,9.118454,-11.4856448,Africa/Freetown,2019-10-05 21:48:39,2025-08-07 19:21:23,1,Q912359
912,Southern,198,SL,03,S,SL-S,province,,,,7.7099222,-12.0004178,Africa/Freetown,2019-10-05 21:48:39,2025-08-07 19:21:25,1,Q772185
913,Western,198,SL,04,W,SL-W,area,,,,8.3346033,-13.0656016,Africa/Freetown,2019-10-05 21:48:39,2025-08-07 19:21:27,1,Q1050475
914,Eastern,198,SL,01,E,SL-E,province,,,,8.2050971,-10.8437383,Africa/Freetown,2019-10-05 21:48:39,2025-08-07 19:21:29,1,Q1050497
915,Hiran,203,SO,07,HI,SO-HI,region,,,,4.3616958,45.5333102,Africa/Mogadishu,2019-10-05 21:48:39,2025-08-07 19:21:30,1,Q660040
916,Mudug,203,SO,10,MU,SO-MU,region,,,,6.6507279,48.3009945,Africa/Mogadishu,2019-10-05 21:48:39,2025-08-07 19:21:32,1,Q877034
917,Bakool,203,SO,01,BK,SO-BK,region,,,,4.3514387,43.7186102,Africa/Mogadishu,2019-10-05 21:48:39,2025-08-07 19:21:34,1,Q282471
918,Galguduud,203,SO,05,GA,SO-GA,region,,,,5.0755014,46.8803363,Africa/Mogadishu,2019-10-05 21:48:39,2025-08-07 19:21:36,1,Q876772
919,Sanaag,203,SO,12,SA,SO-SA,region,,,,10.4386899,47.5924085,Africa/Mogadishu,2019-10-05 21:48:39,2025-08-07 19:21:37,1,Q751387
920,Nugal,203,SO,18,NU,SO-NU,region,,,,8.16698,48.9978971,Africa/Mogadishu,2019-10-05 21:48:39,2025-08-07 19:21:39,1,Q1046329
921,Lower Shebelle,203,SO,14,SH,SO-SH,region,,,,1.8427539,44.5937239,Africa/Mogadishu,2019-10-05 21:48:39,2025-08-07 19:21:41,1,Q877028
922,Middle Juba,203,SO,08,JD,SO-JD,region,,,,1.4325937,42.6559939,Africa/Mogadishu,2019-10-05 21:48:39,2025-08-07 19:21:43,1,Q1046324
923,Middle Shebelle,203,SO,13,SD,SO-SD,region,,,,3,46,Africa/Mogadishu,2019-10-05 21:48:39,2025-08-07 19:21:44,1,Q678435
924,Lower Juba,203,SO,09,JH,SO-JH,region,,,,-0.0001019,41.9999624,Africa/Mogadishu,2019-10-05 21:48:39,2025-08-07 19:21:46,1,Q877042
925,Awdal,203,SO,21,AW,SO-AW,region,,,,10.6951152,43.4904963,Africa/Mogadishu,2019-10-05 21:48:39,2025-08-07 19:21:48,1,Q791667
926,Bay,203,SO,04,BY,SO-BY,region,,,,2.9999946,43.500177,Africa/Mogadishu,2019-10-05 21:48:39,2025-08-07 19:21:49,1,Q812064
927,Banaadir,203,SO,02,BN,SO-BN,region,,,,2.0783351,45.2805421,Africa/Mogadishu,2019-10-05 21:48:39,2025-08-07 19:21:51,1,Q806070
928,Gedo,203,SO,06,GE,SO-GE,region,,,,3,42,Africa/Mogadishu,2019-10-05 21:48:39,2025-08-07 19:21:52,1,Q856719
929,Togdheer,203,SO,19,TO,SO-TO,region,,,,9.3029453,45.4861213,Africa/Mogadishu,2019-10-05 21:48:39,2025-08-07 19:21:54,1,Q865590
930,Bari,203,SO,03,BR,SO-BR,region,,,,10.1903509,50.1298044,Africa/Mogadishu,2019-10-05 21:48:39,2025-08-07 19:21:56,1,Q729170
931,Northern Cape,204,ZA,08,NC,ZA-NC,province,,,,-29.573402,21.2051361,Africa/Johannesburg,2019-10-05 21:48:39,2025-08-07 19:21:57,1,Q132418
932,Free State,204,ZA,03,FS,ZA-FS,province,,,,-28.7853618,26.4978933,Africa/Johannesburg,2019-10-05 21:48:39,2025-08-07 19:21:58,1,Q160284
933,Limpopo,204,ZA,09,LP,ZA-LP,province,,,,-23.4735288,29.3959199,Africa/Johannesburg,2019-10-05 21:48:39,2025-08-07 19:22:00,1,Q134907
934,North West,204,ZA,10,NW,ZA-NW,province,,,,-26.1347819,25.6546729,Africa/Johannesburg,2019-10-05 21:48:39,2025-08-07 19:22:02,1,Q165956
935,KwaZulu-Natal,204,ZA,02,KZN,ZA-KZN,province,,,,-28.503833,30.8875009,Africa/Johannesburg,2019-10-05 21:48:39,2025-08-07 19:22:03,1,Q81725
936,Gauteng,204,ZA,06,GP,ZA-GP,province,,,,-25.9363439,28.0813105,Africa/Johannesburg,2019-10-05 21:48:39,2025-08-07 19:22:05,1,Q133083
937,Mpumalanga,204,ZA,07,MP,ZA-MP,province,,,,-26.276849,30.1500153,Africa/Johannesburg,2019-10-05 21:48:39,2025-08-07 19:22:07,1,Q132410
938,Eastern Cape,204,ZA,05,EC,ZA-EC,province,,,,-32.2171831,26.6386401,Africa/Johannesburg,2019-10-05 21:48:39,2025-08-07 19:22:09,1,Q130840
939,Western Cape,204,ZA,11,WC,ZA-WC,province,,,,-33.546977,20.72753,Africa/Johannesburg,2019-10-05 21:48:39,2025-08-07 19:22:10,1,Q127167
940,Chontales,159,NI,04,CO,NI-CO,department,,,,11.9876753,-85.1860798,America/Managua,2019-10-05 21:48:39,2025-08-07 19:22:12,1,Q498443
941,Managua,159,NI,10,MN,NI-MN,department,,,,12.1080585,-86.3505808,America/Managua,2019-10-05 21:48:39,2025-08-07 19:22:13,1,Q260009
942,Rivas,159,NI,15,RI,NI-RI,department,,,,11.3434687,-85.7159624,America/Managua,2019-10-05 21:48:39,2025-08-07 19:22:15,1,Q728127
943,Granada,159,NI,06,GR,NI-GR,department,,,,11.9344073,-85.9560005,America/Managua,2019-10-05 21:48:39,2025-08-07 19:22:17,1,Q258405
944,León,159,NI,08,LE,NI-LE,department,,,,12.5092037,-86.6611083,America/Managua,2019-10-05 21:48:39,2025-08-07 19:22:19,1,Q586818
945,Estelí,159,NI,05,ES,NI-ES,department,,,,13.0931241,-86.3554436,America/Managua,2019-10-05 21:48:39,2025-08-07 19:22:20,1,Q728015
946,Boaco,159,NI,01,BO,NI-BO,department,,,,12.469284,-85.6614682,America/Managua,2019-10-05 21:48:39,2025-08-07 19:22:22,1,Q280973
947,Matagalpa,159,NI,12,MT,NI-MT,department,,,,12.940323,-85.6960942,America/Managua,2019-10-05 21:48:39,2025-08-07 19:22:24,1,Q728099
948,Madriz,159,NI,09,MD,NI-MD,department,,,,13.4272871,-86.401622,America/Managua,2019-10-05 21:48:39,2025-08-07 19:22:25,1,Q728056
949,Río San Juan,159,NI,14,SJ,NI-SJ,department,,,,11.3080026,-84.7550693,America/Managua,2019-10-05 21:48:39,2025-08-07 19:22:27,1,Q728155
950,Carazo,159,NI,02,CA,NI-CA,department,,,,11.6619985,-86.3125697,America/Managua,2019-10-05 21:48:39,2025-08-07 19:22:28,1,Q461133
951,North Caribbean Coast,159,NI,17,AN,NI-AN,autonomous region,,,,14.0557499,-83.7475765,America/Managua,2019-10-05 21:48:39,2025-08-07 19:22:30,1,Q498452
952,South Caribbean Coast,159,NI,18,AS,NI-AS,autonomous region,,,,12.1793275,-83.7774051,America/Managua,2019-10-05 21:48:40,2025-08-07 19:22:32,1,Q291279
953,Masaya,159,NI,11,MS,NI-MS,department,,,,11.9736474,-86.0960547,America/Managua,2019-10-05 21:48:40,2025-08-07 19:22:33,1,Q570358
954,Chinandega,159,NI,03,CI,NI-CI,department,,,,12.7777962,-87.269584,America/Managua,2019-10-05 21:48:40,2025-08-07 19:22:35,1,Q644024
955,Jinotega,159,NI,07,JI,NI-JI,department,,,,13.0883907,-85.9993997,America/Managua,2019-10-05 21:48:40,2025-08-07 19:22:36,1,Q728120
956,Karak,111,JO,09,KA,JO-KA,governorate,,,,31.1257036,35.824704,Asia/Amman,2019-10-05 21:48:40,2025-08-07 19:22:38,1,Q735245
957,Tafilah,111,JO,12,AT,JO-AT,governorate,,,,30.833333,35.5999999,Asia/Amman,2019-10-05 21:48:40,2025-08-07 19:22:40,1,Q750259
958,Madaba,111,JO,23,MD,JO-MD,governorate,,,,31.7196097,35.7932754,Asia/Amman,2019-10-05 21:48:40,2025-08-07 19:22:42,1,Q750447
959,Aqaba,111,JO,21,AQ,JO-AQ,governorate,,,,29.532086,35.0062821,Asia/Amman,2019-10-05 21:48:40,2025-08-07 19:22:43,1,Q260796
960,Irbid,111,JO,18,IR,JO-IR,governorate,,,,32.5569636,35.8478965,Asia/Amman,2019-10-05 21:48:40,2025-08-07 19:22:45,1,Q721441
961,Balqa,111,JO,02,BA,JO-BA,governorate,,,,31.9782917,35.6585232,Asia/Amman,2019-10-05 21:48:40,2025-08-07 19:22:47,1,Q721431
962,Mafraq,111,JO,15,MA,JO-MA,governorate,,,,32.3416923,36.2020175,Asia/Amman,2019-10-05 21:48:40,2025-08-07 19:22:49,1,Q854871
963,Ajloun,111,JO,20,AJ,JO-AJ,governorate,,,,32.3325584,35.7516844,Asia/Amman,2019-10-05 21:48:40,2025-08-07 19:22:50,1,Q506658
964,Ma'an,111,JO,19,MN,JO-MN,governorate,,,,30.2,35.7333329,Asia/Amman,2019-10-05 21:48:40,2025-08-07 19:22:52,1,Q606340
965,Amman,111,JO,16,AM,JO-AM,governorate,,,,31.9453633,35.9283895,Asia/Amman,2019-10-05 21:48:40,2025-08-07 19:22:53,1,Q472788
966,Jerash,111,JO,22,JA,JO-JA,governorate,,,,32.2747237,35.8960954,Asia/Amman,2019-10-05 21:48:40,2025-08-07 19:22:55,1,Q750270
967,Zarqa,111,JO,17,AZ,JO-AZ,governorate,,,,32.0608505,36.0942121,Asia/Amman,2019-10-05 21:48:40,2025-08-07 19:22:57,1,Q721445
968,Manzini,212,SZ,03,MA,SZ-MA,region,,,,-26.4976444,31.3750815,Africa/Mbabane,2019-10-05 21:48:40,2025-08-07 19:22:59,1,Q305395
969,Hhohho,212,SZ,01,HH,SZ-HH,region,,,,-26.0988012,31.3630822,Africa/Mbabane,2019-10-05 21:48:40,2025-08-07 19:23:00,1,Q735570
970,Lubombo,212,SZ,02,LU,SZ-LU,region,,,,-26.55452,31.8619116,Africa/Mbabane,2019-10-05 21:48:40,2025-08-07 19:23:02,1,Q856657
971,Shiselweni,212,SZ,04,SH,SZ-SH,region,,,,-27.036022,31.3321298,Africa/Mbabane,2019-10-05 21:48:40,2025-08-07 19:23:04,1,Q845934
972,Al Jahra,117,KW,05,JA,KW-JA,governorate,,,,29.3474636,47.6722054,Asia/Kuwait,2019-10-05 21:48:40,2025-08-07 19:23:06,1,Q405701
973,Hawalli,117,KW,08,HA,KW-HA,governorate,,,,29.3236609,48.1153148,Asia/Kuwait,2019-10-05 21:48:40,2025-08-07 19:23:08,1,Q747432
974,Mubarak Al-Kabeer,117,KW,09,MU,KW-MU,governorate,,,,29.1870956,48.0827589,Asia/Kuwait,2019-10-05 21:48:40,2025-08-07 19:23:10,1,Q913370
975,Al Farwaniyah,117,KW,07,FA,KW-FA,governorate,,,,29.2482539,47.9136755,Asia/Kuwait,2019-10-05 21:48:40,2025-08-07 19:23:11,1,Q1072757
976,Al Asimah,117,KW,02,KU,KW-KU,governorate,,,,29.0926128,48.513355,Asia/Kuwait,2019-10-05 21:48:40,2025-08-07 19:23:13,1,Q1046645
977,Al Ahmadi,117,KW,04,AH,KW-AH,governorate,,,,28.8538571,48.1652377,Asia/Kuwait,2019-10-05 21:48:40,2025-08-07 19:23:14,1,Q552354
978,Luang Prabang,119,LA,17,LP,LA-LP,province,,,,20.2115415,102.612684,Asia/Vientiane,2019-10-05 21:48:40,2025-08-07 19:23:16,1,Q747881
979,Vientiane,119,LA,24,VT,LA-VT,prefecture,,,,17.9640988,102.6133707,Asia/Vientiane,2019-10-05 21:48:40,2025-08-07 19:23:18,1,Q390377
980,Vientiane,119,LA,27,VI,LA-VI,province,,,,17.9640988,102.6133707,Asia/Vientiane,2019-10-05 21:48:40,2025-08-07 19:23:20,1,Q720066
981,Salavan,119,LA,19,SL,LA-SL,province,,,,15.87128,106.3389565,Asia/Vientiane,2019-10-05 21:48:40,2025-08-07 19:23:22,1,Q302656
982,Attapeu,119,LA,01,AT,LA-AT,province,,,,14.79073,107.1008318,Asia/Vientiane,2019-10-05 21:48:40,2025-08-07 19:23:23,1,Q503004
983,Xaisomboun,119,LA,28,XS,LA-XS,province,,,,18.8631725,103.0344783,Asia/Vientiane,2019-10-05 21:48:40,2025-08-07 19:23:25,1,Q20202028
984,Sekong,119,LA,26,XE,LA-XE,province,,,,15.8660419,106.9637782,Asia/Vientiane,2019-10-05 21:48:40,2025-08-07 19:23:27,1,Q585707
985,Bolikhamsai,119,LA,23,BL,LA-BL,province,,,,18.5806594,104.1491594,Asia/Vientiane,2019-10-05 21:48:40,2025-08-07 19:23:29,1,Q2403514
986,Khammouane,119,LA,15,KH,LA-KH,province,,,,17.5842055,105.2471325,Asia/Vientiane,2019-10-05 21:48:40,2025-08-07 19:23:30,1,Q506641
987,Phongsaly,119,LA,18,PH,LA-PH,province,,,,21.6767816,102.2773177,Asia/Vientiane,2019-10-05 21:48:40,2025-08-07 19:23:32,1,Q334868
988,Oudomxay,119,LA,07,OU,LA-OU,province,,,,20.6930134,101.9853678,Asia/Vientiane,2019-10-05 21:48:40,2025-08-07 19:23:34,1,Q465961
989,Houaphanh,119,LA,03,HO,LA-HO,province,,,,20.2354748,103.6203387,Asia/Vientiane,2019-10-05 21:48:40,2025-08-07 19:23:36,1,Q502997
990,Savannakhet,119,LA,20,SV,LA-SV,province,,,,16.5001958,105.7155946,Asia/Vientiane,2019-10-05 21:48:40,2025-08-07 19:23:37,1,Q465940
991,Bokeo,119,LA,22,BK,LA-BK,province,,,,20.317445,100.3958112,Asia/Vientiane,2019-10-05 21:48:40,2025-08-07 19:23:39,1,Q334884
992,Luang Namtha,119,LA,16,LM,LA-LM,province,,,,20.933004,101.0586737,Asia/Vientiane,2019-10-05 21:48:40,2025-08-07 19:23:41,1,Q948691
993,Sainyabuli,119,LA,13,XA,LA-XA,province,,,,19.2536139,101.6180985,Asia/Vientiane,2019-10-05 21:48:40,2025-08-07 19:23:43,1,Q465929
995,Xiangkhouang,119,LA,14,XI,LA-XI,province,,,,19.4130479,103.4680126,Asia/Vientiane,2019-10-05 21:48:40,2025-08-07 19:23:44,1,Q465947
996,Champasak,119,LA,02,CH,LA-CH,province,,,,14.8872885,105.8765804,Asia/Vientiane,2019-10-05 21:48:40,2025-08-07 19:23:46,1,Q334888
997,Talas,118,KG,06,T,KG-T,region,,,,42.521995,72.247693,Asia/Bishkek,2019-10-05 21:48:40,2025-08-07 19:23:48,1,Q109838
998,Batken,118,KG,09,B,KG-B,region,,,,40.0611852,70.8200964,Asia/Bishkek,2019-10-05 21:48:40,2025-08-07 19:23:49,1,Q487631
999,Naryn,118,KG,04,N,KG-N,region,,,,41.3670658,75.9931838,Asia/Bishkek,2019-10-05 21:48:40,2025-08-07 19:23:51,1,Q486375
1000,Jalal-Abad,118,KG,03,J,KG-J,region,,,,40.9298182,73.00119,Asia/Bishkek,2019-10-05 21:48:40,2025-08-07 19:23:53,1,Q487640
1001,Bishkek,118,KG,01,GB,KG-GB,city,,,,42.8761424,74.6036724,Asia/Bishkek,2019-10-05 21:48:40,2025-08-07 19:23:55,1,Q9361
1002,Issyk-Kul,118,KG,07,Y,KG-Y,region,,,,42.4620398,77.0789862,Asia/Bishkek,2019-10-05 21:48:40,2025-08-07 19:23:56,1,Q487413
1003,Osh,118,KG,08,GO,KG-GO,city,,,,40.5172678,72.8049894,Asia/Bishkek,2019-10-05 21:48:40,2025-08-07 19:23:58,1,Q47282
1004,Chuy,118,KG,02,C,KG-C,region,,,,42.5550236,74.621991,Asia/Bishkek,2019-10-05 21:48:40,2025-08-07 19:24:00,1,Q486370
1005,Osh,118,KG,08,O,KG-O,region,,,,40.5172678,72.8049894,Asia/Bishkek,2019-10-05 21:48:40,2025-08-07 19:24:02,1,Q231987
1006,Trøndelag,165,NO,21,50,NO-50,county,,,,63.8775924,10.1950505,Europe/Oslo,2019-10-05 21:48:40,2025-08-07 19:24:04,1,Q127676
1007,Oslo,165,NO,12,03,NO-03,county,,,,59.9138688,10.7522454,Europe/Oslo,2019-10-05 21:48:40,2025-08-07 19:24:05,1,Q585
1009,Innlandet,165,NO,11,34,NO-34,county,,,,63.1047826,7.7351793,Europe/Oslo,2019-10-05 21:48:40,2025-08-07 19:24:07,1,Q56404886
1013,Svalbard,165,NO,SV,21,NO-21,arctic region,,,,78.7198519,20.3493328,Arctic/Longyearbyen,2019-10-05 21:48:40,2025-08-07 19:24:09,1,Q25231
1014,Agder,165,NO,19,42,NO-42,county,,,,58.7194423,8.0349635,Europe/Oslo,2019-10-05 21:48:40,2025-08-07 19:24:10,1,Q2729021
1015,Finnmark,165,NO,00,56,NO-56,county,,,,69.9697735,24.7685788,Europe/Oslo,2025-06-04 16:55:57,2025-08-07 19:24:12,1,Q50632
1018,Vestland,165,NO,15,46,NO-46,county,,,,60.9291011,6.1078869,Europe/Oslo,2019-10-05 21:48:40,2025-08-07 19:24:14,1,Q56407177
1020,Møre og Romsdal,165,NO,08,15,NO-15,county,,,,62.8452777,7.5181941,Europe/Oslo,2019-10-05 21:48:40,2025-08-07 19:24:16,1,Q50627
1021,Rogaland,165,NO,14,11,NO-11,county,,,,58.9363137,5.8058786,Europe/Oslo,2019-10-05 21:48:40,2025-08-07 19:24:17,1,Q50624
1024,Telemark,165,NO,00,40,NO-40,county,,,,59.3962676,8.66266,Europe/Oslo,2019-10-05 21:48:40,2025-08-07 19:24:19,1,Q2254
1025,Nordland,165,NO,09,18,NO-18,county,,,,67.2756405,13.8623606,Europe/Oslo,2019-10-05 21:48:40,2025-08-07 19:24:20,1,Q50630
1026,Jan Mayen,165,NO,JN,22,NO-22,arctic region,,,,70.9931471,-8.3520659,Arctic/Longyearbyen,2019-10-05 21:48:40,2025-08-07 19:24:22,1,Q14056
1027,Hódmezővásárhely,99,HU,29,HV,HU-HV,city with county rights,,,,46.4181262,20.3300315,Europe/Budapest,2019-10-05 21:48:40,2025-08-07 19:24:24,1,Q124375
1028,Érd,99,HU,43,ER,HU-ER,city with county rights,,,,47.3772495,18.9213833,Europe/Budapest,2019-10-05 21:48:40,2025-08-07 19:24:26,1,Q193050
1029,Szeged,99,HU,19,SD,HU-SD,city with county rights,,,,46.2530102,20.1414253,Europe/Budapest,2019-10-05 21:48:40,2025-08-07 19:24:27,1,Q81581
1030,Nagykanizsa,99,HU,32,NK,HU-NK,city with county rights,,,,46.4590218,16.9896796,Europe/Budapest,2019-10-05 21:48:40,2025-08-07 19:24:29,1,Q14424
1031,Csongrád County,99,HU,06,CS,HU-CS,county,,,,46.2607525,20.1484568,Europe/Budapest,2019-10-05 21:48:40,2025-08-07 19:24:31,1,Q193031
1032,Debrecen,99,HU,07,DE,HU-DE,city with county rights,,,,47.5316049,21.6273124,Europe/Budapest,2019-10-05 21:48:40,2025-08-07 19:24:32,1,Q79880
1033,Székesfehérvár,99,HU,35,SF,HU-SF,city with county rights,,,,47.1910169,18.410811,Europe/Budapest,2019-10-05 21:48:40,2025-08-07 19:24:34,1,Q130212
1034,Nyíregyháza,99,HU,33,NY,HU-NY,city with county rights,,,,47.9495324,21.7244053,Europe/Budapest,2019-10-05 21:48:40,2025-08-07 19:24:36,1,Q171223
1035,Somogy County,99,HU,17,SO,HU-SO,county,,,,46.554859,17.5866732,Europe/Budapest,2019-10-05 21:48:40,2025-08-07 19:24:38,1,Q190522
1036,Békéscsaba,99,HU,26,BC,HU-BC,city with county rights,,,,46.6798003,21.0985425,Europe/Budapest,2019-10-05 21:48:40,2025-08-07 19:24:39,1,Q178878
1037,Eger,99,HU,28,EG,HU-EG,city with county rights,,,,47.9025348,20.3772284,Europe/Budapest,2019-10-05 21:48:40,2025-08-07 19:24:41,1,Q167109
1038,Tolna County,99,HU,21,TO,HU-TO,county,,,,46.4762754,18.5570627,Europe/Budapest,2019-10-05 21:48:40,2025-08-07 19:24:42,1,Q191625
1039,Vas County,99,HU,22,VA,HU-VA,county,,,,47.0929111,16.6812183,Europe/Budapest,2019-10-05 21:48:40,2025-08-07 19:24:44,1,Q187677
1040,Heves County,99,HU,11,HE,HU-HE,county,,,,47.8057617,20.2038559,Europe/Budapest,2019-10-05 21:48:40,2025-08-07 19:24:46,1,Q191604
1041,Győr,99,HU,25,GY,HU-GY,city with county rights,,,,47.687609,17.6346815,Europe/Budapest,2019-10-05 21:48:40,2025-08-07 19:24:48,1,Q134494
1042,Győr-Moson-Sopron County,99,HU,09,GS,HU-GS,county,,,,47.6509285,17.2505883,Europe/Budapest,2019-10-05 21:48:40,2025-08-07 19:24:50,1,Q187753
1043,Jász-Nagykun-Szolnok County,99,HU,20,JN,HU-JN,county,,,,47.2555579,20.5232456,Europe/Budapest,2019-10-05 21:48:40,2025-08-07 19:24:51,1,Q189655
1044,Fejér County,99,HU,08,FE,HU-FE,county,,,,47.1217932,18.5294815,Europe/Budapest,2019-10-05 21:48:40,2025-08-07 19:24:53,1,Q187693
1045,Szabolcs-Szatmár-Bereg County,99,HU,18,SZ,HU-SZ,county,,,,48.0394954,22.00333,Europe/Budapest,2019-10-05 21:48:40,2025-08-07 19:24:55,1,Q190518
1046,Zala County,99,HU,24,ZA,HU-ZA,county,,,,46.7900881,16.9339428,Europe/Budapest,2019-10-05 21:48:40,2025-08-07 19:24:57,1,Q185374
1047,Szolnok,99,HU,36,SK,HU-SK,city with county rights,,,,47.1753833,20.1946279,Europe/Budapest,2019-10-05 21:48:40,2025-08-07 19:24:58,1,Q181276
1048,Bács-Kiskun,99,HU,01,BK,HU-BK,county,,,,46.5809294,19.5128532,Europe/Budapest,2019-10-05 21:48:40,2025-08-07 19:25:00,1,Q181018
1049,Dunaújváros,99,HU,27,DU,HU-DU,city with county rights,,,,46.9619059,18.9355227,Europe/Budapest,2019-10-05 21:48:40,2025-08-07 19:25:02,1,Q187812
1050,Zalaegerszeg,99,HU,40,ZE,HU-ZE,county,,,,46.8416936,16.8416322,Europe/Budapest,2019-10-05 21:48:40,2025-08-07 19:25:04,1,Q60037
1051,Nógrád County,99,HU,14,NO,HU-NO,county,,,,47.9041031,19.0498504,Europe/Budapest,2019-10-05 21:48:40,2025-08-07 19:25:05,1,Q194273
1052,Szombathely,99,HU,37,SH,HU-SH,city with county rights,,,,47.2306851,16.6218441,Europe/Budapest,2019-10-05 21:48:40,2025-08-07 19:25:07,1,Q42007
1053,Pécs,99,HU,15,PS,HU-PS,city with county rights,,,,46.0727345,18.232266,Europe/Budapest,2019-10-05 21:48:40,2025-08-07 19:25:09,1,Q45779
1054,Veszprém County,99,HU,23,VE,HU-VE,county,,,,47.0930974,17.9100763,Europe/Budapest,2019-10-05 21:48:40,2025-08-07 19:25:11,1,Q188890
1055,Baranya,99,HU,02,BA,HU-BA,county,,,,45.9714436,18.1669246,Europe/Budapest,2019-10-05 21:48:40,2025-08-07 19:25:12,1,Q186195
1056,Kecskemét,99,HU,31,KM,HU-KM,city with county rights,,,,46.9073883,19.6917206,Europe/Budapest,2019-10-05 21:48:40,2025-08-07 19:25:14,1,Q171357
1057,Sopron,99,HU,34,SN,HU-SN,city with county rights,,,,47.6803063,16.5983457,Europe/Budapest,2019-10-05 21:48:40,2025-08-07 19:25:15,1,Q168648
1058,Borsod-Abaúj-Zemplén,99,HU,04,BZ,HU-BZ,county,,,,48.2397936,21.1353474,Europe/Budapest,2019-10-05 21:48:40,2025-08-07 19:25:17,1,Q188895
1059,Pest County,99,HU,16,PE,HU-PE,county,,,,47.4480001,19.4618128,Europe/Budapest,2019-10-05 21:48:40,2025-08-07 19:25:19,1,Q188612
1060,Békés,99,HU,03,BE,HU-BE,county,,,,46.7717431,21.1325877,Europe/Budapest,2019-10-05 21:48:40,2025-08-07 19:25:21,1,Q191616
1061,Szekszárd,99,HU,42,SS,HU-SS,city with county rights,,,,46.3474326,18.7062293,Europe/Budapest,2019-10-05 21:48:40,2025-08-07 19:25:22,1,Q189761
1062,Veszprém,99,HU,39,VM,HU-VM,city with county rights,,,,47.0933824,17.9080406,Europe/Budapest,2019-10-05 21:48:40,2025-08-07 19:25:24,1,Q146317
1063,Hajdú-Bihar County,99,HU,10,HB,HU-HB,county,,,,47.4688355,21.5453227,Europe/Budapest,2019-10-05 21:48:40,2025-08-07 19:25:26,1,Q185368
1064,Budapest,99,HU,05,BU,HU-BU,capital city,,,,47.497912,19.040235,Europe/Budapest,2019-10-05 21:48:40,2025-08-07 19:25:28,1,Q1781
1065,Miskolc,99,HU,13,MI,HU-MI,city with county rights,,,,48.1034775,20.7784384,Europe/Budapest,2019-10-05 21:48:40,2025-08-07 19:25:29,1,Q102397
1066,Tatabánya,99,HU,38,TB,HU-TB,city with county rights,,,,47.583845,18.3979855,Europe/Budapest,2019-10-05 21:48:40,2025-08-07 19:25:31,1,Q187821
1067,Kaposvár,99,HU,30,KV,HU-KV,city with county rights,,,,46.3593606,17.7967639,Europe/Budapest,2019-10-05 21:48:40,2025-08-07 19:25:33,1,Q184998
1068,Salgótarján,99,HU,41,ST,HU-ST,city with county rights,,,,48.0935237,19.7999813,Europe/Budapest,2019-10-05 21:48:40,2025-08-07 19:25:35,1,Q189769
1069,Tipperary,105,IE,26,TA,IE-TA,county,1,1080,,52.4737894,-8.1618514,Europe/Dublin,2019-10-05 21:48:40,2025-08-07 19:25:36,1,Q184618
1070,Sligo,105,IE,25,SO,IE-SO,county,1,1087,,54.1929861,-8.7305427,Europe/Dublin,2019-10-05 21:48:40,2025-08-07 19:25:38,1,Q179325
1071,Donegal,105,IE,06,DL,IE-DL,county,1,1086,,54.6548993,-8.1040967,Europe/Dublin,2019-10-05 21:48:40,2025-08-07 19:25:40,1,Q179424
1072,Dublin,105,IE,07,D,IE-D,county,1,1073,,53.3498053,-6.2603097,Europe/Dublin,2019-10-05 21:48:40,2025-08-07 19:25:42,1,Q173500
1073,Leinster,105,IE,L,L,IE-L,province,,,,53.118465,-6.9918183,Europe/Dublin,2019-10-05 21:48:40,2025-08-07 19:25:43,1,Q159736
1074,Cork,105,IE,04,CO,IE-CO,county,1,1080,,51.8985143,-8.4756035,Europe/Dublin,2019-10-05 21:48:40,2025-08-07 19:25:45,1,Q162475
1075,Monaghan,105,IE,22,MN,IE-MN,county,1,1086,,54.2492046,-6.9683132,Europe/Dublin,2019-10-05 21:48:40,2025-08-07 19:25:47,1,Q184760
1076,Longford,105,IE,18,LD,IE-LD,county,1,1073,,53.7274982,-7.7931527,Europe/Dublin,2019-10-05 21:48:40,2025-08-07 19:25:49,1,Q186220
1077,Kerry,105,IE,11,KY,IE-KY,county,1,1080,,52.1453345,-9.5174011,Europe/Dublin,2019-10-05 21:48:40,2025-08-07 19:25:50,1,Q184469
1078,Offaly,105,IE,23,OY,IE-OY,county,1,1073,,53.1361722,-7.8103408,Europe/Dublin,2019-10-05 21:48:40,2025-08-07 19:25:52,1,Q184445
1079,Galway,105,IE,10,G,IE-G,county,1,1087,,53.2744122,-9.0490601,Europe/Dublin,2019-10-05 21:48:40,2025-08-07 19:25:54,1,Q169923
1080,Munster,105,IE,M,M,IE-M,province,,,,52.3076216,-8.5708973,Europe/Dublin,2019-10-05 21:48:40,2025-08-07 19:25:56,1,Q131438
1081,Roscommon,105,IE,24,RN,IE-RN,county,1,1087,,53.6982695,-8.2182508,Europe/Dublin,2019-10-05 21:48:40,2025-08-07 19:25:57,1,Q179437
1082,Kildare,105,IE,12,KE,IE-KE,county,1,1073,,53.1543645,-6.8184423,Europe/Dublin,2019-10-05 21:48:40,2025-08-07 19:25:59,1,Q173332
1083,Louth,105,IE,19,LH,IE-LH,county,1,1073,,53.9062848,-6.5320502,Europe/Dublin,2019-10-05 21:48:40,2025-08-07 19:26:01,1,Q183539
1084,Mayo,105,IE,20,MO,IE-MO,county,1,1087,,53.9087056,-9.2983049,Europe/Dublin,2019-10-05 21:48:40,2025-08-07 19:26:02,1,Q178626
1085,Wicklow,105,IE,31,WW,IE-WW,county,1,1073,,52.9582099,-6.3814208,Europe/Dublin,2019-10-05 21:48:40,2025-08-07 19:26:04,1,Q182591
1086,Ulster,105,IE,U,U,IE-U,province,,,,54.0934659,-7.1989794,Europe/Dublin,2019-10-05 21:48:40,2025-08-07 19:26:06,1,Q93195
1087,Connacht,105,IE,C,C,IE-C,province,,,,53.7210278,-8.925256,Europe/Dublin,2019-10-05 21:48:40,2025-08-07 19:26:08,1,Q164421
1088,Cavan,105,IE,02,CN,IE-CN,county,1,1086,,53.9911042,-7.3603119,Europe/Dublin,2019-10-05 21:48:40,2025-08-07 19:26:09,1,Q187402
1089,Waterford,105,IE,27,WD,IE-WD,county,1,1080,,52.1509131,-7.6577982,Europe/Dublin,2019-10-05 21:48:40,2025-08-07 19:26:11,1,Q184594
1090,Kilkenny,105,IE,13,KK,IE-KK,county,1,1073,,52.5687098,-7.1889831,Europe/Dublin,2019-10-05 21:48:40,2025-08-07 19:26:13,1,Q180231
1091,Clare,105,IE,03,CE,IE-CE,county,1,1080,,53.3454937,-8.9860534,Europe/Dublin,2019-10-05 21:48:40,2025-08-07 19:26:14,1,Q181862
1092,Meath,105,IE,21,MH,IE-MH,county,1,1073,,53.6497514,-6.5884245,Europe/Dublin,2019-10-05 21:48:40,2025-08-07 19:26:16,1,Q183544
1093,Wexford,105,IE,30,WX,IE-WX,county,1,1073,,52.4601874,-6.6065155,Europe/Dublin,2019-10-05 21:48:40,2025-08-07 19:26:18,1,Q184599
1094,Limerick,105,IE,16,LK,IE-LK,county,1,1080,,52.5188316,-8.7958347,Europe/Dublin,2019-10-05 21:48:40,2025-08-07 19:26:19,1,Q178283
1095,Carlow,105,IE,01,CW,IE-CW,county,1,1073,,52.6907887,-6.8251452,Europe/Dublin,2019-10-05 21:48:40,2025-08-07 19:26:21,1,Q181882
1096,Laois,105,IE,15,LS,IE-LS,county,1,1073,,52.9984575,-7.3980338,Europe/Dublin,2019-10-05 21:48:40,2025-08-07 19:26:23,1,Q55299
1097,Westmeath,105,IE,29,WH,IE-WH,county,1,1073,,53.5577902,-7.3478558,Europe/Dublin,2019-10-05 21:48:40,2025-08-07 19:26:24,1,Q182633
1098,Djelfa,4,DZ,22,17,DZ-17,province,,,,34.6703956,3.2503761,Africa/Algiers,2019-10-05 21:48:40,2025-08-07 19:26:26,1,Q233233
1099,El Oued,4,DZ,43,39,DZ-39,province,,,,33.3611531,6.8606693,Africa/Algiers,2019-10-05 21:48:40,2025-08-07 19:26:28,1,Q233651
1100,El Tarf,4,DZ,44,36,DZ-36,province,,,,36.7667186,8.3169418,Africa/Algiers,2019-10-05 21:48:40,2025-08-07 19:26:29,1,Q236788
1101,Oran,4,DZ,09,31,DZ-31,province,,,,35.6215861,-0.7016143,Africa/Algiers,2019-10-05 21:48:40,2025-08-07 19:26:31,1,Q231331
1102,Naama,4,DZ,49,45,DZ-45,province,,,,33.2667317,-0.3128659,Africa/Algiers,2019-10-05 21:48:40,2025-08-07 19:26:32,1,Q233675
1103,Annaba,4,DZ,37,23,DZ-23,province,,,,36.8438448,7.5981738,Africa/Algiers,2019-10-05 21:48:40,2025-08-07 19:26:34,1,Q213944
1104,Bouïra,4,DZ,21,10,DZ-10,province,,,,36.3691846,3.9006194,Africa/Algiers,2019-10-05 21:48:40,2025-08-07 19:26:36,1,Q233655
1105,Chlef,4,DZ,41,02,DZ-02,province,,,,36.164592,1.331499,Africa/Algiers,2019-10-05 21:48:40,2025-08-07 19:26:37,1,Q231752
1106,Tiaret,4,DZ,13,14,DZ-14,province,,,,35.3708689,1.3217852,Africa/Algiers,2019-10-05 21:48:40,2025-08-07 19:26:39,1,Q233258
1107,Tlemcen,4,DZ,15,13,DZ-13,province,,,,34.667468,-1.2978132,Africa/Algiers,2019-10-05 21:48:40,2025-08-07 19:26:41,1,Q233632
1108,Béchar,4,DZ,38,08,DZ-08,province,,,,31.6238098,-2.2162443,Africa/Algiers,2019-10-05 21:48:40,2025-08-07 19:26:42,1,Q215467
1109,Médéa,4,DZ,06,26,DZ-26,province,,,,36.2637078,2.7587857,Africa/Algiers,2019-10-05 21:48:40,2025-08-07 19:26:44,1,Q235810
1110,Skikda,4,DZ,31,21,DZ-21,province,,,,36.7545115,6.8856255,Africa/Algiers,2019-10-05 21:48:40,2025-08-07 19:26:46,1,Q234227
1111,Blida,4,DZ,20,09,DZ-09,province,,,,36.5012595,2.9517666,Africa/Algiers,2019-10-05 21:48:40,2025-08-07 19:26:48,1,Q233637
1112,Illizi,4,DZ,46,33,DZ-33,province,,,,26.504191,8.479926,Africa/Algiers,2019-10-05 21:48:40,2025-08-07 19:26:49,1,Q233659
1113,Jijel,4,DZ,24,18,DZ-18,province,,,,36.7292188,5.9607776,Africa/Algiers,2019-10-05 21:48:40,2025-08-07 19:26:51,1,Q235718
1114,Biskra,4,DZ,19,07,DZ-07,province,,,,34.8449437,5.7248567,Africa/Algiers,2019-10-05 21:48:40,2025-08-07 19:26:52,1,Q458402
1115,Tipasa,4,DZ,55,42,DZ-42,province,,,,36.527157,2.1672012,Africa/Algiers,2019-10-05 21:48:40,2025-08-07 19:26:54,1,Q235814
1116,Bordj Bou Arréridj,4,DZ,39,34,DZ-34,province,,,,36.0739925,4.7630271,Africa/Algiers,2019-10-05 21:48:40,2025-08-07 19:26:56,1,Q266411
1117,Tébessa,4,DZ,33,12,DZ-12,province,,,,35.124945,7.9011735,Africa/Algiers,2019-10-05 21:48:40,2025-08-07 19:26:57,1,Q267224
1118,Adrar,4,DZ,34,01,DZ-01,province,,,,26.4888155,-1.3582442,Africa/Algiers,2019-10-05 21:48:40,2025-08-07 19:26:59,1,Q188166
1119,Aïn Defla,4,DZ,35,44,DZ-44,province,,,,36.2657178,1.9701347,Africa/Algiers,2019-10-05 21:48:40,2025-08-07 19:27:01,1,Q168953
1120,Tindouf,4,DZ,54,37,DZ-37,province,,,,27.543907,-6.2400411,Africa/Algiers,2019-10-05 21:48:40,2025-08-07 19:27:03,1,Q231151
1121,Constantine,4,DZ,04,25,DZ-25,province,,,,36.3584165,6.6671674,Africa/Algiers,2019-10-05 21:48:40,2025-08-07 19:27:04,1,Q232043
1122,Aïn Témouchent,4,DZ,36,46,DZ-46,province,,,,35.2992698,-1.1392792,Africa/Algiers,2019-10-05 21:48:40,2025-08-07 19:27:06,1,Q233670
1123,Saïda,4,DZ,10,20,DZ-20,province,,,,34.8302067,0.1502692,Africa/Algiers,2019-10-05 21:48:40,2025-08-07 19:27:08,1,Q233640
1124,Mascara,4,DZ,26,29,DZ-29,province,,,,35.394081,0.1379568,Africa/Algiers,2019-10-05 21:48:40,2025-08-07 19:27:10,1,Q236776
1125,Boumerdès,4,DZ,40,35,DZ-35,province,,,,36.7358032,3.6163046,Africa/Algiers,2019-10-05 21:48:40,2025-08-07 19:27:11,1,Q236752
1126,Khenchela,4,DZ,47,40,DZ-40,province,,,,35.4269404,7.1460155,Africa/Algiers,2019-10-05 21:48:40,2025-08-07 19:27:13,1,Q213950
1127,Ghardaïa,4,DZ,45,47,DZ-47,province,,,,32.485855,3.677104,Africa/Algiers,2019-10-05 21:48:40,2025-08-07 19:27:14,1,Q17601
1128,Béjaïa,4,DZ,18,06,DZ-06,province,,,,36.7515258,5.0556837,Africa/Algiers,2019-10-05 21:48:40,2025-08-07 19:27:16,1,Q233665
1129,El Bayadh,4,DZ,42,32,DZ-32,province,,,,32.570303,1.1259581,Africa/Algiers,2019-10-05 21:48:40,2025-08-07 19:27:17,1,Q235703
1130,Relizane,4,DZ,51,48,DZ-48,province,,,,35.7381193,0.5547673,Africa/Algiers,2019-10-05 21:48:40,2025-08-07 19:27:19,1,Q236758
1131,Tizi Ouzou,4,DZ,14,15,DZ-15,province,,,,36.6816175,4.237186,Africa/Algiers,2019-10-05 21:48:40,2025-08-07 19:27:21,1,Q233645
1132,Mila,4,DZ,48,43,DZ-43,province,,,,36.2502135,6.1652163,Africa/Algiers,2019-10-05 21:48:40,2025-08-07 19:27:23,1,Q235723
1133,Tissemsilt,4,DZ,56,38,DZ-38,province,,,,35.6053781,1.813098,Africa/Algiers,2019-10-05 21:48:40,2025-08-07 19:27:24,1,Q235805
1134,M'Sila,4,DZ,27,28,DZ-28,province,,,,35.7087553,4.5371552,Africa/Algiers,2019-10-05 21:48:40,2025-08-07 19:27:26,1,Q240870
1135,Tamanghasset,4,DZ,53,11,DZ-11,province,,,,22.7859372,5.5291395,Africa/Algiers,2019-10-05 21:48:40,2025-08-07 19:27:28,1,Q229467
1136,Oum El Bouaghi,4,DZ,29,04,DZ-04,province,,,,35.8688789,7.1108266,Africa/Algiers,2019-10-05 21:48:40,2025-08-07 19:27:29,1,Q235705
1137,Guelma,4,DZ,23,24,DZ-24,province,,,,36.4627444,7.4330833,Africa/Algiers,2019-10-05 21:48:40,2025-08-07 19:27:31,1,Q235727
1138,Laghouat,4,DZ,25,03,DZ-03,province,,,,33.8063451,2.8802635,Africa/Algiers,2019-10-05 21:48:40,2025-08-07 19:27:32,1,Q231748
1139,Ouargla,4,DZ,50,30,DZ-30,province,,,,31.9444998,5.3217813,Africa/Algiers,2019-10-05 21:48:40,2025-08-07 19:27:34,1,Q235709
1140,Mostaganem,4,DZ,07,27,DZ-27,province,,,,36.0026915,0.3686867,Africa/Algiers,2019-10-05 21:48:40,2025-08-07 19:27:36,1,Q221445
1141,Sétif,4,DZ,12,19,DZ-19,province,,,,36.1893494,5.4046876,Africa/Algiers,2019-10-05 21:48:40,2025-08-07 19:27:38,1,Q237164
1142,Batna,4,DZ,03,05,DZ-05,province,,,,35.5492346,6.1160382,Africa/Algiers,2019-10-05 21:48:40,2025-08-07 19:27:39,1,Q215452
1143,Souk Ahras,4,DZ,52,41,DZ-41,province,,,,36.282865,7.9537896,Africa/Algiers,2019-10-05 21:48:40,2025-08-07 19:27:41,1,Q236772
1144,Algiers,4,DZ,01,16,DZ-16,province,,,,36.7000509,3.0291266,Africa/Algiers,2019-10-05 21:48:40,2025-08-07 19:27:43,1,Q141026
1146,Burgos,207,ES,,BU,ES-BU,province,1,5329,,42.3247142,-3.6765389,Europe/Madrid,2019-10-05 21:48:40,2025-08-07 19:27:44,1,Q55271
1147,Salamanca,207,ES,,SA,ES-SA,province,1,5329,,40.7665582,-6.021765,Europe/Madrid,2019-10-05 21:48:40,2025-08-07 19:27:46,1,Q71080
1157,Palencia,207,ES,,P,ES-P,province,1,5329,,42.0096832,-4.5287949,Europe/Madrid,2019-10-05 21:48:40,2025-08-07 19:27:48,1,Q55269
1158,Madrid,207,ES,29,M,ES-M,province,1,5337,,40.4167515,-3.7038322,Europe/Madrid,2019-10-05 21:48:40,2025-08-07 19:27:50,1,Q5756
1160,Asturias,207,ES,34,O,ES-O,province,1,1160,,43.3133868,-5.94192,Europe/Madrid,2019-10-05 21:48:40,2025-08-07 19:27:51,1,Q3934
1161,Zamora,207,ES,,ZA,ES-ZA,province,1,5329,,41.6857693,-5.942315,Europe/Madrid,2019-10-05 21:48:40,2025-08-07 19:27:53,1,Q71113
1167,Pontevedra,207,ES,58,PO,ES-PO,province,1,5334,,42.4318876,-8.6431592,Europe/Madrid,2019-10-05 21:48:40,2025-08-07 19:27:55,1,Q95086
1170,Cantabria,207,ES,39,S,ES-S,province,1,1170,,43.1595664,-4.0878382,Europe/Madrid,2019-10-05 21:48:40,2025-08-07 19:27:56,1,Q3946
1171,La Rioja,207,ES,27,LO,ES-LO,province,1,1171,,42.2814642,-2.482805,Europe/Madrid,2019-10-05 21:48:40,2025-08-07 19:27:58,1,Q5727
1174,Islas Baleares,207,ES,07,PM,ES-PM,province,1,5335,,39.613432,2.8829185,Europe/Madrid,2019-10-05 21:48:40,2025-08-07 19:28:00,1,Q5765
1175,Valencia,207,ES,60,V,ES-V,province,1,5340,,39.3342058,-0.7973474,Europe/Madrid,2019-10-05 21:48:40,2025-08-07 19:28:01,1,Q5720
1176,Murcia,207,ES,31,MU,ES-MU,province,1,5338,,37.9923795,-1.1305431,Europe/Madrid,2019-10-05 21:48:40,2025-08-07 19:28:03,1,Q5772
1177,Huesca,207,ES,52,HU,ES-HU,province,1,5326,,42.1363786,-0.4365837,Europe/Madrid,2019-10-05 21:48:40,2025-08-07 19:28:05,1,Q4040
1183,Valladolid,207,ES,,VA,ES-VA,province,1,5329,,41.6517375,-4.724495,Europe/Madrid,2019-10-05 21:48:40,2025-08-07 19:28:06,1,Q71097
1185,Las Palmas,207,ES,53,GC,ES-GC,province,1,5222,,27.9580004,-15.6062305,Atlantic/Canary,2019-10-05 21:48:40,2025-08-07 19:28:08,1,Q5813
1189,Ávila,207,ES,,AV,ES-AV,province,1,5329,,40.6232768,-4.8354202,Europe/Madrid,2019-10-05 21:48:40,2025-08-07 19:28:09,1,Q55288
1190,Caceres,207,ES,57,CC,ES-CC,province,1,5333,,39.4745175,-6.3716761,Europe/Madrid,2022-08-28 18:10:45,2025-08-07 19:28:11,1,Q81977
1191,Gipuzkoa,207,ES,59,SS,ES-SS,province,1,5332,,43.1445278,-2.2037955,Europe/Madrid,2019-10-05 21:48:40,2025-08-07 19:28:12,1,Q95010
1192,Segovia,207,ES,,SG,ES-SG,province,1,5329,,40.9429296,-4.1088942,Europe/Madrid,2019-10-05 21:48:40,2025-08-07 19:28:14,1,Q55283
1193,Sevilla,207,ES,51,SE,ES-SE,province,1,5325,,37.3886303,-5.9953403,Europe/Madrid,2022-08-28 19:08:04,2025-08-07 19:28:16,1,Q8717
1200,León,207,ES,55,LE,ES-LE,province,1,5329,,42.5987041,-5.5670839,Europe/Madrid,2019-10-05 21:48:40,2025-08-07 19:28:18,1,Q71140
1203,Tarragona,207,ES,56,T,ES-T,province,1,5331,,41.1172364,1.2546057,Europe/Madrid,2022-08-29 10:56:30,2025-08-07 19:28:20,1,Q15088
1204,Navarra,207,ES,32,NA,ES-NA,province,1,5339,,42.6125488,-1.8307877,Europe/Madrid,2019-10-05 21:48:40,2025-08-07 19:28:21,1,Q4018
1205,Toledo,207,ES,54,TO,ES-TO,province,1,5330,,39.8560679,-4.0239568,Europe/Madrid,2022-08-29 11:07:43,2025-08-07 19:28:23,1,Q5836
1208,Soria,207,ES,,SO,ES-SO,province,1,5329,,41.7633842,-2.4642041,Europe/Madrid,2019-10-05 21:48:41,2025-08-07 19:28:25,1,Q55276
1209,Guanacaste,53,CR,03,G,CR-G,province,,,,10.3788441,-85.4338287,America/Costa_Rica,2019-10-05 21:48:41,2025-08-07 19:28:26,1,Q690026
1210,Puntarenas,53,CR,07,P,CR-P,province,,,,9.0953279,-84.2003038,Etc/GMT+6,2019-10-05 21:48:41,2025-08-07 19:28:28,1,Q502170
1211,Cartago,53,CR,02,C,CR-C,province,,,,9.8622311,-83.9214187,America/Costa_Rica,2019-10-05 21:48:41,2025-08-07 19:28:29,1,Q502181
1212,Heredia,53,CR,04,H,CR-H,province,,,,10.3767813,-84.0139721,America/Costa_Rica,2019-10-05 21:48:41,2025-08-07 19:28:31,1,Q502192
1213,Limón,53,CR,06,L,CR-L,province,,,,9.9896398,-83.0332417,America/Costa_Rica,2019-10-05 21:48:41,2025-08-07 19:28:33,1,Q642644
1214,San José,53,CR,08,SJ,CR-SJ,province,,,,9.9325427,-84.0795782,America/Costa_Rica,2019-10-05 21:48:41,2025-08-07 19:28:34,1,Q647808
1215,Alajuela,53,CR,01,A,CR-A,province,,,,10.4523316,-84.4663284,America/Costa_Rica,2019-10-05 21:48:41,2025-08-07 19:28:36,1,Q502188
1216,Brunei-Muara,33,BN,02,BM,BN-BM,district,,,,4.9752098,114.9367663,Asia/Brunei,2019-10-05 21:48:41,2025-08-07 19:28:38,1,Q153009
1217,Belait,33,BN,01,BE,BN-BE,district,,,,4.4349938,114.4946524,Asia/Brunei,2019-10-05 21:48:41,2025-08-07 19:28:39,1,Q40395
1218,Temburong,33,BN,03,TE,BN-TE,district,,,,4.629184,115.1634408,Asia/Brunei,2019-10-05 21:48:41,2025-08-07 19:28:41,1,Q263285
1219,Tutong,33,BN,04,TU,BN-TU,district,,,,4.682681,114.6562706,Asia/Brunei,2019-10-05 21:48:41,2025-08-07 19:28:42,1,Q40398
1220,Saint Philip,20,BB,10,10,BB-10,parish,,,,13.129539,-59.4674102,America/Barbados,2019-10-05 21:48:41,2025-08-07 19:28:44,1,Q1647436
1221,Saint Lucy,20,BB,07,07,BB-07,parish,,,,13.3024068,-59.6129445,America/Barbados,2019-10-05 21:48:41,2025-08-07 19:28:46,1,Q1647447
1222,Saint Peter,20,BB,09,09,BB-09,parish,,,,13.2619779,-59.6207444,America/Barbados,2019-10-05 21:48:41,2025-08-07 19:28:48,1,Q932723
1223,Saint Joseph,20,BB,06,06,BB-06,parish,,,,13.1899463,-59.5592151,America/Barbados,2019-10-05 21:48:41,2025-08-07 19:28:50,1,Q550249
1224,Saint James,20,BB,04,04,BB-04,parish,,,,13.1863793,-59.625192,America/Barbados,2019-10-05 21:48:41,2025-08-07 19:28:51,1,Q592141
1225,Saint Thomas,20,BB,11,11,BB-11,parish,,,,13.177202,-59.5853833,America/Barbados,2019-10-05 21:48:41,2025-08-07 19:28:53,1,Q1647432
1226,Saint George,20,BB,03,03,BB-03,parish,,,,13.1384022,-59.5443721,America/Barbados,2019-10-05 21:48:41,2025-08-07 19:28:54,1,Q1647443
1227,Saint John,20,BB,05,05,BB-05,parish,,,,13.1899463,-59.5592151,America/Barbados,2019-10-05 21:48:41,2025-08-07 19:28:56,1,Q1626540
1228,Christ Church,20,BB,01,01,BB-01,parish,,,,13.082618,-59.5374451,America/Barbados,2019-10-05 21:48:41,2025-08-07 19:28:58,1,Q1626524
1229,Saint Andrew,20,BB,02,02,BB-02,parish,,,,13.2432904,-59.57317,America/Barbados,2019-10-05 21:48:41,2025-08-07 19:28:59,1,Q1647439
1230,Saint Michael,20,BB,08,08,BB-08,parish,,,,13.1182985,-59.6015783,America/Barbados,2019-10-05 21:48:41,2025-08-07 19:29:01,1,Q819170
1231,Ta'izz,245,YE,25,TA,YE-TA,governorate,,,,13.5775886,44.0177989,Asia/Aden,2019-10-05 21:48:41,2025-08-07 19:29:03,1,Q388330
1232,Amanat Al Asimah,245,YE,16,SA,YE-SA,municipality,,,,15.35,44.2,Asia/Aden,2019-10-05 21:48:41,2025-08-07 19:29:04,1,Q2471
1233,Ibb,245,YE,23,IB,YE-IB,governorate,,,,14.1419291,44.1389849,Asia/Aden,2019-10-05 21:48:41,2025-08-07 19:29:06,1,Q388274
1234,Ma'rib,245,YE,14,MA,YE-MA,governorate,,,,15.4578788,45.3230242,Asia/Aden,2019-10-05 21:48:41,2025-08-07 19:29:08,1,Q498465
1235,Al Mahwit,245,YE,10,MW,YE-MW,governorate,,,,15.387151,43.566296,Asia/Aden,2019-10-05 21:48:41,2025-08-07 19:29:10,1,Q388280
1236,Sana'a,245,YE,16,SN,YE-SN,governorate,,,,15.260691,44.424895,Asia/Aden,2019-10-05 21:48:41,2025-08-07 19:29:11,1,Q388291
1237,Abyan,245,YE,01,AB,YE-AB,governorate,,,,13.786202,46.141766,Asia/Aden,2019-10-05 21:48:41,2025-08-07 19:29:13,1,Q241774
1238,Hadhramaut,245,YE,04,HD,YE-HD,governorate,,,,16.7323022,48.6084967,Asia/Aden,2019-10-05 21:48:41,2025-08-07 19:29:15,1,Q241135
1239,Socotra,245,YE,28,SU,YE-SU,governorate,,,,12.5,53.833333,Asia/Aden,2019-10-05 21:48:41,2025-08-07 19:29:17,1,Q15728745
1240,Al Bayda',245,YE,20,BA,YE-BA,governorate,,,,14.34166,45.394422,Asia/Aden,2019-10-05 21:48:41,2025-08-07 19:29:18,1,Q221212
1241,Al Hudaydah,245,YE,08,HU,YE-HU,governorate,,,,15.1159326,42.844785,Asia/Aden,2019-10-05 21:48:41,2025-08-07 19:29:20,1,Q275755
1242,'Adan,245,YE,02,AD,YE-AD,governorate,,,,12.833333,44.916667,Asia/Aden,2019-10-05 21:48:41,2025-08-07 19:29:26,1,Q275729
1243,Al Jawf,245,YE,21,JA,YE-JA,governorate,,,,16.689733,45.611556,Asia/Aden,2019-10-05 21:48:41,2025-08-07 19:29:27,1,Q328128
1244,Hajjah,245,YE,22,HJ,YE-HJ,governorate,,,,16,43.25,Asia/Aden,2019-10-05 21:48:41,2025-08-07 19:29:29,1,Q328158
1245,Lahij,245,YE,24,LA,YE-LA,governorate,,,,13.0577821,44.8836135,Asia/Aden,2019-10-05 21:48:41,2025-08-07 19:29:31,1,Q388318
1246,Dhamar,245,YE,11,DH,YE-DH,governorate,,,,14.7384268,44.2709597,Asia/Aden,2019-10-05 21:48:41,2025-08-07 19:29:33,1,Q328193
1247,Shabwah,245,YE,05,SH,YE-SH,governorate,,,,14.9274109,46.6084967,Asia/Aden,2019-10-05 21:48:41,2025-08-07 19:29:34,1,Q328180
1248,Raymah,245,YE,27,RA,YE-RA,governorate,,,,14.6875552,43.6648264,Asia/Aden,2019-10-05 21:48:41,2025-08-07 19:29:36,1,Q475033
1249,Saada,245,YE,15,SD,YE-SD,governorate,,,,16.917332,43.759997,Asia/Aden,2019-10-05 21:48:41,2025-08-07 19:29:37,1,Q275732
1250,'Amran,245,YE,19,AM,YE-AM,governorate,,,,16.230218,43.909834,Asia/Aden,2019-10-05 21:48:41,2025-08-07 19:29:39,1,Q275720
1251,Al Mahrah,245,YE,03,MR,YE-MR,governorate,,,,17,51.5,Asia/Aden,2019-10-05 21:48:41,2025-08-07 19:29:40,1,Q275752
1252,Sangha-Mbaéré,42,CF,16,SE,CF-SE,prefecture,,,,3.6754895,16.3246915,Africa/Bangui,2019-10-05 21:48:41,2025-08-07 19:29:42,1,Q856237
1253,Nana-Grébizi,42,CF,15,KB,CF-KB,economic prefecture,,,,7.5048007,19.1923579,Africa/Bangui,2019-10-05 21:48:41,2025-08-07 19:29:44,1,Q856227
1254,Ouham,42,CF,12,AC,CF-AC,prefecture,,,,7.1314008,17.7041361,Africa/Bangui,2019-10-05 21:48:41,2025-08-07 19:29:46,1,Q726620
1255,Ombella-M'Poko,42,CF,17,MP,CF-MP,prefecture,,,,5.0726761,18.1717789,Africa/Bangui,2019-10-05 21:48:41,2025-08-07 19:29:47,1,Q378970
1256,Lobaye,42,CF,07,LB,CF-LB,prefecture,,,,4.1034548,17.5653592,Africa/Bangui,2019-10-05 21:48:41,2025-08-07 19:29:49,1,Q821037
1257,Mambéré-Kadéï,42,CF,04,HS,CF-HS,prefecture,,,,4.5662762,15.8671403,Africa/Bangui,2019-10-05 21:48:41,2025-08-07 19:29:51,1,Q848567
1258,Haut-Mbomou,42,CF,05,HM,CF-HM,prefecture,,,,6.3497929,25.6508738,Africa/Bangui,2019-10-05 21:48:41,2025-08-07 19:29:53,1,Q848578
1259,Bamingui-Bangoran,42,CF,01,BB,CF-BB,prefecture,,,,8.698547,20.5281149,Africa/Bangui,2019-10-05 21:48:41,2025-08-07 19:29:54,1,Q741025
1260,Nana-Mambéré,42,CF,09,NM,CF-NM,prefecture,,,,5.2231625,15.3517922,Africa/Bangui,2019-10-05 21:48:41,2025-08-07 19:29:56,1,Q742455
1261,Vakaga,42,CF,14,VK,CF-VK,prefecture,,,,9.8250502,22.376363,Africa/Bangui,2019-10-05 21:48:41,2025-08-07 19:29:58,1,Q848585
1262,Bangui,42,CF,18,BGF,CF-BGF,commune,,,,4.3635118,18.5835913,Africa/Bangui,2019-10-05 21:48:41,2025-08-07 19:29:59,1,Q3832
1263,Kémo,42,CF,06,KG,CF-KG,prefecture,,,,5.9480074,19.2158871,Africa/Bangui,2019-10-05 21:48:41,2025-08-07 19:30:01,1,Q848572
1264,Basse-Kotto,42,CF,02,BK,CF-BK,prefecture,,,,5.1283201,21.3883825,Africa/Bangui,2019-10-05 21:48:41,2025-08-07 19:30:05,1,Q810484
1265,Ouaka,42,CF,11,UK,CF-UK,prefecture,,,,6.3110548,20.5447525,Africa/Bangui,2019-10-05 21:48:41,2025-08-07 19:30:07,1,Q848560
1266,Mbomou,42,CF,08,MB,CF-MB,prefecture,,,,5.5230899,23.4445705,Africa/Bangui,2019-10-05 21:48:41,2025-08-07 19:30:08,1,Q848582
1267,Ouham-Pendé,42,CF,13,OP,CF-OP,prefecture,,,,6.7057282,16.1443202,Africa/Bangui,2019-10-05 21:48:41,2025-08-07 19:30:10,1,Q848591
1268,Haute-Kotto,42,CF,03,HK,CF-HK,prefecture,,,,7.3625645,22.9271411,Africa/Bangui,2019-10-05 21:48:41,2025-08-07 19:30:12,1,Q848596
1269,Romblon,174,PH,54,ROM,PH-ROM,province,1,1299,,12.5778016,122.269146,Asia/Manila,2019-10-05 21:48:41,2025-08-07 19:30:13,1,Q13875
1270,Bukidnon,174,PH,12,BUK,PH-BUK,province,1,1339,,8.022778,124.998611,Asia/Manila,2019-10-05 21:48:41,2025-08-07 19:30:15,1,Q13753
1271,Rizal,174,PH,53,RIZ,PH-RIZ,province,1,1294,,14.65,121.25,Asia/Manila,2019-10-05 21:48:41,2025-08-07 19:30:16,1,Q13874
1272,Bohol,174,PH,11,BOH,PH-BOH,province,1,1308,,9.833333,124.1615579,Asia/Manila,2019-10-05 21:48:41,2025-08-07 19:30:18,1,Q13752
1273,Quirino,174,PH,68,QUI,PH-QUI,province,1,1342,,16.283333,121.583333,Asia/Manila,2019-10-05 21:48:41,2025-08-07 19:30:19,1,Q13873
1274,Biliran,174,PH,68,BIL,PH-BIL,province,1,1322,,11.5853547,124.4854627,Asia/Manila,2019-10-05 21:48:41,2025-08-07 19:30:21,1,Q13751
1275,Quezon,174,PH,H2,QUE,PH-QUE,province,1,1294,,14.0067037,122.1827232,Asia/Manila,2019-10-05 21:48:41,2025-08-07 19:30:22,1,Q13872
1276,Siquijor,174,PH,69,SIG,PH-SIG,province,1,1308,,9.18,123.58,Asia/Manila,2019-10-05 21:48:41,2025-08-07 19:30:24,1,Q13879
1277,Sarangani,174,PH,69,SAR,PH-SAR,province,1,1310,,5.874722,125.275278,Asia/Manila,2019-10-05 21:48:41,2025-08-07 19:30:26,1,Q13877
1278,Bulacan,174,PH,13,BUL,PH-BUL,province,1,1345,,15,121.083333,Asia/Manila,2019-10-05 21:48:41,2025-08-07 19:30:27,1,Q13755
1279,Cagayan,174,PH,14,CAG,PH-CAG,province,1,1342,,18,121.833333,Asia/Manila,2019-10-05 21:48:41,2025-08-07 19:30:29,1,Q13759
1280,South Cotabato,174,PH,70,SCO,PH-SCO,province,1,1310,,6.2855239,124.9333096,Asia/Manila,2019-10-05 21:48:41,2025-08-07 19:30:31,1,Q13882
1281,Sorsogon,174,PH,58,SOR,PH-SOR,province,1,1304,,12.9707848,124.0052543,Asia/Manila,2019-10-05 21:48:41,2025-08-07 19:30:33,1,Q13881
1282,Sultan Kudarat,174,PH,71,SUK,PH-SUK,province,1,1310,,6.5556705,124.3271496,Asia/Manila,2019-10-05 21:48:41,2025-08-07 19:30:34,1,Q13885
1283,Camarines Norte,174,PH,15,CAN,PH-CAN,province,1,1304,,14.166667,122.75,Asia/Manila,2019-10-05 21:48:41,2025-08-07 19:30:36,1,Q13763
1284,Southern Leyte,174,PH,59,SLE,PH-SLE,province,1,1322,,10.3475099,125.1250896,Asia/Manila,2019-10-05 21:48:41,2025-08-07 19:30:38,1,Q13884
1285,Camiguin,174,PH,17,CAM,PH-CAM,province,1,1339,,9.1732164,124.7298765,Asia/Manila,2019-10-05 21:48:41,2025-08-07 19:30:40,1,Q13769
1286,Surigao del Norte,174,PH,61,SUN,PH-SUN,province,1,1314,,9.7022868,125.5464831,Asia/Manila,2019-10-05 21:48:41,2025-08-07 19:30:41,1,Q13889
1287,Camarines Sur,174,PH,16,CAS,PH-CAS,province,1,1304,,13.6428216,123.3282338,Asia/Manila,2019-10-05 21:48:41,2025-08-07 19:30:43,1,Q13767
1288,Sulu,174,PH,60,SLU,PH-SLU,province,1,1316,,5.9942808,121.0787926,Asia/Manila,2019-10-05 21:48:41,2025-08-07 19:30:45,1,Q13887
1289,Davao Oriental,174,PH,26,DAO,PH-DAO,province,1,1340,,7.166667,126.333333,Asia/Manila,2019-10-05 21:48:41,2025-08-07 19:30:47,1,Q13806
1290,Eastern Samar,174,PH,23,EAS,PH-EAS,province,1,1322,,11.73,125.37,Asia/Manila,2019-10-05 21:48:41,2025-08-07 19:30:48,1,Q13809
1291,Dinagat Islands,174,PH,23,DIN,PH-DIN,province,1,1314,,10.1577932,125.5851827,Asia/Manila,2019-10-05 21:48:41,2025-08-07 19:30:50,1,Q13807
1292,Capiz,174,PH,18,CAP,PH-CAP,province,1,1305,,11.3852987,122.6377315,Asia/Manila,2019-10-05 21:48:41,2025-08-07 19:30:52,1,Q13772
1293,Tawi-Tawi,174,PH,72,TAW,PH-TAW,province,1,1316,,5.2057,120.0265,Asia/Manila,2019-10-05 21:48:41,2025-08-07 19:30:53,1,Q13893
1294,Calabarzon,174,PH,40,40,PH-40,region,,,,14.1658314,121.3535577,Asia/Manila,2019-10-05 21:48:41,2025-08-07 19:30:55,1,Q13650
1295,Tarlac,174,PH,63,TAR,PH-TAR,province,1,1345,,15.4861218,120.5893473,Asia/Manila,2019-10-05 21:48:41,2025-08-07 19:30:57,1,Q13892
1296,Surigao del Sur,174,PH,62,SUR,PH-SUR,province,1,1314,,8.84,126.15,Asia/Manila,2019-10-05 21:48:41,2025-08-07 19:30:59,1,Q13891
1297,Zambales,174,PH,64,ZMB,PH-ZMB,province,1,1345,,15.23,120.12,Asia/Manila,2019-10-05 21:48:41,2025-08-07 19:31:00,1,Q13895
1298,Ilocos Norte,174,PH,28,ILN,PH-ILN,province,1,1355,,18.166667,120.75,Asia/Manila,2019-10-05 21:48:41,2025-08-07 19:31:02,1,Q13813
1299,Mimaropa,174,PH,41,41,PH-41,region,,,,13.0106436,121.4115747,Asia/Manila,2019-10-05 21:48:41,2025-08-07 19:31:04,1,Q13658
1300,Ifugao,174,PH,27,IFU,PH-IFU,province,1,1335,,16.87,121.22,Asia/Manila,2019-10-05 21:48:41,2025-08-07 19:31:06,1,Q13812
1301,Catanduanes,174,PH,19,CAT,PH-CAT,province,1,1304,,13.833333,124.25,Asia/Manila,2019-10-05 21:48:41,2025-08-07 19:31:07,1,Q13778
1302,Zamboanga del Norte,174,PH,65,ZAN,PH-ZAN,province,1,1325,,8,122.666667,Asia/Manila,2019-10-05 21:48:41,2025-08-07 19:31:09,1,Q13899
1303,Guimaras,174,PH,65,GUI,PH-GUI,province,1,1305,,10.5730629,122.6238907,Asia/Manila,2019-10-05 21:48:41,2025-08-07 19:31:10,1,Q13810
1304,Bicol,174,PH,05,05,PH-05,region,,,,13.0764489,123.5162387,Asia/Manila,2019-10-05 21:48:41,2025-08-07 19:31:12,1,Q13662
1305,Western Visayas,174,PH,06,06,PH-06,region,,,,11.2367324,122.6878187,Asia/Manila,2019-10-05 21:48:41,2025-08-07 19:31:14,1,Q13665
1306,Cebu,174,PH,21,CEB,PH-CEB,province,1,1308,,10.2935639,123.9019209,Asia/Manila,2019-10-05 21:48:41,2025-08-07 19:31:15,1,Q13786
1307,Cavite,174,PH,20,CAV,PH-CAV,province,1,1294,,14.4820919,120.908919,Asia/Manila,2019-10-05 21:48:41,2025-08-07 19:31:17,1,Q13785
1308,Central Visayas,174,PH,07,07,PH-07,region,,,,10.4734504,123.8648083,Asia/Manila,2019-10-05 21:48:41,2025-08-07 19:31:19,1,Q13669
1309,Davao Occidental,174,PH,11,DVO,PH-DVO,province,1,1340,,6.27,125.6,Asia/Manila,2019-10-05 21:48:41,2025-08-07 19:31:21,1,Q3656379
1310,Soccsksargen,174,PH,12,12,PH-12,region,,,,6.5647277,124.4840255,Asia/Manila,2019-10-05 21:48:41,2025-08-07 19:31:22,1,Q13701
1311,Davao de Oro,174,PH,12,COM,PH-COM,province,1,1340,,7.45,126.07,Asia/Manila,2019-10-05 21:48:41,2025-08-07 19:31:24,1,Q13789
1312,Kalinga,174,PH,12,KAL,PH-KAL,province,1,1335,,17.46,121.31,Asia/Manila,2019-10-05 21:48:41,2025-08-07 19:31:26,1,Q13827
1313,Isabela,174,PH,31,ISA,PH-ISA,province,1,1342,,17,122,Asia/Manila,2019-10-05 21:48:41,2025-08-07 19:31:28,1,Q13826
1314,Caraga,174,PH,13,13,PH-13,region,,,,9.2517336,125.851666,Asia/Manila,2019-10-05 21:48:41,2025-08-07 19:31:29,1,Q13704
1315,Iloilo,174,PH,30,ILI,PH-ILI,province,1,1305,,10.6932884,122.5732604,Asia/Manila,2019-10-05 21:48:41,2025-08-07 19:31:31,1,Q13825
1316,Autonomous Region in Muslim Mindanao,174,PH,14,14,PH-14,region,,,,7.2242033,124.2470164,Asia/Manila,2019-10-05 21:48:41,2025-08-07 19:31:32,1,Q13708
1317,La Union,174,PH,36,LUN,PH-LUN,province,1,1355,,16.5735957,120.4089899,Asia/Manila,2019-10-05 21:48:41,2025-08-07 19:31:34,1,Q13829
1318,Davao del Sur,174,PH,25,DAS,PH-DAS,province,1,1340,,6.6983658,125.3612135,Asia/Manila,2019-10-05 21:48:41,2025-08-07 19:31:36,1,Q13794
1319,Davao del Norte,174,PH,24,DAV,PH-DAV,province,1,1340,,7.6179228,125.6832687,Asia/Manila,2019-10-05 21:48:41,2025-08-07 19:31:37,1,Q13792
1320,Cotabato,174,PH,57,NCO,PH-NCO,province,1,1310,,7.2237628,124.2467062,Asia/Manila,2019-10-05 21:48:41,2025-08-07 19:31:39,1,Q13791
1321,Ilocos Sur,174,PH,29,ILS,PH-ILS,province,1,1355,,17.2,120.5,Asia/Manila,2019-10-05 21:48:41,2025-08-07 19:31:41,1,Q12741
1322,Eastern Visayas,174,PH,08,08,PH-08,region,,,,11.2945278,124.9959508,Asia/Manila,2019-10-05 21:48:41,2025-08-07 19:31:42,1,Q13675
1323,Agusan del Norte,174,PH,02,AGN,PH-AGN,province,1,1314,,8.92,125.46,Asia/Manila,2019-10-05 21:48:41,2025-08-07 19:31:44,1,Q13714
1324,Abra,174,PH,01,ABR,PH-ABR,province,1,1335,,17.58,120.8,Asia/Manila,2019-10-05 21:48:41,2025-08-07 19:31:46,1,Q13711
1325,Zamboanga Peninsula,174,PH,09,09,PH-09,region,,,,7.7787234,122.7570828,Asia/Manila,2019-10-05 21:48:41,2025-08-07 19:31:47,1,Q13682
1326,Agusan del Sur,174,PH,03,AGS,PH-AGS,province,1,1314,,8.36,125.71,Asia/Manila,2019-10-05 21:48:41,2025-08-07 19:31:49,1,Q13721
1327,Lanao del Norte,174,PH,34,LAN,PH-LAN,province,1,1339,,7.9579723,123.9021124,Asia/Manila,2019-10-05 21:48:41,2025-08-07 19:31:51,1,Q13841
1328,Laguna,174,PH,33,LAG,PH-LAG,province,1,1294,,14.1696476,121.3336526,Asia/Manila,2019-10-05 21:48:41,2025-08-07 19:31:53,1,Q13840
1329,Marinduque,174,PH,38,MAD,PH-MAD,province,1,1299,,13.416667,121.95,Asia/Manila,2019-10-05 21:48:41,2025-08-07 19:31:54,1,Q13846
1330,Maguindanao del Norte,174,PH,56,MGN,PH-MGN,province,1,1316,,7.1088356,124.2072945,Asia/Manila,2019-10-05 21:48:41,2025-08-07 19:31:56,1,Q13845
1331,Aklan,174,PH,04,AKL,PH-AKL,province,1,1305,,11.6297894,122.2481177,Asia/Manila,2019-10-05 21:48:41,2025-08-07 19:31:58,1,Q13723
1332,Leyte,174,PH,37,LEY,PH-LEY,province,1,1322,,10.7841157,124.892321,Asia/Manila,2019-10-05 21:48:41,2025-08-07 19:31:59,1,Q13844
1333,Lanao del Sur,174,PH,35,LAS,PH-LAS,province,1,1316,,7.8776443,124.3754759,Asia/Manila,2019-10-05 21:48:41,2025-08-07 19:32:01,1,Q13843
1334,Apayao,174,PH,35,APA,PH-APA,province,1,1335,,18.12,121.19,Asia/Manila,2019-10-05 21:48:41,2025-08-07 19:32:03,1,Q13728
1335,Cordillera Administrative,174,PH,15,15,PH-15,region,,,,17.3597101,121.0716923,Asia/Manila,2019-10-05 21:48:41,2025-08-07 19:32:05,1,Q13606
1336,Antique,174,PH,06,ANT,PH-ANT,province,1,1305,,11.1705066,122.083333,Asia/Manila,2019-10-05 21:48:41,2025-08-07 19:32:06,1,Q13727
1337,Albay,174,PH,05,ALB,PH-ALB,province,1,1304,,13.216667,123.55,Asia/Manila,2019-10-05 21:48:41,2025-08-07 19:32:07,1,Q13726
1338,Masbate,174,PH,39,MAS,PH-MAS,province,1,1304,,12.3710899,123.6239223,Asia/Manila,2019-10-05 21:48:41,2025-08-07 19:32:09,1,Q13847
1339,Northern Mindanao,174,PH,10,10,PH-10,region,,,,8.3979549,124.710688,Asia/Manila,2019-10-05 21:48:41,2025-08-07 19:32:11,1,Q13690
1340,Davao,174,PH,11,11,PH-11,region,,,,7.0648306,125.6080623,Asia/Manila,2019-10-05 21:48:41,2025-08-07 19:32:13,1,Q13694
1341,Aurora,174,PH,G8,AUR,PH-AUR,province,1,1345,,16.9908811,121.6358,Asia/Manila,2019-10-05 21:48:41,2025-08-07 19:32:15,1,Q13730
1342,Cagayan Valley,174,PH,02,02,PH-02,region,,,,17.6722156,121.8831043,Asia/Manila,2019-10-05 21:48:41,2025-08-07 19:32:16,1,Q13615
1343,Misamis Occidental,174,PH,42,MSC,PH-MSC,province,1,1339,,8.3374903,123.7070619,Asia/Manila,2019-10-05 21:48:41,2025-08-07 19:32:18,1,Q13857
1344,Bataan,174,PH,07,BAN,PH-BAN,province,1,1345,,14.6436031,120.4657622,Asia/Manila,2019-10-05 21:48:41,2025-08-07 19:32:20,1,Q13739
1345,Central Luzon,174,PH,03,03,PH-03,region,,,,15.3942729,120.6872959,Asia/Manila,2019-10-05 21:48:41,2025-08-07 19:32:21,1,Q13617
1346,Basilan,174,PH,22,BAS,PH-BAS,province,1,1316,,6.5649821,122.0649183,Asia/Manila,2019-10-05 21:48:41,2025-08-07 19:32:23,1,Q13737
1347,Maguindanao del Sur,174,PH,00,MGS,PH-MGS,province,1,1316,,6.9234196,124.5365357,Asia/Manila,2019-10-05 21:48:41,2025-08-07 19:32:25,1,Q13580
1348,Misamis Oriental,174,PH,43,MSR,PH-MSR,province,1,1339,,8.6534807,124.8235205,Asia/Manila,2019-10-05 21:48:41,2025-08-07 19:32:27,1,Q13860
1349,Northern Samar,174,PH,67,NSA,PH-NSA,province,1,1322,,12.42,124.81,Asia/Manila,2019-10-05 21:48:41,2025-08-07 19:32:28,1,Q13864
1350,Negros Oriental,174,PH,46,NER,PH-NER,province,1,1308,,9.75,123,Asia/Manila,2019-10-05 21:48:41,2025-08-07 19:32:30,1,Q13863
1351,Negros Occidental,174,PH,45,NEC,PH-NEC,province,1,1305,,10.416667,123,Asia/Manila,2019-10-05 21:48:41,2025-08-07 19:32:32,1,Q13862
1352,Batanes,174,PH,08,BTN,PH-BTN,province,1,1342,,20.6442465,121.8939456,Asia/Manila,2019-10-05 21:48:41,2025-08-07 19:32:33,1,Q13740
1353,Mountain Province,174,PH,44,MOU,PH-MOU,province,1,1335,,17.11,121.16,Asia/Manila,2019-10-05 21:48:41,2025-08-07 19:32:35,1,Q13861
1354,Oriental Mindoro,174,PH,41,MDR,PH-MDR,province,1,1299,,13.2,121.2,Asia/Manila,2019-10-05 21:48:41,2025-08-07 19:32:37,1,Q13868
1355,Ilocos,174,PH,01,01,PH-01,region,,,,17.2,120.5,Asia/Manila,2019-10-05 21:48:41,2025-08-07 19:32:38,1,Q12933
1356,Occidental Mindoro,174,PH,40,MDC,PH-MDC,province,1,1299,,13.0000021,120.9166666,Asia/Manila,2019-10-05 21:48:41,2025-08-07 19:32:40,1,Q13867
1357,Zamboanga del Sur,174,PH,66,ZAS,PH-ZAS,province,1,1325,,7.9043,123.3194,Asia/Manila,2019-10-05 21:48:41,2025-08-07 19:32:42,1,Q13900
1358,Nueva Vizcaya,174,PH,48,NUV,PH-NUV,province,1,1342,,16.35,121.13,Asia/Manila,2019-10-05 21:48:41,2025-08-07 19:32:43,1,Q13866
1359,Batangas,174,PH,09,BTG,PH-BTG,province,1,1294,,13.7564651,121.0583076,Asia/Manila,2019-10-05 21:48:41,2025-08-07 19:32:45,1,Q13744
1360,Nueva Ecija,174,PH,47,NUE,PH-NUE,province,1,1345,,15.583333,121,Asia/Manila,2019-10-05 21:48:41,2025-08-07 19:32:47,1,Q13865
1361,Palawan,174,PH,49,PLW,PH-PLW,province,1,1299,,9.8778426,118.6764919,Asia/Manila,2019-10-05 21:48:41,2025-08-07 19:32:49,1,Q13869
1362,Zamboanga Sibugay,174,PH,09,ZSI,PH-ZSI,province,1,1325,,7.7877097,122.5744217,Asia/Manila,2019-10-05 21:48:41,2025-08-07 19:32:50,1,Q13902
1363,Benguet,174,PH,10,BEN,PH-BEN,province,1,1335,,16.52,120.69,Asia/Manila,2019-10-05 21:48:41,2025-08-07 19:32:52,1,Q13750
1364,Pangasinan,174,PH,51,PAN,PH-PAN,province,1,1355,,15.916667,120.333333,Asia/Manila,2019-10-05 21:48:41,2025-08-07 19:32:53,1,Q13871
1365,Pampanga,174,PH,50,PAM,PH-PAM,province,1,1345,,15.0519635,120.6445398,Asia/Manila,2019-10-05 21:48:41,2025-08-07 19:32:55,1,Q13870
1366,Northern,106,IL,03,Z,IL-Z,district,,,,33.0601833,35.2448195,Asia/Jerusalem,2019-10-05 21:48:41,2025-08-07 19:32:57,1,Q189942
1367,Central,106,IL,02,M,IL-M,district,,,,-25.348206,-57.569615,America/Asuncion,2019-10-05 21:48:41,2025-08-07 19:32:59,1,Q188785
1368,Southern,106,IL,01,D,IL-D,district,,,,30.6823334,34.8824229,Asia/Jerusalem,2019-10-05 21:48:41,2025-08-07 19:33:00,1,Q188781
1369,Haifa,106,IL,04,HA,IL-HA,district,,,,32.6304297,34.9800992,Asia/Jerusalem,2019-10-05 21:48:41,2025-08-07 19:33:02,1,Q185845
1370,Jerusalem,106,IL,06,JM,IL-JM,district,,,,31.7428253,35.064069,Asia/Jerusalem,2019-10-05 21:48:41,2025-08-07 19:33:04,1,Q192232
1371,Tel Aviv,106,IL,05,TA,IL-TA,district,,,,32.0929075,34.8072165,Asia/Jerusalem,2019-10-05 21:48:41,2025-08-07 19:33:05,1,Q192811
1372,Limburg,22,BE,05,VLI,BE-VLI,province,1,1373,,50.9977937,5.4453575,Europe/Brussels,2019-10-05 21:48:41,2025-08-07 19:33:07,1,Q1095
1373,Flanders,22,BE,VLG,VLG,BE-VLG,region,1,,,51.0962462,4.1786291,Europe/Brussels,2019-10-05 21:48:41,2025-08-07 19:33:09,1,Q234
1374,Flemish Brabant,22,BE,12,VBR,BE-VBR,province,1,1373,,50.8686516,4.7886238,Europe/Brussels,2019-10-05 21:48:41,2025-08-07 19:33:10,1,Q1118
1375,Hainaut,22,BE,03,WHT,BE-WHT,province,1,1380,,50.36192,4.125217,Europe/Brussels,2019-10-05 21:48:41,2025-08-07 19:33:12,1,Q1129
1376,Brussels-Capital ,22,BE,11,BRU,BE-BRU,region,1,,,50.8387951,4.3753041,Europe/Brussels,2019-10-05 21:48:41,2025-08-07 19:33:14,1,Q240
1377,East Flanders,22,BE,08,VOV,BE-VOV,province,1,1373,,51.0375423,3.811783,Europe/Brussels,2019-10-05 21:48:41,2025-08-07 19:33:16,1,Q1114
1378,Namur,22,BE,07,WNA,BE-WNA,province,1,1380,,50.4673883,4.8719854,Europe/Brussels,2019-10-05 21:48:41,2025-08-07 19:33:17,1,Q1125
1379,Luxembourg,22,BE,06,WLX,BE-WLX,province,1,1380,,49.9638005,5.4398019,Europe/Brussels,2019-10-05 21:48:41,2025-08-07 19:33:19,1,Q1126
1380,Wallonia,22,BE,WAL,WAL,BE-WAL,region,1,,,50.1545523,5.3992119,Europe/Brussels,2019-10-05 21:48:41,2025-08-07 19:33:21,1,Q231
1381,Antwerp,22,BE,01,VAN,BE-VAN,province,1,1373,,51.2194475,4.4024643,Europe/Brussels,2019-10-05 21:48:41,2025-08-07 19:33:23,1,Q1116
1382,Walloon Brabant,22,BE,10,WBR,BE-WBR,province,1,1380,,50.6663106,4.5500074,Europe/Brussels,2019-10-05 21:48:41,2025-08-07 19:33:25,1,Q1122
1383,West Flanders,22,BE,09,VWV,BE-VWV,province,1,1373,,51.0404747,2.9994213,Europe/Brussels,2019-10-05 21:48:41,2025-08-07 19:33:26,1,Q1113
1384,Liège,22,BE,04,WLG,BE-WLG,province,1,1380,,50.6450944,5.5736112,Europe/Brussels,2019-10-05 21:48:41,2025-08-07 19:33:28,1,Q1127
1385,Darién,170,PA,05,5,PA-5,province,,,,8.2158991,-78.0172551,America/Panama,2019-10-05 21:48:41,2025-08-07 19:33:29,1,Q688660
1386,Colón,170,PA,04,3,PA-3,province,,,,9.2353085,-80.2532526,America/Panama,2019-10-05 21:48:41,2025-08-07 19:33:31,1,Q820514
1387,Coclé,170,PA,03,2,PA-2,province,,,,8.5743137,-80.4449059,America/Panama,2019-10-05 21:48:41,2025-08-07 19:33:33,1,Q825799
1388,Guna,170,PA,09,KY,PA-KY,indigenous region,,,,9.1591409,-78.4553083,America/Panama,2019-10-05 21:48:41,2025-08-07 19:33:35,1,Q919017
1389,Herrera,170,PA,06,6,PA-6,province,,,,7.854438,-80.7436313,America/Panama,2019-10-05 21:48:41,2025-08-07 19:33:36,1,Q842886
1390,Los Santos,170,PA,07,7,PA-7,province,,,,7.8773471,-80.4290617,America/Panama,2019-10-05 21:48:41,2025-08-07 19:33:38,1,Q911278
1391,Ngöbe-Buglé Comarca,170,PA,12,NB,PA-NB,indigenous region,,,,8.793244,-81.7682694,America/Panama,2019-10-05 21:48:41,2025-08-07 19:33:40,1,Q1129783
1392,Veraguas,170,PA,10,9,PA-9,province,,,,8.2414131,-81.0903464,America/Panama,2019-10-05 21:48:41,2025-08-07 19:33:42,1,Q593137
1393,Bocas del Toro,170,PA,01,1,PA-1,province,,,,9.3402964,-82.2418169,America/Panama,2019-10-05 21:48:41,2025-08-07 19:33:43,1,Q217138
1394,Panamá Oeste,170,PA,13,10,PA-10,province,,,,8.730087,-79.8755817,America/Panama,2019-10-05 21:48:41,2025-08-07 19:33:45,1,Q16250688
1395,Panamá,170,PA,08,8,PA-8,province,,,,8.9714493,-79.5341802,America/Panama,2019-10-05 21:48:41,2025-08-07 19:33:46,1,Q557506
1396,Emberá-Wounaan Comarca,170,PA,11,EM,PA-EM,indigenous region,,,,8.4210754,-77.592269,America/Panama,2019-10-05 21:48:41,2025-08-07 19:33:48,1,Q1141041
1397,Chiriquí Province,170,PA,02,4,PA-4,province,,,,9.0287351,-79.6223869,America/Panama,2019-10-05 21:48:41,2025-08-07 19:33:50,1,Q739651
1399,Delaware,233,US,10,DE,US-DE,state,,,,38.6920451,-75.4013315,America/New_York,2019-10-05 21:48:41,2025-08-07 19:33:52,1,Q1393
1400,Alaska,233,US,02,AK,US-AK,state,,,,64.4459613,-149.680909,America/Anchorage,2019-10-05 21:48:41,2025-08-07 19:33:53,1,Q797
1401,Maryland,233,US,24,MD,US-MD,state,,,,39.5162401,-76.9382069,America/New_York,2019-10-05 21:48:41,2025-08-07 19:33:55,1,Q1391
1404,New Hampshire,233,US,33,NH,US-NH,state,,,,43.4849133,-71.6553992,America/New_York,2019-10-05 21:48:41,2025-08-07 19:33:56,1,Q759
1406,Kansas,233,US,20,KS,US-KS,state,,,,38.27312,-98.5821872,America/Chicago,2019-10-05 21:48:41,2025-08-07 19:33:58,1,Q1558
1407,Texas,233,US,48,TX,US-TX,state,,,,31.2638905,-98.5456116,America/Chicago,2019-10-05 21:48:41,2025-08-07 19:34:00,1,Q1439
1408,Nebraska,233,US,31,NE,US-NE,state,,,,41.7370229,-99.5873816,America/Chicago,2019-10-05 21:48:41,2025-08-07 19:34:02,1,Q1553
1409,Vermont,233,US,50,VT,US-VT,state,,,,44.5990718,-72.5002608,America/New_York,2019-10-05 21:48:41,2025-08-07 19:34:03,1,Q16551
1411,Hawaii,233,US,15,HI,US-HI,state,,,,19.6273325,-155.564561,Pacific/Honolulu,2019-10-05 21:48:41,2025-08-07 19:34:05,1,Q782
1412,Guam,233,US,GQ,GU,US-GU,outlying area,,,,13.4499943,144.7651677,Pacific/Guam,2019-10-05 21:48:41,2025-08-07 19:34:07,1,Q16635
1413,United States Virgin Islands,233,US,VQ,VI,US-VI,outlying area,,,,17.789187,-64.7080574,America/St_Thomas,2019-10-05 21:48:41,2025-08-07 19:34:09,1,Q11703
1414,Utah,233,US,49,UT,US-UT,state,,,,39.4225192,-111.714358,America/Denver,2019-10-05 21:48:41,2025-08-07 19:34:11,1,Q829
1415,Oregon,233,US,41,OR,US-OR,state,,,,43.9792797,-120.737257,America/Los_Angeles,2019-10-05 21:48:41,2025-08-07 19:34:12,1,Q824
1416,California,233,US,06,CA,US-CA,state,,,,36.7014631,-118.755997,America/Los_Angeles,2019-10-05 21:48:42,2025-08-07 19:34:14,1,Q99
1417,New Jersey,233,US,34,NJ,US-NJ,state,,,,40.0757384,-74.4041622,America/New_York,2019-10-05 21:48:42,2025-08-07 19:34:16,1,Q1408
1418,North Dakota,233,US,38,ND,US-ND,state,,,,47.6201461,-100.540737,America/Chicago,2019-10-05 21:48:42,2025-08-07 19:34:17,1,Q1207
1419,Kentucky,233,US,21,KY,US-KY,state,,,,37.5726028,-85.1551411,America/New_York,2019-10-05 21:48:42,2025-08-07 19:34:19,1,Q1603
1420,Minnesota,233,US,27,MN,US-MN,state,,,,45.9896587,-94.6113288,America/Chicago,2019-10-05 21:48:42,2025-08-07 19:34:21,1,Q1527
1421,Oklahoma,233,US,40,OK,US-OK,state,,,,35.5545024,-97.4366239,America/Chicago,2019-10-05 21:48:42,2025-08-07 19:34:23,1,Q1649
1422,Pennsylvania,233,US,42,PA,US-PA,state,,,,40.9699889,-77.7278831,America/New_York,2019-10-05 21:48:42,2025-08-07 19:34:24,1,Q1400
1423,New Mexico,233,US,35,NM,US-NM,state,,,,34.5802074,-105.996047,America/Denver,2019-10-05 21:48:42,2025-08-07 19:34:26,1,Q1522
1424,American Samoa,233,US,AQ,AS,US-AS,outlying area,,,,-14.297124,-170.7131481,Pacific/Pago_Pago,2019-10-05 21:48:42,2025-08-07 19:34:28,1,Q16641
1425,Illinois,233,US,17,IL,US-IL,state,,,,40.0796606,-89.4337288,America/Chicago,2019-10-05 21:48:42,2025-08-07 19:34:29,1,Q1204
1426,Michigan,233,US,26,MI,US-MI,state,,,,43.6211955,-84.6824346,America/Detroit,2019-10-05 21:48:42,2025-08-07 19:34:31,1,Q1166
1427,Virginia,233,US,51,VA,US-VA,state,,,,37.1232245,-78.4927721,America/New_York,2019-10-05 21:48:42,2025-08-07 19:34:33,1,Q1370
1429,West Virginia,233,US,54,WV,US-WV,state,,,,38.4758406,-80.8408415,America/New_York,2019-10-05 21:48:42,2025-08-07 19:34:35,1,Q1371
1430,Mississippi,233,US,28,MS,US-MS,state,,,,32.9715285,-89.7348497,America/Chicago,2019-10-05 21:48:42,2025-08-07 19:34:36,1,Q1494
1431,Northern Mariana Islands,233,US,CQ,MP,US-MP,outlying area,,,,15.1753648,145.7379338,Pacific/Saipan,2019-10-05 21:48:42,2025-08-07 19:34:38,1,Q16644
1432,United States Minor Outlying Islands,233,US,CQ,UM,US-UM,outlying area,,,,28.2360511,-177.3685632,Pacific/Midway,2019-10-05 21:48:42,2025-08-07 19:34:40,1,Q16645
1433,Massachusetts,233,US,25,MA,US-MA,state,,,,42.3788774,-72.032366,America/New_York,2019-10-05 21:48:42,2025-08-07 19:34:42,1,Q771
1434,Arizona,233,US,04,AZ,US-AZ,state,,,,34.395342,-111.763275,America/Phoenix,2019-10-05 21:48:42,2025-08-07 19:34:43,1,Q816
1435,Connecticut,233,US,09,CT,US-CT,state,,,,41.6500201,-72.7342163,America/New_York,2019-10-05 21:48:42,2025-08-07 19:34:45,1,Q779
1436,Florida,233,US,12,FL,US-FL,state,,,,27.7567667,-81.4639835,America/New_York,2019-10-05 21:48:42,2025-08-07 19:34:46,1,Q812
1437,District of Columbia,233,US,11,DC,US-DC,district,,,,38.8950368,-77.0365427,America/New_York,2019-10-05 21:48:42,2025-08-07 19:34:48,1,Q3551781
1440,Indiana,233,US,18,IN,US-IN,state,,,,40.3270127,-86.1746933,America/Indiana/Indianapolis,2019-10-05 21:48:42,2025-08-07 19:34:50,1,Q1415
1441,Wisconsin,233,US,55,WI,US-WI,state,,,,44.4308975,-89.6884637,America/Chicago,2019-10-05 21:48:42,2025-08-07 19:34:52,1,Q1537
1442,Wyoming,233,US,56,WY,US-WY,state,,,,43.1700264,-107.568534,America/Denver,2019-10-05 21:48:42,2025-08-07 19:34:53,1,Q1214
1443,South Carolina,233,US,45,SC,US-SC,state,,,,33.6874388,-80.4363743,America/New_York,2019-10-05 21:48:42,2025-08-07 19:34:55,1,Q1456
1444,Arkansas,233,US,05,AR,US-AR,state,,,,35.2048883,-92.4479108,America/Chicago,2019-10-05 21:48:42,2025-08-07 19:34:57,1,Q1612
1445,South Dakota,233,US,46,SD,US-SD,state,,,,44.6471761,-100.348761,America/Chicago,2019-10-05 21:48:42,2025-08-07 19:34:59,1,Q1211
1446,Montana,233,US,30,MT,US-MT,state,,,,47.3752671,-109.638757,America/Denver,2019-10-05 21:48:42,2025-08-07 19:35:00,1,Q1212
1447,North Carolina,233,US,37,NC,US-NC,state,,,,35.6729639,-79.0392919,America/New_York,2019-10-05 21:48:42,2025-08-07 19:35:02,1,Q1454
1449,Puerto Rico,233,US,RQ,PR,US-PR,outlying area,,,,18.2247706,-66.4858295,America/Puerto_Rico,2019-10-05 21:48:42,2025-08-07 19:35:03,1,Q1183
1450,Colorado,233,US,08,CO,US-CO,state,,,,38.7251776,-105.607716,America/Denver,2019-10-05 21:48:42,2025-08-07 19:35:05,1,Q1261
1451,Missouri,233,US,29,MO,US-MO,state,,,,38.7604815,-92.5617875,America/Chicago,2019-10-05 21:48:42,2025-08-07 19:35:07,1,Q1581
1452,New York,233,US,36,NY,US-NY,state,,,,40.7127753,-74.0059728,America/New_York,2019-10-05 21:48:42,2025-08-07 19:35:09,1,Q1384
1453,Maine,233,US,23,ME,US-ME,state,,,,45.709097,-68.8590201,America/New_York,2019-10-05 21:48:42,2025-08-07 19:35:11,1,Q724
1454,Tennessee,233,US,47,TN,US-TN,state,,,,35.7730076,-86.2820081,America/Chicago,2019-10-05 21:48:42,2025-08-07 19:35:12,1,Q1509
1455,Georgia,233,US,13,GA,US-GA,state,,,,32.3293809,-83.1137366,America/New_York,2019-10-05 21:48:42,2025-08-07 19:35:14,1,Q1428
1456,Alabama,233,US,01,AL,US-AL,state,,,,33.2588817,-86.8295337,America/Chicago,2019-10-05 21:48:42,2025-08-07 19:35:16,1,Q173
1457,Louisiana,233,US,22,LA,US-LA,state,,,,30.8703881,-92.007126,America/Chicago,2019-10-05 21:48:42,2025-08-07 19:35:17,1,Q1588
1458,Nevada,233,US,32,NV,US-NV,state,,,,39.5158825,-116.853722,America/Los_Angeles,2019-10-05 21:48:42,2025-08-07 19:35:19,1,Q1227
1459,Iowa,233,US,19,IA,US-IA,state,,,,41.9216734,-93.3122705,America/Chicago,2019-10-05 21:48:42,2025-08-07 19:35:21,1,Q1546
1460,Idaho,233,US,16,ID,US-ID,state,,,,43.6447642,-114.015407,America/Boise,2019-10-05 21:48:42,2025-08-07 19:35:22,1,Q1221
1461,Rhode Island,233,US,44,RI,US-RI,state,,,,41.7962409,-71.5992372,America/New_York,2019-10-05 21:48:42,2025-08-07 19:35:24,1,Q1387
1462,Washington,233,US,53,WA,US-WA,state,,,,47.2868352,-120.212613,America/Los_Angeles,2019-10-05 21:48:42,2025-08-07 19:35:25,1,Q1223
1463,Shinyanga,218,TZ,15,22,TZ-22,region,,,,-3.6562049,33.4271153,Africa/Dar_es_Salaam,2019-10-05 21:48:42,2025-08-07 19:35:27,1,Q153339
1464,Simiyu,218,TZ,31,30,TZ-30,region,,,,-3.1328347,34.1837946,Africa/Dar_es_Salaam,2019-10-05 21:48:42,2025-08-07 19:35:29,1,Q2787568
1465,Kagera,218,TZ,19,05,TZ-05,region,,,,-1.5825315,31.4798031,Africa/Dar_es_Salaam,2019-10-05 21:48:42,2025-08-07 19:35:31,1,Q309190
1466,Dodoma,218,TZ,03,03,TZ-03,region,,,,-6.1791181,35.7468174,Africa/Dar_es_Salaam,2019-10-05 21:48:42,2025-08-07 19:35:32,1,Q213268
1467,Kilimanjaro,218,TZ,06,09,TZ-09,region,,,,-3.476279,37.3872648,Africa/Dar_es_Salaam,2019-10-05 21:48:42,2025-08-07 19:35:34,1,Q328922
1468,Mara,218,TZ,08,13,TZ-13,region,,,,-1.6409527,33.8421608,Africa/Dar_es_Salaam,2019-10-05 21:48:42,2025-08-07 19:35:36,1,Q458406
1469,Tabora,218,TZ,17,24,TZ-24,region,,,,-5.0202431,32.8097724,Africa/Dar_es_Salaam,2019-10-05 21:48:42,2025-08-07 19:35:37,1,Q153335
1470,Morogoro,218,TZ,10,16,TZ-16,region,,,,-7.0842931,37.4232686,Africa/Dar_es_Salaam,2019-10-05 21:48:42,2025-08-07 19:35:39,1,Q458388
1471,Zanzibar South,218,TZ,21,11,TZ-11,region,,,,-6.2083752,39.3579634,Africa/Dar_es_Salaam,2019-10-05 21:48:42,2025-08-07 19:35:41,1,Q643120
1472,Pemba South,218,TZ,20,10,TZ-10,region,,,,-5.2850214,39.7131087,Africa/Dar_es_Salaam,2019-10-05 21:48:42,2025-08-07 19:35:43,1,Q498067
1473,Zanzibar North,218,TZ,22,07,TZ-07,region,,,,-5.9395093,39.2791011,Africa/Dar_es_Salaam,2019-10-05 21:48:42,2025-08-07 19:35:45,1,Q147116
1474,Singida,218,TZ,16,23,TZ-23,region,,,,-5.2902148,34.6367444,Africa/Dar_es_Salaam,2019-10-05 21:48:42,2025-08-07 19:35:46,1,Q153326
1475,Zanzibar West,218,TZ,25,15,TZ-15,region,,,,-6.1653854,39.2386951,Africa/Dar_es_Salaam,2019-10-05 21:48:42,2025-08-07 19:35:48,1,Q180822
1476,Mtwara,218,TZ,11,17,TZ-17,region,,,,-10.2838146,40.1789136,Africa/Dar_es_Salaam,2019-10-05 21:48:42,2025-08-07 19:35:50,1,Q499465
1477,Rukwa,218,TZ,24,20,TZ-20,region,,,,-7.7511321,30.9487902,Africa/Dar_es_Salaam,2019-10-05 21:48:42,2025-08-07 19:35:51,1,Q153329
1478,Kigoma,218,TZ,05,08,TZ-08,region,,,,-4.877862,29.6296319,Africa/Dar_es_Salaam,2019-10-05 21:48:42,2025-08-07 19:35:53,1,Q747943
1479,Mwanza,218,TZ,12,18,TZ-18,region,,,,-2.5196915,32.9014417,Africa/Dar_es_Salaam,2019-10-05 21:48:42,2025-08-07 19:35:55,1,Q331153
1480,Njombe,218,TZ,30,29,TZ-29,region,,,,-9.2861487,35.1575097,Africa/Dar_es_Salaam,2019-10-05 21:48:42,2025-08-07 19:35:57,1,Q2086273
1481,Geita,218,TZ,28,27,TZ-27,region,,,,-2.8707573,32.2340831,Africa/Dar_es_Salaam,2019-10-05 21:48:42,2025-08-07 19:35:59,1,Q1848521
1482,Katavi,218,TZ,29,28,TZ-28,region,,,,-6.3015493,30.9278274,Africa/Dar_es_Salaam,2019-10-05 21:48:42,2025-08-07 19:36:00,1,Q2682731
1483,Lindi,218,TZ,07,12,TZ-12,region,,,,-9.3985098,37.8997467,Africa/Dar_es_Salaam,2019-10-05 21:48:42,2025-08-07 19:36:02,1,Q309339
1484,Manyara,218,TZ,27,26,TZ-26,region,,,,-4.072751,35.8521735,Africa/Dar_es_Salaam,2019-10-05 21:48:42,2025-08-07 19:36:04,1,Q331117
1485,Pwani,218,TZ,02,19,TZ-19,region,,,,-7.1160874,38.7300111,Africa/Dar_es_Salaam,2019-10-05 21:48:42,2025-08-07 19:36:06,1,Q458412
1486,Ruvuma,218,TZ,14,21,TZ-21,region,,,,-10.749721,35.6616934,Africa/Dar_es_Salaam,2019-10-05 21:48:42,2025-08-07 19:36:07,1,Q115318
1487,Tanga,218,TZ,18,25,TZ-25,region,,,,-5.202134,38.2275548,Africa/Dar_es_Salaam,2019-10-05 21:48:42,2025-08-07 19:36:09,1,Q389737
1488,Pemba North,218,TZ,13,06,TZ-06,region,,,,-5.0153101,39.7313864,Africa/Dar_es_Salaam,2019-10-05 21:48:42,2025-08-07 19:36:10,1,Q498073
1489,Iringa,218,TZ,04,04,TZ-04,region,,,,-7.7742718,35.4826339,Africa/Dar_es_Salaam,2019-10-05 21:48:42,2025-08-07 19:36:12,1,Q309352
1490,Dar es Salaam,218,TZ,23,02,TZ-02,region,,,,-6.8160837,39.2803583,Africa/Dar_es_Salaam,2019-10-05 21:48:42,2025-08-07 19:36:14,1,Q557539
1491,Arusha,218,TZ,26,01,TZ-01,region,,,,-3.3696827,36.6880794,Africa/Dar_es_Salaam,2019-10-05 21:48:42,2025-08-07 19:36:15,1,Q329261
1493,Tavastia Proper,74,FI,05,06,FI-06,region,,,,60.937696,24.1531919,Europe/Helsinki,2019-10-05 21:48:42,2025-08-07 19:36:17,1,Q5695
1494,Central Ostrobothnia,74,FI,16,07,FI-07,region,,,,63.6476557,24.1114113,Europe/Helsinki,2019-10-05 21:48:42,2025-08-07 19:36:19,1,Q5696
1495,Southern Savonia,74,FI,10,04,FI-04,region,,,,61.6945148,27.8005015,Europe/Helsinki,2019-10-05 21:48:42,2025-08-07 19:36:20,1,Q5693
1496,Kainuu,74,FI,18,05,FI-05,region,,,,64.5946354,28.6810524,Europe/Helsinki,2019-10-05 21:48:42,2025-08-07 19:36:22,1,Q5694
1497,South Karelia,74,FI,09,02,FI-02,region,,,,61.2667443,28.4054849,Europe/Helsinki,2019-10-05 21:48:42,2025-08-07 19:36:24,1,Q5691
1498,Southern Ostrobothnia,74,FI,14,03,FI-03,region,,,,62.9433099,23.5285267,Europe/Helsinki,2019-10-05 21:48:42,2025-08-07 19:36:25,1,Q5692
1500,Lapland,74,FI,19,10,FI-10,region,,,,67.6929104,26.7282142,Europe/Helsinki,2019-10-05 21:48:42,2025-08-07 19:36:27,1,Q5700
1501,Satakunta,74,FI,04,17,FI-17,region,,,,61.5934279,21.7824512,Europe/Helsinki,2019-10-05 21:48:42,2025-08-07 19:36:28,1,Q5709
1502,Päijänne Tavastia,74,FI,07,16,FI-16,region,,,,61.1444196,25.6872502,Europe/Helsinki,2019-10-05 21:48:42,2025-08-07 19:36:30,1,Q5708
1503,Northern Savonia,74,FI,07,15,FI-15,region,,,,62.9370461,27.4942995,Europe/Helsinki,2019-10-05 21:48:42,2025-08-07 19:36:32,1,Q5706
1504,North Karelia,74,FI,12,13,FI-13,region,,,,62.801052,30.2127116,Europe/Helsinki,2019-10-05 21:48:42,2025-08-07 19:36:33,1,Q5703
1505,Northern Ostrobothnia,74,FI,17,14,FI-14,region,,,,64.9521512,25.6968812,Europe/Helsinki,2019-10-05 21:48:42,2025-08-07 19:36:35,1,Q5704
1506,Pirkanmaa,74,FI,06,11,FI-11,region,,,,61.717433,23.7157115,Europe/Helsinki,2019-10-05 21:48:42,2025-08-07 19:36:37,1,Q5701
1507,Finland Proper,74,FI,02,19,FI-19,region,,,,60.3036113,22.4113084,Europe/Helsinki,2019-10-05 21:48:42,2025-08-07 19:36:39,1,Q5712
1508,Ostrobothnia,74,FI,15,12,FI-12,region,,,,62.9651857,21.2099367,Europe/Helsinki,2019-10-05 21:48:42,2025-08-07 19:36:40,1,Q5702
1509,Åland Islands,74,FI,01,01,FI-01,region,,,,60.2166218,19.9438638,Europe/Mariehamn,2019-10-05 21:48:42,2025-08-07 19:36:42,1,Q5689
1510,Uusimaa,74,FI,01,18,FI-18,region,,,,60.2246684,25.1272631,Europe/Helsinki,2019-10-05 21:48:42,2025-08-07 19:36:43,1,Q5711
1511,Central Finland,74,FI,13,08,FI-08,region,,,,62.6093658,25.579461,Europe/Helsinki,2019-10-05 21:48:42,2025-08-07 19:36:45,1,Q5697
1512,Kymenlaakso,74,FI,08,09,FI-09,region,,,,60.7318529,27.0828744,Europe/Helsinki,2019-10-05 21:48:42,2025-08-07 19:36:47,1,Q5698
1513,Diekirch,127,LU,08,DI,LU-DI,canton,,,,49.8671784,6.1595633,Europe/Luxembourg,2019-10-05 21:48:42,2025-08-07 19:36:49,1,Q691842
1514,Luxembourg ,127,LU,03,L,LU-L,canton,,,,49.6112768,6.129799,Europe/Luxembourg,2019-10-05 21:48:42,2025-08-07 19:36:50,1,Q2032
1515,Echternach,127,LU,03,EC,LU-EC,canton,,,,49.8114133,6.4175635,Europe/Luxembourg,2019-10-05 21:48:42,2025-08-07 19:36:52,1,Q720221
1516,Redange,127,LU,03,RD,LU-RD,canton,,,,49.76455,5.88948,Europe/Luxembourg,2019-10-05 21:48:42,2025-08-07 19:36:54,1,Q835980
1517,Esch-sur-Alzette,127,LU,03,ES,LU-ES,canton,,,,49.5008805,5.9860925,Europe/Luxembourg,2019-10-05 21:48:42,2025-08-07 19:36:56,1,Q188283
1518,Capellen,127,LU,03,CA,LU-CA,canton,,,,49.6424353,5.9805893,Europe/Luxembourg,2019-10-05 21:48:42,2025-08-07 19:36:58,1,Q397678
1519,Remich,127,LU,03,RM,LU-RM,canton,,,,49.545017,6.3674222,Europe/Luxembourg,2019-10-05 21:48:42,2025-08-07 19:37:00,1,Q691781
1520,Grevenmacher,127,LU,02,G,LU-G,canton,,,,49.680851,6.4407524,Europe/Luxembourg,2019-10-05 21:48:42,2025-08-07 19:37:01,1,Q208284
1521,Clervaux,127,LU,02,CL,LU-CL,canton,,,,50.0546313,6.0285875,Europe/Luxembourg,2019-10-05 21:48:42,2025-08-07 19:37:03,1,Q691793
1522,Mersch,127,LU,02,ME,LU-ME,canton,,,,49.7506746,6.1066591,Europe/Luxembourg,2019-10-05 21:48:42,2025-08-07 19:37:05,1,Q753917
1523,Vianden,127,LU,02,VD,LU-VD,canton,,,,49.9341924,6.2019917,Europe/Luxembourg,2019-10-05 21:48:42,2025-08-07 19:37:07,1,Q845600
1526,Wiltz,127,LU,01,WI,LU-WI,canton,,,,49.96622,5.9324306,Europe/Luxembourg,2019-10-05 21:48:42,2025-08-07 19:37:09,1,Q550021
1528,Zealand,59,DK,20,85,DK-85,region,,,,55.5455979,11.6973741,Europe/Copenhagen,2019-10-05 21:48:42,2025-08-07 19:37:11,1,Q26589
1529,Southern Denmark,59,DK,21,83,DK-83,region,,,,55.3784263,9.1318064,Europe/Copenhagen,2019-10-05 21:48:42,2025-08-07 19:37:13,1,Q26061
1530,Denmark,59,DK,17,84,DK-84,region,,,,55.670249,10.3333283,Europe/Copenhagen,2019-10-05 21:48:42,2025-08-07 19:37:14,1,Q26073
1531,Central Denmark,59,DK,18,82,DK-82,region,,,,56.2356483,9.234625,Europe/Copenhagen,2019-10-05 21:48:42,2025-08-07 19:37:16,1,Q26586
1532,North Denmark,59,DK,19,81,DK-81,region,,,,56.8152793,9.7273308,Europe/Copenhagen,2019-10-05 21:48:42,2025-08-07 19:37:17,1,Q26067
1533,Gävleborg,213,SE,03,X,SE-X,county,,,,61.2603424,16.6946985,Europe/Stockholm,2019-10-05 21:48:42,2025-08-07 19:37:19,1,Q103699
1534,Dalarna,213,SE,10,W,SE-W,county,,,,61.0603778,14.2150873,Europe/Stockholm,2019-10-05 21:48:42,2025-08-07 19:37:21,1,Q103732
1535,Värmland,213,SE,22,S,SE-S,county,,,,59.8907624,13.2947617,Europe/Stockholm,2019-10-05 21:48:42,2025-08-07 19:37:22,1,Q106789
1536,Östergötland,213,SE,16,E,SE-E,county,,,,58.3650249,16.0447142,Europe/Stockholm,2019-10-05 21:48:42,2025-08-07 19:37:24,1,Q104940
1537,Blekinge,213,SE,02,K,SE-K,county,,,,56.1240122,15.4022088,Europe/Stockholm,2019-10-05 21:48:42,2025-08-07 19:37:26,1,Q102377
1538,Norrbotten,213,SE,14,BD,SE-BD,county,,,,66.52825,22.95302,Europe/Stockholm,2019-10-05 21:48:42,2025-08-07 19:37:28,1,Q103686
1539,Örebro,213,SE,15,T,SE-T,county,,,,59.2747287,15.2151181,Europe/Stockholm,2019-10-05 21:48:42,2025-08-07 19:37:29,1,Q104257
1540,Södermanland,213,SE,18,D,SE-D,county,,,,58.9649214,16.7294012,Europe/Stockholm,2019-10-05 21:48:42,2025-08-07 19:37:31,1,Q106915
1541,Skåne,213,SE,27,M,SE-M,county,,,,55.8479416,13.6337117,Europe/Stockholm,2019-10-05 21:48:42,2025-08-07 19:37:33,1,Q103659
1542,Kronoberg,213,SE,12,G,SE-G,county,,,,56.8006781,14.411161,Europe/Stockholm,2019-10-05 21:48:42,2025-08-07 19:37:35,1,Q104746
1543,Västerbotten,213,SE,23,AC,SE-AC,county,,,,64.728471,18.5533235,Europe/Stockholm,2019-10-05 21:48:42,2025-08-07 19:37:36,1,Q104877
1544,Kalmar,213,SE,09,H,SE-H,county,,,,56.666667,16.333056,Europe/Stockholm,2019-10-05 21:48:42,2025-08-07 19:37:38,1,Q103707
1545,Uppsala,213,SE,21,C,SE-C,county,,,,59.8661986,17.5984327,Europe/Stockholm,2019-10-05 21:48:42,2025-08-07 19:37:40,1,Q104926
1546,Gotland,213,SE,05,I,SE-I,county,,,,57.4998732,18.4998927,Europe/Stockholm,2019-10-05 21:48:42,2025-08-07 19:37:41,1,Q103738
1547,Västra Götaland,213,SE,28,O,SE-O,county,,,,58.2158502,12.6518208,Europe/Stockholm,2019-10-05 21:48:42,2025-08-07 19:37:43,1,Q103093
1548,Halland,213,SE,06,N,SE-N,county,,,,56.9608104,12.8547066,Europe/Stockholm,2019-10-05 21:48:42,2025-08-07 19:37:45,1,Q103691
1549,Västmanland,213,SE,25,U,SE-U,county,,,,59.6965639,16.1846541,Europe/Stockholm,2019-10-05 21:48:42,2025-08-07 19:37:47,1,Q105075
1550,Jönköping,213,SE,08,F,SE-F,county,,,,57.7825634,14.165719,Europe/Stockholm,2019-10-05 21:48:42,2025-08-07 19:37:48,1,Q103672
1551,Stockholm,213,SE,26,AB,SE-AB,county,,,,59.3336173,18.0276973,Europe/Stockholm,2019-10-05 21:48:42,2025-08-07 19:37:50,1,Q104231
1552,Västernorrland,213,SE,24,Y,SE-Y,county,,,,63.0589693,18.1013686,Europe/Stockholm,2019-10-05 21:48:42,2025-08-07 19:37:52,1,Q104891
1553,Plungė,126,LT,24,35,LT-35,district municipality,1,1569,,55.910784,21.8454069,Europe/Vilnius,2019-10-05 21:48:42,2025-08-07 19:37:53,1,Q404943
1555,Jurbarkas,126,LT,61,12,LT-12,district municipality,1,1573,,55.0777077,22.7646945,Europe/Vilnius,2019-10-05 21:48:42,2025-08-07 19:37:55,1,Q2089815
1556,Kaunas,126,LT,57,KU,LT-KU,county,,,,54.8982139,23.9044817,Europe/Vilnius,2019-10-05 21:48:42,2025-08-07 19:37:57,1,Q853861
1557,Mažeikiai,126,LT,57,26,LT-26,district municipality,1,1569,,56.3092439,22.341468,Europe/Vilnius,2019-10-05 21:48:42,2025-08-07 19:37:58,1,Q313132
1558,Panevėžys,126,LT,60,PN,LT-PN,county,,,,55.7344985,24.3578055,Europe/Vilnius,2019-10-05 21:48:42,2025-08-07 19:38:00,1,Q188085
1559,Elektrėnai,126,LT,60,08,LT-08,municipality,1,1601,,54.786657,24.6708398,Europe/Vilnius,2019-10-05 21:48:42,2025-08-07 19:38:01,1,Q2089777
1560,Švenčionys,126,LT,60,49,LT-49,district municipality,1,1601,,55.1336865,26.1630146,Europe/Vilnius,2019-10-05 21:48:42,2025-08-07 19:38:03,1,Q1813849
1561,Akmenė,126,LT,60,01,LT-01,district municipality,1,1586,,56.2455029,22.7471169,Europe/Vilnius,2019-10-05 21:48:42,2025-08-07 19:38:05,1,Q1023041
1562,Ignalina,126,LT,60,09,LT-09,district municipality,1,1621,,55.3398975,26.1614043,Europe/Vilnius,2019-10-05 21:48:42,2025-08-07 19:38:07,1,Q2069330
1563,Neringa,126,LT,60,28,LT-28,municipality,1,1600,,55.4756828,21.092587,Europe/Vilnius,2019-10-05 21:48:42,2025-08-07 19:38:08,1,Q9305847
1564,Visaginas,126,LT,60,59,LT-59,municipality,1,1621,,55.594118,26.4307954,Europe/Vilnius,2019-10-05 21:48:42,2025-08-07 19:38:10,1,Q2558824
1566,Biržai,126,LT,57,06,LT-06,district municipality,1,1558,,56.2017719,24.7560118,Europe/Vilnius,2019-10-05 21:48:42,2025-08-07 19:38:12,1,Q763504
1567,Jonava,126,LT,57,10,LT-10,district municipality,1,1556,,55.0727242,24.2793337,Europe/Vilnius,2019-10-05 21:48:42,2025-08-07 19:38:14,1,Q1351768
1568,Radviliškis,126,LT,57,37,LT-37,district municipality,1,1586,,55.8108399,23.546487,Europe/Vilnius,2019-10-05 21:48:42,2025-08-07 19:38:15,1,Q1755961
1569,Telšiai,126,LT,63,TE,LT-TE,county,,,,55.9846135,22.2490753,Europe/Vilnius,2019-10-05 21:48:42,2025-08-07 19:38:17,1,Q188963
1570,Marijampolė,126,LT,59,MR,LT-MR,county,,,,54.5562536,23.3503665,Europe/Vilnius,2019-10-05 21:48:42,2025-08-07 19:38:18,1,Q853948
1571,Kretinga,126,LT,59,22,LT-22,district municipality,1,1600,,55.883842,21.2350919,Europe/Vilnius,2019-10-05 21:48:42,2025-08-07 19:38:20,1,Q156560
1572,Tauragė,126,LT,62,50,LT-50,district municipality,1,1573,,55.250366,22.29095,Europe/Vilnius,2019-10-05 21:48:42,2025-08-07 19:38:22,1,Q2071640
1573,Tauragė,126,LT,62,TA,LT-TA,county,,,,55.3072586,22.3572939,Europe/Vilnius,2019-10-05 21:48:42,2025-08-07 19:38:23,1,Q188960
1574,Alytus,126,LT,56,AL,LT-AL,county,,,,54.3924677,24.1087607,Europe/Vilnius,2019-10-05 21:48:42,2025-08-07 19:38:25,1,Q669470
1575,Kazlų Rūda,126,LT,56,17,LT-17,municipality,1,1570,,54.7520669,23.4985141,Europe/Vilnius,2019-10-05 21:48:42,2025-08-07 19:38:27,1,Q1461972
1576,Šakiai,126,LT,56,41,LT-41,district municipality,1,1570,,54.952671,23.0480199,Europe/Vilnius,2019-10-05 21:48:42,2025-08-07 19:38:28,1,Q2021307
1577,Šalčininkai,126,LT,56,42,LT-42,district municipality,1,1601,,54.309767,25.387564,Europe/Vilnius,2019-10-05 21:48:42,2025-08-07 19:38:30,1,Q1799182
1578,Prienai,126,LT,56,36,LT-36,district municipality,1,1556,,54.638358,23.9468009,Europe/Vilnius,2019-10-05 21:48:42,2025-08-07 19:38:32,1,Q47090
1579,Druskininkai,126,LT,56,07,LT-07,municipality,1,1574,,54.0171932,23.9772282,Europe/Vilnius,2019-10-05 21:48:42,2025-08-07 19:38:34,1,Q669649
1580,Kaunas,126,LT,57,15,LT-15,district municipality,1,1556,,54.8982139,23.9044817,Europe/Vilnius,2019-10-05 21:48:42,2025-08-07 19:38:35,1,Q928938
1581,Joniškis,126,LT,57,11,LT-11,district municipality,1,1586,,56.236073,23.6136579,Europe/Vilnius,2019-10-05 21:48:42,2025-08-07 19:38:37,1,Q610133
1582,Molėtai,126,LT,57,27,LT-27,district municipality,1,1621,,55.2265309,25.4180011,Europe/Vilnius,2019-10-05 21:48:42,2025-08-07 19:38:39,1,Q2089785
1583,Kaišiadorys,126,LT,57,13,LT-13,district municipality,1,1556,,54.8602337,24.4544785,Europe/Vilnius,2019-10-05 21:48:42,2025-08-07 19:38:40,1,Q2069320
1584,Kėdainiai,126,LT,57,18,LT-18,district municipality,1,1556,,55.2887322,23.9758359,Europe/Vilnius,2019-10-05 21:48:42,2025-08-07 19:38:42,1,Q46786
1585,Kupiškis,126,LT,57,23,LT-23,district municipality,1,1558,,55.8388909,24.9760431,Europe/Vilnius,2019-10-05 21:48:42,2025-08-07 19:38:43,1,Q2089791
1586,Šiauliai,126,LT,61,SA,LT-SA,county,,,,55.9340823,23.3157775,Europe/Vilnius,2019-10-05 21:48:42,2025-08-07 19:38:45,1,Q186410
1587,Raseiniai,126,LT,61,38,LT-38,district municipality,1,1556,,55.3819499,23.1156129,Europe/Vilnius,2019-10-05 21:48:42,2025-08-07 19:38:47,1,Q2069355
1588,Palanga,126,LT,61,31,LT-31,district municipality,1,1600,,55.920198,21.0677614,Europe/Vilnius,2019-10-05 21:48:42,2025-08-07 19:38:49,1,Q3685410
1590,Rietavas,126,LT,60,39,LT-39,municipality,1,1569,,55.7229408,21.9270804,Europe/Vilnius,2019-10-05 21:48:42,2025-08-07 19:38:50,1,Q712011
1591,Kalvarija,126,LT,60,14,LT-14,municipality,1,1570,,54.3761674,23.1920321,Europe/Vilnius,2019-10-05 21:48:42,2025-08-07 19:38:52,1,Q1461987
1593,Trakai,126,LT,65,52,LT-52,district municipality,1,1601,,54.6379113,24.9346894,Europe/Vilnius,2019-10-05 21:48:42,2025-08-07 19:38:53,1,Q1987743
1594,Širvintos,126,LT,65,47,LT-47,district municipality,1,1601,,55.043102,24.956981,Europe/Vilnius,2019-10-05 21:48:42,2025-08-07 19:38:55,1,Q58882
1595,Pakruojis,126,LT,65,30,LT-30,district municipality,1,1586,,55.9777084,23.8451797,Europe/Vilnius,2019-10-05 21:48:42,2025-08-07 19:38:57,1,Q1657116
1596,Ukmergė,126,LT,65,53,LT-53,district municipality,1,1601,,55.2477293,24.7599714,Europe/Vilnius,2019-10-05 21:48:42,2025-08-07 19:38:59,1,Q68929
1598,Utena,126,LT,64,54,LT-54,district municipality,1,1621,,55.4871833,25.6386221,Europe/Vilnius,2019-10-05 21:48:42,2025-08-07 19:39:00,1,Q2089798
1600,Klaipėda,126,LT,58,KL,LT-KL,county,,,,55.7127529,21.1350469,Europe/Vilnius,2019-10-05 21:48:42,2025-08-07 19:39:02,1,Q475207
1601,Vilnius,126,LT,65,VL,LT-VL,county,,,,54.6870458,25.2829111,Europe/Vilnius,2019-10-05 21:48:42,2025-08-07 19:39:04,1,Q188061
1602,Varėna,126,LT,65,55,LT-55,district municipality,1,1574,,54.2121764,24.5673724,Europe/Vilnius,2019-10-05 21:48:42,2025-08-07 19:39:06,1,Q1351747
1603,Birštonas,126,LT,65,05,LT-05,municipality,1,1556,,54.5864194,24.0421736,Europe/Vilnius,2019-10-05 21:48:42,2025-08-07 19:39:08,1,Q2015893
1604,Klaipėda,126,LT,58,21,LT-21,district municipality,1,1600,,55.7127529,21.1350469,Europe/Vilnius,2019-10-05 21:48:42,2025-08-07 19:39:09,1,Q141132
1605,Alytus,126,LT,56,02,LT-02,district municipality,1,1574,,54.3924677,24.1087607,Europe/Vilnius,2019-10-05 21:48:42,2025-08-07 19:39:11,1,Q3685407
1606,Vilnius,126,LT,65,57,LT-57,district municipality,1,1601,,54.6870458,25.2829111,Europe/Vilnius,2019-10-05 21:48:42,2025-08-07 19:39:13,1,Q923117
1607,Šilutė,126,LT,65,46,LT-46,district municipality,1,1600,,55.3413747,21.4605697,Europe/Vilnius,2019-10-05 21:48:43,2025-08-07 19:39:15,1,Q282098
1608,Telšiai,126,LT,63,51,LT-51,district municipality,1,1569,,55.9846135,22.2490753,Europe/Vilnius,2019-10-05 21:48:43,2025-08-07 19:39:16,1,Q588916
1609,Šiauliai,126,LT,61,43,LT-43,district municipality,1,1586,,55.9340823,23.3157775,Europe/Vilnius,2019-10-05 21:48:43,2025-08-07 19:39:18,1,Q4993831
1610,Marijampolė,126,LT,59,25,LT-25,district municipality,1,1570,,54.5562536,23.3503665,Europe/Vilnius,2019-10-05 21:48:43,2025-08-07 19:39:20,1,Q1931377
1611,Lazdijai,126,LT,59,24,LT-24,district municipality,1,1574,,54.2343267,23.5156505,Europe/Vilnius,2019-10-05 21:48:43,2025-08-07 19:39:22,1,Q2069342
1612,Pagėgiai,126,LT,59,29,LT-29,municipality,1,1573,,55.133252,21.9104398,Europe/Vilnius,2019-10-05 21:48:43,2025-08-07 19:39:23,1,Q2283574
1613,Šilalė ,126,LT,59,45,LT-45,district municipality,1,1573,,55.49268,22.1845559,Europe/Vilnius,2019-10-05 21:48:43,2025-08-07 19:39:25,1,Q677400
1614,Panevėžys,126,LT,60,33,LT-33,district municipality,1,1558,,55.7344985,24.3578055,Europe/Vilnius,2019-10-05 21:48:43,2025-08-07 19:39:27,1,Q1351758
1615,Rokiškis,126,LT,60,40,LT-40,district municipality,1,1558,,55.9555039,25.5859249,Europe/Vilnius,2019-10-05 21:48:43,2025-08-07 19:39:29,1,Q766969
1616,Pasvalys,126,LT,60,34,LT-34,district municipality,1,1558,,56.0604619,24.396291,Europe/Vilnius,2019-10-05 21:48:43,2025-08-07 19:39:30,1,Q1461920
1617,Skuodas,126,LT,60,48,LT-48,district municipality,1,1600,,56.2702169,21.5214331,Europe/Vilnius,2019-10-05 21:48:43,2025-08-07 19:39:32,1,Q219115
1618,Kelmė,126,LT,60,19,LT-19,district municipality,1,1586,,55.6294679,22.9313095,Europe/Vilnius,2019-10-05 21:48:43,2025-08-07 19:39:34,1,Q1387044
1619,Zarasai,126,LT,60,60,LT-60,district municipality,1,1621,,55.7309609,26.245295,Europe/Vilnius,2019-10-05 21:48:43,2025-08-07 19:39:36,1,Q664415
1620,Vilkaviškis,126,LT,60,56,LT-56,district municipality,1,1570,,54.651945,23.035155,Europe/Vilnius,2019-10-05 21:48:43,2025-08-07 19:39:38,1,Q2021318
1621,Utena,126,LT,64,UT,LT-UT,county,,,,55.4871833,25.6386221,Europe/Vilnius,2019-10-05 21:48:43,2025-08-07 19:39:39,1,Q188659
1622,Upper Silesia,176,PL,79,16,PL-16,voivodship,,,,50.2466526,18.6453696,Europe/Warsaw,2019-10-05 21:48:43,2025-08-07 19:39:42,1,Q54171
1623,Silesia,176,PL,83,24,PL-24,voivodship,,,,50.5687422,19.2343995,Europe/Warsaw,2019-10-05 21:48:43,2025-08-07 19:39:43,1,Q54181
1624,Pomerania,176,PL,82,22,PL-22,voivodship,,,,54.24556,18.1099,Europe/Warsaw,2019-10-05 21:48:43,2025-08-07 19:39:45,1,Q54180
1625,Kuyavia-Pomerania,176,PL,73,04,PL-04,voivodship,,,,53.1648363,18.4834224,Europe/Warsaw,2019-10-05 21:48:43,2025-08-07 19:39:46,1,Q54153
1626,Subcarpathia,176,PL,80,18,PL-18,voivodship,,,,49.3113402,22.4325907,Europe/Warsaw,2019-10-05 21:48:43,2025-08-07 19:39:48,1,Q54175
1628,Warmia-Masuria,176,PL,85,28,PL-28,voivodship,,,,53.9311892,21.1260808,Europe/Warsaw,2019-10-05 21:48:43,2025-08-07 19:39:50,1,Q54184
1629,Lower Silesia,176,PL,72,02,PL-02,voivodship,,,,50.9206028,16.4946351,Europe/Warsaw,2019-10-05 21:48:43,2025-08-07 19:39:52,1,Q54150
1630,Holy Cross,176,PL,84,26,PL-26,voivodship,,,,50.7504894,20.7829122,Europe/Warsaw,2019-10-05 21:48:43,2025-08-07 19:39:53,1,Q54183
1631,Lubusz,176,PL,76,08,PL-08,voivodship,,,,52.1001754,15.3605075,Europe/Warsaw,2019-10-05 21:48:43,2025-08-07 19:39:55,1,Q54157
1632,Podlaskie,176,PL,81,20,PL-20,voivodship,,,,53.2668455,22.8525787,Europe/Warsaw,2019-10-05 21:48:43,2025-08-07 19:39:57,1,Q54177
1633,West Pomerania,176,PL,87,32,PL-32,voivodship,,,,53.5450793,15.5661586,Europe/Warsaw,2019-10-05 21:48:43,2025-08-07 19:39:59,1,Q54188
1634,Greater Poland,176,PL,86,30,PL-30,voivodship,,,,52.1458506,17.397672,Europe/Warsaw,2019-10-05 21:48:43,2025-08-07 19:40:00,1,Q54187
1635,Lesser Poland,176,PL,77,12,PL-12,voivodship,,,,49.790952,20.3793521,Europe/Warsaw,2019-10-05 21:48:43,2025-08-07 19:40:02,1,Q54159
1636,Łódź,176,PL,74,10,PL-10,voivodship,,,,51.7687323,19.4569911,Europe/Warsaw,2019-10-05 21:48:43,2025-08-07 19:40:03,1,Q54158
1637,Mazovia,176,PL,78,14,PL-14,voivodship,,,,52.5461934,21.2073404,Europe/Warsaw,2019-10-05 21:48:43,2025-08-07 19:40:05,1,Q54169
1638,Lublin,176,PL,75,06,PL-06,voivodship,,,,51.250559,22.5701022,Europe/Warsaw,2019-10-05 21:48:43,2025-08-07 19:40:07,1,Q54155
1639,Aargau,214,CH,01,AG,CH-AG,canton,,,,47.412396,8.1948321,Europe/Zurich,2019-10-05 21:48:43,2025-08-07 19:40:08,1,Q11972
1640,Fribourg,214,CH,06,FR,CH-FR,canton,,,,46.6789116,7.1027113,Europe/Zurich,2019-10-05 21:48:43,2025-08-07 19:40:10,1,Q12640
1641,Basel-Land,214,CH,03,BL,CH-BL,canton,,,,47.5092938,7.6588333,Europe/Zurich,2019-10-05 21:48:43,2025-08-07 19:40:12,1,Q12146
1642,Uri,214,CH,21,UR,CH-UR,canton,,,,46.7864413,8.6420159,Europe/Zurich,2019-10-05 21:48:43,2025-08-07 19:40:14,1,Q12404
1643,Ticino,214,CH,20,TI,CH-TI,canton,,,,46.3351913,8.7525902,Europe/Zurich,2019-10-05 21:48:43,2025-08-07 19:40:16,1,Q12724
1644,St. Gallen,214,CH,15,SG,CH-SG,canton,,,,47.1561047,9.338323,Europe/Zurich,2019-10-05 21:48:43,2025-08-07 19:40:17,1,Q12746
1645,Bern,214,CH,05,BE,CH-BE,canton,,,,46.8382351,7.6004502,Europe/Zurich,2019-10-05 21:48:43,2025-08-07 19:40:19,1,Q11911
1646,Zug,214,CH,24,ZG,CH-ZG,canton,,,,47.1661505,8.5154749,Europe/Zurich,2019-10-05 21:48:43,2025-08-07 19:40:20,1,Q11933
1647,Geneva,214,CH,07,GE,CH-GE,canton,,,,46.2256509,6.1439209,Europe/Zurich,2019-10-05 21:48:43,2025-08-07 19:40:22,1,Q11917
1648,Valais,214,CH,22,VS,CH-VS,canton,,,,46.2303063,7.6605757,Europe/Zurich,2019-10-05 21:48:43,2025-08-07 19:40:24,1,Q834
1649,Appenzell Innerrhoden,214,CH,10,AI,CH-AI,canton,,,,47.3007262,9.3991527,Europe/Zurich,2019-10-05 21:48:43,2025-08-07 19:40:26,1,Q12094
1650,Obwalden,214,CH,14,OW,CH-OW,canton,,,,46.8613857,8.2067825,Europe/Zurich,2019-10-05 21:48:43,2025-08-07 19:40:28,1,Q12573
1651,Vaud,214,CH,23,VD,CH-VD,canton,,,,46.6356963,6.5320717,Europe/Zurich,2019-10-05 21:48:43,2025-08-07 19:40:29,1,Q12771
1652,Nidwalden,214,CH,13,NW,CH-NW,canton,,,,46.942756,8.4119773,Europe/Zurich,2019-10-05 21:48:43,2025-08-07 19:40:31,1,Q12592
1653,Schwyz,214,CH,17,SZ,CH-SZ,canton,,,,47.0207138,8.6529884,Europe/Zurich,2019-10-05 21:48:43,2025-08-07 19:40:33,1,Q12433
1654,Schaffhausen,214,CH,16,SH,CH-SH,canton,,,,47.6960491,8.634513,Europe/Zurich,2019-10-05 21:48:43,2025-08-07 19:40:34,1,Q12697
1655,Appenzell Ausserrhoden,214,CH,02,AR,CH-AR,canton,,,,47.3960076,9.3705839,Europe/Zurich,2019-10-05 21:48:43,2025-08-07 19:40:36,1,Q12079
1656,Zürich,214,CH,25,ZH,CH-ZH,canton,,,,47.4133024,8.656394,Europe/Zurich,2019-10-05 21:48:43,2025-08-07 19:40:38,1,Q11943
1657,Thurgau,214,CH,19,TG,CH-TG,canton,,,,47.5859649,9.1428769,Europe/Zurich,2019-10-05 21:48:43,2025-08-07 19:40:40,1,Q12713
1658,Jura,214,CH,26,JU,CH-JU,canton,,,,47.3566699,7.1598893,Europe/Zurich,2019-10-05 21:48:43,2025-08-07 19:40:41,1,Q12755
1659,Neuchâtel,214,CH,12,NE,CH-NE,canton,,,,46.9899874,6.9292732,Europe/Zurich,2019-10-05 21:48:43,2025-08-07 19:40:43,1,Q12738
1660,Graubünden,214,CH,09,GR,CH-GR,canton,,,,46.6960615,9.6027351,Europe/Zurich,2019-10-05 21:48:43,2025-08-07 19:40:45,1,Q11925
1661,Glarus,214,CH,08,GL,CH-GL,canton,,,,47.0411232,9.0679,Europe/Zurich,2019-10-05 21:48:43,2025-08-07 19:40:47,1,Q11922
1662,Solothurn,214,CH,18,SO,CH-SO,canton,,,,47.31874,7.6698284,Europe/Zurich,2019-10-05 21:48:43,2025-08-07 19:40:48,1,Q11929
1663,Lucerne,214,CH,11,LU,CH-LU,canton,,,,47.0908207,8.1719611,Europe/Zurich,2019-10-05 21:48:43,2025-08-07 19:40:49,1,Q12121
1664,Tuscany,107,IT,16,52,IT-52,region,,,,43.4586541,11.1389204,Europe/Rome,2019-10-05 21:48:43,2025-08-07 19:40:51,1,Q1273
1665,Padua,107,IT,16,PD,IT-PD,province,1,1753,,45.391408,11.8058487,Europe/Rome,2019-10-05 21:48:43,2025-08-07 19:40:52,1,Q16226
1666,Parma,107,IT,16,PR,IT-PR,province,1,1773,,44.8015322,10.3279354,Europe/Rome,2019-10-05 21:48:43,2025-08-07 19:40:54,1,Q16228
1667,Siracusa,107,IT,16,SR,IT-SR,free municipal consortium,3,1709,,37.0656924,15.2857109,Europe/Rome,2019-10-05 21:48:43,2025-08-07 19:40:56,1,Q25510290
1668,Palermo,107,IT,16,PA,IT-PA,metropolitan city,1,1709,,38.11569,13.3614868,Europe/Rome,2019-10-05 21:48:43,2025-08-07 19:40:58,1,Q20795016
1669,Campania,107,IT,04,72,IT-72,region,1,,,40.860672,14.843984,Europe/Rome,2019-10-05 21:48:43,2025-08-07 19:40:59,1,Q1438
1670,Marche,107,IT,10,57,IT-57,region,1,,,43.3458388,13.1415872,Europe/Rome,2019-10-05 21:48:43,2025-08-07 19:41:01,1,Q1279
1672,Ancona,107,IT,10,AN,IT-AN,province,1,1670,,43.4801189,13.2187279,Europe/Rome,2019-10-05 21:48:43,2025-08-07 19:41:03,1,Q16114
1674,Latina,107,IT,10,LT,IT-LT,province,1,1678,,41.4595261,13.0125912,Europe/Rome,2019-10-05 21:48:43,2025-08-07 19:41:04,1,Q16196
1675,Lecce,107,IT,10,LE,IT-LE,province,1,1688,,40.1522173,18.2260628,Europe/Rome,2019-10-05 21:48:43,2025-08-07 19:41:06,1,Q16197
1676,Pavia,107,IT,10,PV,IT-PV,province,1,1705,,45.1860043,9.1546375,Europe/Rome,2019-10-05 21:48:43,2025-08-07 19:41:08,1,Q16231
1677,Lecco,107,IT,10,LC,IT-LC,province,1,1705,,45.9005485,9.4120248,Europe/Rome,2019-10-05 21:48:43,2025-08-07 19:41:10,1,Q16199
1678,Lazio,107,IT,07,62,IT-62,region,1,,,41.9808038,12.7662312,Europe/Rome,2019-10-05 21:48:43,2025-08-07 19:41:11,1,Q1282
1679,Abruzzo,107,IT,01,65,IT-65,region,1,,,42.227681,13.854983,Europe/Rome,2019-10-05 21:48:43,2025-08-07 19:41:13,1,Q1284
1681,Ascoli Piceno,107,IT,01,AP,IT-AP,province,1,1670,,42.8546185,13.5755038,Europe/Rome,2019-10-05 21:48:43,2025-08-07 19:41:15,1,Q16117
1683,Umbria,107,IT,18,55,IT-55,region,1,,,42.965916,12.490236,Europe/Rome,2019-10-05 21:48:43,2025-08-07 19:41:16,1,Q1280
1685,Pisa,107,IT,18,PI,IT-PI,province,1,1764,,43.7228315,10.4017194,Europe/Rome,2019-10-05 21:48:43,2025-08-07 19:41:18,1,Q16244
1686,Barletta-Andria-Trani,107,IT,18,BT,IT-BT,province,1,1688,,41.180172,16.1466408,Europe/Rome,2019-10-05 21:48:43,2025-08-07 19:41:20,1,Q16124
1687,Pistoia,107,IT,18,PT,IT-PT,province,1,1764,,43.9740957,10.8687081,Europe/Rome,2019-10-05 21:48:43,2025-08-07 19:41:21,1,Q16245
1688,Apulia,107,IT,13,75,IT-75,region,1,,,40.9842539,16.6210027,Europe/Rome,2019-10-05 21:48:43,2025-08-07 19:41:23,1,Q1447
1689,Belluno,107,IT,13,BL,IT-BL,province,1,1753,,46.2805407,12.0789137,Europe/Rome,2019-10-05 21:48:43,2025-08-07 19:41:24,1,Q16126
1690,Pordenone,107,IT,13,PN,IT-PN,decentralized regional entity,2,1756,,46.1017367,12.7039028,Europe/Rome,2019-10-05 21:48:43,2025-08-07 19:41:26,1,Q16247
1691,Perugia,107,IT,13,PG,IT-PG,province,1,1683,,43.1119613,12.3890104,Europe/Rome,2019-10-05 21:48:43,2025-08-07 19:41:27,1,Q16240
1692,Avellino,107,IT,13,AV,IT-AV,province,1,1669,,40.9965446,15.140569,Europe/Rome,2019-10-05 21:48:43,2025-08-07 19:41:29,1,Q16120
1693,Pesaro and Urbino,107,IT,13,PU,IT-PU,province,1,1670,,43.6130118,12.7135121,Europe/Rome,2019-10-05 21:48:43,2025-08-07 19:41:30,1,Q16241
1694,Pescara,107,IT,13,PE,IT-PE,province,1,1679,,42.3102619,13.9575901,Europe/Rome,2019-10-05 21:48:43,2025-08-07 19:41:32,1,Q16242
1695,Molise,107,IT,11,67,IT-67,region,1,,,41.630828,14.492925,Europe/Rome,2019-10-05 21:48:43,2025-08-07 19:41:34,1,Q1443
1696,Piacenza,107,IT,11,PC,IT-PC,province,1,1773,,44.8476352,9.6665313,Europe/Rome,2019-10-05 21:48:43,2025-08-07 19:41:35,1,Q16243
1697,Potenza,107,IT,11,PZ,IT-PZ,province,1,1706,,40.5173119,15.8216088,Europe/Rome,2019-10-05 21:48:43,2025-08-07 19:41:37,1,Q16249
1700,Prato,107,IT,11,PO,IT-PO,province,1,1764,,43.9357181,11.0941473,Europe/Rome,2019-10-05 21:48:43,2025-08-07 19:41:39,1,Q16250
1701,Benevento,107,IT,11,BN,IT-BN,province,1,1669,,41.2476307,14.7057054,Europe/Rome,2019-10-05 21:48:43,2025-08-07 19:41:40,1,Q16134
1702,Piedmont,107,IT,12,21,IT-21,region,1,,,45.060735,7.923549,Europe/Rome,2019-10-05 21:48:43,2025-08-07 19:41:42,1,Q1216
1703,Calabria,107,IT,03,78,IT-78,region,1,,,39.0565974,16.5249864,Europe/Rome,2019-10-05 21:48:43,2025-08-07 19:41:44,1,Q1458
1704,Bergamo,107,IT,03,BG,IT-BG,province,1,1705,,45.6982642,9.6772698,Europe/Rome,2019-10-05 21:48:43,2025-08-07 19:41:45,1,Q16137
1705,Lombardy,107,IT,09,25,IT-25,region,1,,,45.5703694,9.7732524,Europe/Rome,2019-10-05 21:48:43,2025-08-07 19:41:47,1,Q1210
1706,Basilicata,107,IT,02,77,IT-77,region,1,,,40.500571,16.081953,Europe/Rome,2019-10-05 21:48:43,2025-08-07 19:41:48,1,Q1452
1707,Ravenna,107,IT,02,RA,IT-RA,province,1,1773,,44.4184443,12.2035998,Europe/Rome,2019-10-05 21:48:43,2025-08-07 19:41:50,1,Q16252
1708,Reggio Emilia,107,IT,02,RE,IT-RE,province,1,1773,,44.6086674,10.5940667,Europe/Rome,2019-10-05 21:48:43,2025-08-07 19:41:52,1,Q16254
1709,Sicily,107,IT,15,82,IT-82,autonomous region,1,,,37.587794,14.155048,Europe/Rome,2019-10-05 21:48:43,2025-08-07 19:41:53,1,Q1460
1712,Rieti,107,IT,15,RI,IT-RI,province,1,1678,,42.4026569,12.860813,Europe/Rome,2019-10-05 21:48:43,2025-08-07 19:41:55,1,Q16267
1713,Rimini,107,IT,15,RN,IT-RN,province,1,1773,,44.0678288,12.5695158,Europe/Rome,2019-10-05 21:48:43,2025-08-07 19:41:57,1,Q16268
1714,Brindisi,107,IT,15,BR,IT-BR,province,1,1688,,40.6358599,17.6884975,Europe/Rome,2019-10-05 21:48:43,2025-08-07 19:41:58,1,Q16148
1715,Sardinia,107,IT,14,88,IT-88,autonomous region,1,,,40.0912813,9.0305773,Europe/Rome,2019-10-05 21:48:43,2025-08-07 19:42:00,1,Q1462
1716,Aosta Valley,107,IT,19,23,IT-23,autonomous region,1,,,45.730099,7.387426,Europe/Rome,2019-10-05 21:48:43,2025-08-07 19:42:02,1,Q1222
1717,Brescia,107,IT,19,BS,IT-BS,province,1,1705,,45.5415526,10.2118019,Europe/Rome,2019-10-05 21:48:43,2025-08-07 19:42:03,1,Q16144
1718,Caltanissetta,107,IT,19,CL,IT-CL,free municipal consortium,3,1709,,37.486013,14.0614982,Europe/Rome,2019-10-05 21:48:43,2025-08-07 19:42:05,1,Q26160410
1719,Rovigo,107,IT,19,RO,IT-RO,province,1,1753,,45.0698166,11.78882,Europe/Rome,2019-10-05 21:48:43,2025-08-07 19:42:07,1,Q16270
1720,Salerno,107,IT,19,SA,IT-SA,province,1,1669,,40.4194416,15.3106085,Europe/Rome,2019-10-05 21:48:43,2025-08-07 19:42:08,1,Q16271
1721,Campobasso,107,IT,19,CB,IT-CB,province,1,1695,,41.7172648,14.8262267,Europe/Rome,2019-10-05 21:48:43,2025-08-07 19:42:10,1,Q16151
1722,Sassari,107,IT,19,SS,IT-SS,province,1,1715,,40.7234746,8.5612674,Europe/Rome,2019-10-05 21:48:43,2025-08-07 19:42:12,1,Q16272
1723,Enna,107,IT,19,EN,IT-EN,free municipal consortium,3,1709,,37.5676216,14.2795349,Europe/Rome,2019-10-05 21:48:43,2025-08-07 19:42:14,1,Q26160408
1725,Trentino-South Tyrol,107,IT,17,32,IT-32,autonomous region,1,,,46.4995934,11.3553015,Europe/Rome,2019-10-05 21:48:43,2025-08-07 19:42:15,1,Q1237
1726,Verbano-Cusio-Ossola,107,IT,17,VB,IT-VB,province,1,1702,,46.1155755,8.3835967,Europe/Rome,2019-10-05 21:48:43,2025-08-07 19:42:17,1,Q16312
1727,Agrigento,107,IT,17,AG,IT-AG,free municipal consortium,3,1709,,37.3122991,13.57465,Europe/Rome,2019-10-05 21:48:43,2025-08-07 19:42:19,1,Q26160406
1728,Catanzaro,107,IT,17,CZ,IT-CZ,province,1,1703,,38.8299603,16.4315569,Europe/Rome,2019-10-05 21:48:43,2025-08-07 19:42:20,1,Q16159
1729,Ragusa,107,IT,17,RG,IT-RG,free municipal consortium,3,1709,,36.9269273,14.7255129,Europe/Rome,2019-10-05 21:48:43,2025-08-07 19:42:22,1,Q26160405
1730,South Sardinia,107,IT,17,SU,IT-SU,province,1,1715,,39.3893535,8.9397,Europe/Rome,2019-10-05 21:48:43,2025-08-07 19:42:23,1,Q23498165
1731,Caserta,107,IT,17,CE,IT-CE,province,1,1669,,41.2035192,14.1168624,Europe/Rome,2019-10-05 21:48:43,2025-08-07 19:42:25,1,Q16153
1732,Savona,107,IT,17,SV,IT-SV,province,1,1768,,44.2334238,8.2525727,Europe/Rome,2019-10-05 21:48:43,2025-08-07 19:42:26,1,Q16274
1733,Trapani,107,IT,17,TP,IT-TP,free municipal consortium,3,1709,,38.0183116,12.5148265,Europe/Rome,2019-10-05 21:48:43,2025-08-07 19:42:28,1,Q26160403
1734,Siena,107,IT,17,SI,IT-SI,province,1,1764,,43.3185536,11.3316533,Europe/Rome,2019-10-05 21:48:43,2025-08-07 19:42:30,1,Q16275
1735,Viterbo,107,IT,17,VT,IT-VT,province,1,1678,,42.4929522,11.9488136,Europe/Rome,2019-10-05 21:48:43,2025-08-07 19:42:32,1,Q16318
1736,Verona,107,IT,17,VR,IT-VR,province,1,1753,,45.4384958,10.9924122,Europe/Rome,2019-10-05 21:48:43,2025-08-07 19:42:33,1,Q16314
1737,Vibo Valentia,107,IT,17,VV,IT-VV,province,1,1703,,38.6266556,16.0986935,Europe/Rome,2019-10-05 21:48:43,2025-08-07 19:42:35,1,Q16315
1738,Vicenza,107,IT,17,VI,IT-VI,province,1,1753,,45.6348591,11.4063543,Europe/Rome,2019-10-05 21:48:43,2025-08-07 19:42:37,1,Q16316
1739,Chieti,107,IT,17,CH,IT-CH,province,1,1679,,42.1026928,14.4159053,Europe/Rome,2019-10-05 21:48:43,2025-08-07 19:42:39,1,Q16160
1740,Como,107,IT,17,CO,IT-CO,province,1,1705,,45.8080416,9.0851793,Europe/Rome,2019-10-05 21:48:43,2025-08-07 19:42:40,1,Q16161
1741,Sondrio,107,IT,17,SO,IT-SO,province,1,1705,,46.1713553,9.8734274,Europe/Rome,2019-10-05 21:48:43,2025-08-07 19:42:42,1,Q16282
1742,Cosenza,107,IT,17,CS,IT-CS,province,1,1703,,39.5966853,16.3330556,Europe/Rome,2019-10-05 21:48:43,2025-08-07 19:42:44,1,Q16162
1743,Taranto,107,IT,17,TA,IT-TA,province,1,1688,,40.4712427,17.2432278,Europe/Rome,2019-10-05 21:48:43,2025-08-07 19:42:46,1,Q16283
1744,Fermo,107,IT,17,FM,IT-FM,province,1,1670,,43.0922489,13.6387681,Europe/Rome,2019-10-05 21:48:43,2025-08-07 19:42:47,1,Q16167
1745,Livorno,107,IT,17,LI,IT-LI,province,1,1764,,42.7902379,10.3402239,Europe/Rome,2019-10-05 21:48:43,2025-08-07 19:42:49,1,Q16200
1746,Ferrara,107,IT,17,FE,IT-FE,province,1,1773,,44.7667642,11.827939,Europe/Rome,2019-10-05 21:48:43,2025-08-07 19:42:51,1,Q16168
1747,Lodi,107,IT,17,LO,IT-LO,province,1,1705,,45.2613104,9.4916781,Europe/Rome,2019-10-05 21:48:43,2025-08-07 19:42:52,1,Q16201
1749,Lucca,107,IT,17,LU,IT-LU,province,1,1764,,43.8376736,10.495053,Europe/Rome,2019-10-05 21:48:43,2025-08-07 19:42:54,1,Q16202
1750,Macerata,107,IT,17,MC,IT-MC,province,1,1670,,43.1529781,13.1508822,Europe/Rome,2019-10-05 21:48:43,2025-08-07 19:42:55,1,Q16203
1751,Cremona,107,IT,17,CR,IT-CR,province,1,1705,,45.2208641,10.037038,Europe/Rome,2019-10-05 21:48:43,2025-08-07 19:42:57,1,Q16163
1752,Teramo,107,IT,17,TE,IT-TE,province,1,1679,,42.6581179,13.6978746,Europe/Rome,2019-10-05 21:48:43,2025-08-07 19:42:59,1,Q16284
1753,Veneto,107,IT,20,34,IT-34,region,1,,,45.6476663,11.8665254,Europe/Rome,2019-10-05 21:48:43,2025-08-07 19:43:00,1,Q1243
1754,Crotone,107,IT,20,KR,IT-KR,province,1,1703,,39.0806223,17.127196,Europe/Rome,2019-10-05 21:48:43,2025-08-07 19:43:02,1,Q16165
1755,Terni,107,IT,20,TR,IT-TR,province,1,1683,,42.5641417,12.6405466,Europe/Rome,2019-10-05 21:48:43,2025-08-07 19:43:04,1,Q16286
1756,Friuli–Venezia Giulia,107,IT,06,36,IT-36,autonomous region,1,,,46.151042,13.055904,Europe/Rome,2019-10-05 21:48:43,2025-08-07 19:43:06,1,Q1250
1757,Modena,107,IT,06,MO,IT-MO,province,1,1773,,44.5384728,10.9359609,Europe/Rome,2019-10-05 21:48:43,2025-08-07 19:43:08,1,Q16209
1758,Mantua,107,IT,06,MN,IT-MN,province,1,1705,,45.1566683,10.7917191,Europe/Rome,2019-10-05 21:48:43,2025-08-07 19:43:09,1,Q16204
1759,Massa and Carrara,107,IT,06,MS,IT-MS,province,1,1764,,44.0410162,10.1554922,Europe/Rome,2019-10-05 21:48:43,2025-08-07 19:43:11,1,Q16205
1760,Matera,107,IT,06,MT,IT-MT,province,1,1706,,40.6663496,16.6043636,Europe/Rome,2019-10-05 21:48:43,2025-08-07 19:43:13,1,Q16206
1761,Arezzo,107,IT,06,AR,IT-AR,province,1,1664,,43.5171442,11.7639282,Europe/Rome,2025-03-18 20:03:12,2025-08-07 19:43:15,1,Q16115
1762,Treviso,107,IT,06,TV,IT-TV,province,1,1753,,45.6668517,12.2430617,Europe/Rome,2019-10-05 21:48:43,2025-08-07 19:43:16,1,Q16292
1763,Trieste,107,IT,06,TS,IT-TS,decentralized regional entity,2,1756,,45.6894823,13.7833072,Europe/Rome,2019-10-05 21:48:43,2025-08-07 19:43:18,1,Q16293
1764,Udine,107,IT,06,UD,IT-UD,decentralized regional entity,2,1756,,46.145948,13.2974303,Europe/Rome,2019-10-05 21:48:43,2025-08-07 19:43:19,1,Q16294
1765,Varese,107,IT,06,VA,IT-VA,province,1,1705,,45.8397203,8.7541338,Europe/Rome,2019-10-05 21:48:43,2025-08-07 19:43:21,1,Q16299
1768,Liguria,107,IT,08,42,IT-42,region,1,,,44.4777617,8.7026296,Europe/Rome,2019-10-05 21:48:43,2025-08-07 19:43:23,1,Q1256
1769,Monza and Brianza,107,IT,08,MB,IT-MB,province,1,1705,,45.6395418,9.2788304,Europe/Rome,2019-10-05 21:48:43,2025-08-07 19:43:25,1,Q16210
1771,Foggia,107,IT,08,FG,IT-FG,province,1,1688,,41.5028105,15.4528939,Europe/Rome,2019-10-05 21:48:43,2025-08-07 19:43:26,1,Q15129
1773,Emilia-Romagna,107,IT,05,45,IT-45,region,1,,,44.525696,11.039437,Europe/Rome,2019-10-05 21:48:43,2025-08-07 19:43:28,1,Q1263
1774,Novara,107,IT,05,NO,IT-NO,province,1,1702,,45.58425,8.545997,Europe/Rome,2019-10-05 21:48:43,2025-08-07 19:43:30,1,Q16216
1775,Cuneo,107,IT,05,CN,IT-CN,province,1,1702,,44.4580703,7.5581367,Europe/Rome,2019-10-05 21:48:43,2025-08-07 19:43:32,1,Q15091
1776,Frosinone,107,IT,05,FR,IT-FR,province,1,1678,,41.6285468,13.5758498,Europe/Rome,2019-10-05 21:48:43,2025-08-07 19:43:33,1,Q16181
1777,Gorizia,107,IT,05,GO,IT-GO,decentralized regional entity,2,1756,,45.862521,13.4979259,Europe/Rome,2019-10-05 21:48:43,2025-08-07 19:43:35,1,Q16184
1778,Biella,107,IT,05,BI,IT-BI,province,1,1702,,45.5628176,8.0582717,Europe/Rome,2019-10-05 21:48:43,2025-08-07 19:45:27,1,Q15094
1779,Forlì-Cesena,107,IT,05,FC,IT-FC,province,1,1773,,44.0227193,12.0141036,Europe/Rome,2019-10-05 21:48:43,2025-08-07 19:45:29,1,Q16180
1780,Asti,107,IT,05,AT,IT-AT,province,1,1702,,44.9007652,8.2064315,Europe/Rome,2019-10-05 21:48:43,2025-08-07 19:45:30,1,Q15099
1781,L'Aquila,107,IT,05,AQ,IT-AQ,province,1,1679,,42.1368853,13.610341,Europe/Rome,2019-10-05 21:48:43,2025-08-07 19:45:32,1,Q16189
1783,Alessandria,107,IT,05,AL,IT-AL,province,1,1702,,44.8349533,8.7450304,Europe/Rome,2019-10-05 21:48:43,2025-08-07 19:45:33,1,Q15097
1785,Vercelli,107,IT,05,VC,IT-VC,province,1,1702,,45.3202204,8.418508,Europe/Rome,2019-10-05 21:48:43,2025-08-07 19:45:35,1,Q15096
1786,Oristano,107,IT,05,OR,IT-OR,province,1,1715,,40.0265676,8.6796416,Europe/Rome,2019-10-05 21:48:43,2025-08-07 19:45:37,1,Q16225
1787,Grosseto,107,IT,05,GR,IT-GR,province,1,1764,,42.7751102,11.2878044,Europe/Rome,2019-10-05 21:48:43,2025-08-07 19:45:38,1,Q16185
1788,Imperia,107,IT,05,IM,IT-IM,province,1,1768,,43.9583753,7.8667427,Europe/Rome,2019-10-05 21:48:43,2025-08-07 19:45:40,1,Q16186
1789,Isernia,107,IT,05,IS,IT-IS,province,1,1695,,41.600175,14.2383017,Europe/Rome,2019-10-05 21:48:43,2025-08-07 19:45:41,1,Q16187
1790,Nuoro,107,IT,05,NU,IT-NU,province,1,1715,,40.3210601,9.3297339,Europe/Rome,2019-10-05 21:48:43,2025-08-07 19:45:43,1,Q16220
1791,La Spezia,107,IT,05,SP,IT-SP,province,1,1768,,44.238366,9.6912326,Europe/Rome,2019-10-05 21:48:43,2025-08-07 19:45:44,1,Q16188
1792,Sumatera Utara,102,ID,26,SU,ID-SU,province,1,,,2.1923519,99.3812201,Asia/Jakarta,2019-10-05 21:48:43,2025-08-07 19:45:46,1,Q2140
1793,Bengkulu,102,ID,03,BE,ID-BE,province,1,,,-3.7928451,102.2607641,Asia/Jakarta,2019-10-05 21:48:43,2025-08-07 19:45:48,1,Q1890
1794,Kalimantan Tengah,102,ID,13,KT,ID-KT,province,1,,,-1.499583,113.2903307,Asia/Pontianak,2019-10-05 21:48:43,2025-08-07 19:45:49,1,Q3891
1795,Sulawesi Selatan,102,ID,38,SN,ID-SN,province,1,,,-3.6446718,119.9471906,Asia/Makassar,2019-10-05 21:48:43,2025-08-07 19:45:51,1,Q5078
1796,Sulawesi Tenggara,102,ID,22,SG,ID-SG,province,1,,,-3.5491199,121.7279646,Asia/Makassar,2019-10-05 21:48:43,2025-08-07 19:45:53,1,Q5075
1798,Papua,102,ID,36,PA,ID-PA,province,1,,,-2.4749149,138.08485,Asia/Jayapura,2019-10-05 21:48:43,2025-08-07 19:45:54,1,Q5095
1799,Papua Barat,102,ID,39,PB,ID-PB,province,1,,,-2.8553556,133.4738171,Asia/Jayapura,2019-10-05 21:48:43,2025-08-07 19:45:56,1,Q5096
1800,Maluku,102,ID,28,MA,ID-MA,province,1,,,-3.118837,129.4207759,Asia/Jayapura,2019-10-05 21:48:43,2025-08-07 19:45:58,1,Q5093
1801,Maluku Utara,102,ID,29,MU,ID-MU,province,1,,,0.6301215,127.9720219,Asia/Jayapura,2019-10-05 21:48:43,2025-08-07 19:46:00,1,Q5094
1802,Jawa Tengah,102,ID,07,JT,ID-JT,province,1,,,-7.3032412,110.0044145,Asia/Jakarta,2019-10-05 21:48:43,2025-08-07 19:46:01,1,Q3557
1804,Kalimantan Timur,102,ID,14,KI,ID-KI,province,1,,,0.7884397,116.2419977,Asia/Makassar,2019-10-05 21:48:44,2025-08-07 19:46:03,1,Q3899
1805,DKI Jakarta,102,ID,04,JK,ID-JK,capital district,2,,,-6.1754049,106.827168,Asia/Jakarta,2019-10-05 21:48:44,2025-08-07 19:46:05,1,Q3630
1806,Kalimantan Barat,102,ID,11,KB,ID-KB,province,1,,,-0.1322387,111.0968901,Asia/Pontianak,2019-10-05 21:48:44,2025-08-07 19:46:07,1,Q3795
1807,Kepulauan Riau,102,ID,40,KR,ID-KR,province,1,,,-0.1547846,104.5803745,Asia/Jakarta,2019-10-05 21:48:44,2025-08-07 19:46:08,1,Q2223
1808,Sulawesi Utara,102,ID,31,SA,ID-SA,province,1,,,0.6555692,124.090151,Asia/Makassar,2019-10-05 21:48:44,2025-08-07 19:46:10,1,Q5068
1809,Riau,102,ID,37,RI,ID-RI,province,1,,,1.0498079,101.6548433,Asia/Jakarta,2019-10-05 21:48:44,2025-08-07 19:46:12,1,Q2175
1810,Banten,102,ID,33,BT,ID-BT,province,1,,,-6.4453801,106.1375586,Asia/Jakarta,2019-10-05 21:48:44,2025-08-07 19:46:13,1,Q3540
1811,Lampung,102,ID,15,LA,ID-LA,province,1,,,-4.8555039,105.0272986,Asia/Jakarta,2019-10-05 21:48:44,2025-08-07 19:46:15,1,Q2110
1812,Gorontalo,102,ID,34,GO,ID-GO,province,1,,,0.5435442,123.0567693,Asia/Makassar,2019-10-05 21:48:44,2025-08-07 19:46:16,1,Q5067
1813,Sulawesi Tengah,102,ID,21,ST,ID-ST,province,1,,,-1.6937786,120.8088555,Asia/Makassar,2019-10-05 21:48:44,2025-08-07 19:46:18,1,Q5065
1814,Nusa Tenggara Barat,102,ID,17,NB,ID-NB,province,1,,,-8.7892855,117.146169,Asia/Makassar,2019-10-05 21:48:44,2025-08-07 19:46:20,1,Q5062
1815,Jambi,102,ID,05,JA,ID-JA,province,1,,,-1.6296917,103.6077806,Asia/Jakarta,2019-10-05 21:48:44,2025-08-07 19:46:22,1,Q2051
1816,Sumatera Selatan,102,ID,32,SS,ID-SS,province,1,,,-3.2193103,104.4075059,Asia/Jakarta,2019-10-05 21:48:44,2025-08-07 19:46:23,1,Q2271
1817,Sulawesi Barat,102,ID,41,SR,ID-SR,province,1,,,-2.4974546,119.3918955,Asia/Makassar,2019-10-05 21:48:44,2025-08-07 19:46:25,1,Q5082
1818,Nusa Tenggara Timur,102,ID,18,NT,ID-NT,province,1,,,-8.5656787,120.6978581,Asia/Makassar,2019-10-05 21:48:44,2025-08-07 19:46:27,1,Q5061
1819,Kalimantan Selatan,102,ID,12,KS,ID-KS,province,1,,,-2.9285686,115.3700718,Asia/Makassar,2019-10-05 21:48:44,2025-08-07 19:46:29,1,Q3906
1820,Kepulauan Bangka Belitung,102,ID,35,BB,ID-BB,province,1,,,-2.7052886,106.3585607,Asia/Jakarta,2019-10-05 21:48:44,2025-08-07 19:46:30,1,Q1866
1822,Aceh,102,ID,01,AC,ID-AC,province,1,,,4.3685491,97.0253024,Asia/Jakarta,2019-10-05 21:48:44,2025-08-07 19:46:32,1,Q1823
1824,Kalimantan Utara,102,ID,42,KU,ID-KU,province,1,,,3.0235817,116.2049306,Asia/Makassar,2019-10-05 21:48:44,2025-08-07 19:46:34,1,Q3903
1825,Jawa Barat,102,ID,30,JB,ID-JB,province,1,,,-6.8891904,107.6404716,Asia/Jakarta,2019-10-05 21:48:44,2025-08-07 19:46:36,1,Q3724
1826,Bali,102,ID,02,BA,ID-BA,province,1,,,-8.2271303,115.1919203,Asia/Makassar,2019-10-05 21:48:44,2025-08-07 19:46:37,1,Q3125978
1827,Jawa Timur,102,ID,08,JI,ID-JI,province,1,,,-7.6977397,112.4914199,Asia/Jakarta,2019-10-05 21:48:44,2025-08-07 19:46:39,1,Q3586
1828,Sumatera Barat,102,ID,24,SB,ID-SB,province,1,,,-0.5827529,100.6133379,Asia/Jakarta,2019-10-05 21:48:44,2025-08-07 19:46:40,1,Q2772
1829,DI Yogyakarta,102,ID,10,YO,ID-YO,Special region,1,,,-7.9778384,110.3672257,Asia/Jakarta,2019-10-05 21:48:44,2025-08-07 19:46:42,1,Q3741
1830,Phoenix,114,KI,03,P,KI-P,island,4,,,-3.7213444,-170.7117052,Pacific/Enderbury,2019-10-05 21:48:44,2025-08-07 19:46:44,1,Q271674
1831,Gilbert,114,KI,01,G,KI-G,island,4,,,-1.2394556,175.2969455,Etc/GMT-12,2019-10-05 21:48:44,2025-08-07 19:46:46,1,Q271876
1832,Line,114,KI,02,L,KI-L,island,4,,,1.3589779,172.9311202,Pacific/Tarawa,2019-10-05 21:48:44,2025-08-07 19:46:47,1,Q55076234
1833,Primorsky,182,RU,59,PRI,RU-PRI,administrative territory,2,,,45.0819456,134.726645,Asia/Vladivostok,2019-10-05 21:48:44,2025-08-07 19:46:49,1,Q4341
1834,Novgorod,182,RU,52,NGR,RU-NGR,administrative region,2,,,58.5209862,31.2757862,Europe/Moscow,2019-10-05 21:48:44,2025-08-07 19:46:51,1,Q2240
1835,Jewish,182,RU,89,YEV,RU-YEV,autonomous region,1,,,48.5601613,132.2775662,Asia/Vladivostok,2019-10-05 21:48:44,2025-08-07 19:46:53,1,Q7730
1836,Nenets,182,RU,50,NEN,RU-NEN,autonomous city,3,,,67.6783253,57.0626853,Europe/Moscow,2019-10-05 21:48:44,2025-08-07 19:46:54,1,Q2164
1837,Rostov,182,RU,61,ROS,RU-ROS,administrative region,2,,,47.6222451,40.7957942,Europe/Moscow,2019-10-05 21:48:44,2025-08-07 19:46:56,1,Q3573
1838,Khanty-Mansi,182,RU,32,KHM,RU-KHM,autonomous district,2,,,61.8793428,68.6418156,Asia/Yekaterinburg,2019-10-05 21:48:44,2025-08-07 19:46:58,1,Q6320
1839,Magadan,182,RU,44,MAG,RU-MAG,administrative region,2,,,63.5515028,154.014726,Asia/Magadan,2019-10-05 21:48:44,2025-08-07 19:46:59,1,Q7971
1840,Krasnoyarsk,182,RU,91,KYA,RU-KYA,administrative territory,2,,,63.3233807,97.0979974,Asia/Krasnoyarsk,2019-10-05 21:48:44,2025-08-07 19:47:01,1,Q6563
1841,Karelia,182,RU,28,KR,RU-KR,republic,1,,,62.6194031,33.4920267,Europe/Moscow,2019-10-05 21:48:44,2025-08-07 19:47:03,1,Q1914
1842,Buryatia,182,RU,11,BU,RU-BU,republic,1,,,52.7182426,109.492143,Asia/Irkutsk,2019-10-05 21:48:44,2025-08-07 19:47:04,1,Q6809
1843,Murmansk,182,RU,49,MUR,RU-MUR,administrative region,2,,,68.0000418,33.9999151,Europe/Moscow,2019-10-05 21:48:44,2025-08-07 19:47:06,1,Q1759
1844,Kaluga,182,RU,25,KLU,RU-KLU,administrative region,2,,,54.4382773,35.5272854,Europe/Moscow,2019-10-05 21:48:44,2025-08-07 19:47:08,1,Q2842
1845,Chelyabinsk,182,RU,13,CHE,RU-CHE,administrative region,2,,,55.1559312,61.4012726,Asia/Yekaterinburg,2019-10-05 21:48:44,2025-08-07 19:47:10,1,Q5714
1846,Omsk,182,RU,54,OMS,RU-OMS,administrative region,2,,,54.991375,73.371529,Asia/Omsk,2019-10-05 21:48:44,2025-08-07 19:47:11,1,Q5835
1847,Yamalo-Nenets,182,RU,87,YAN,RU-YAN,autonomous district,2,,,67.1471631,74.3415488,Asia/Yekaterinburg,2019-10-05 21:48:44,2025-08-07 19:47:13,1,Q6407
1848,Sakha,182,RU,63,SA,RU-SA,republic,1,,,66.941626,129.642371,Asia/Yakutsk,2019-10-05 21:48:44,2025-08-07 19:47:15,1,Q6605
1849,Arkhangelsk,182,RU,06,ARK,RU-ARK,administrative region,2,,,64.5458549,40.5505769,Europe/Moscow,2019-10-05 21:48:44,2025-08-07 19:47:17,1,Q1875
1850,Dagestan,182,RU,17,DA,RU-DA,republic,1,,,43,47,Europe/Moscow,2019-10-05 21:48:44,2025-08-07 19:47:18,1,Q5118
1851,Yaroslavl,182,RU,88,YAR,RU-YAR,administrative region,2,,,57.6508432,39.8718634,Europe/Moscow,2019-10-05 21:48:44,2025-08-07 19:47:20,1,Q2448
1852,Adygea,182,RU,01,AD,RU-AD,republic,1,,,44.6939006,40.1520421,Europe/Moscow,2019-10-05 21:48:44,2025-08-07 19:47:22,1,Q3734
1853,North Ossetia-Alania,182,RU,68,SE,RU-SE,republic,1,,,42.9920711,44.2636348,Europe/Moscow,2019-10-05 21:48:44,2025-08-07 19:47:24,1,Q5237
1854,Bashkortostan,182,RU,08,BA,RU-BA,republic,1,,,54.4747553,55.9784582,Asia/Yekaterinburg,2019-10-05 21:48:44,2025-08-07 19:47:25,1,Q5710
1855,Kursk,182,RU,41,KRS,RU-KRS,administrative region,2,,,51.7309249,36.1923123,Europe/Moscow,2019-10-05 21:48:44,2025-08-07 19:47:27,1,Q3178
1856,Ulyanovsk,182,RU,81,ULY,RU-ULY,administrative region,2,,,54.1463177,47.2324921,Europe/Ulyanovsk,2019-10-05 21:48:44,2025-08-07 19:47:28,1,Q5634
1857,Nizhny Novgorod,182,RU,51,NIZ,RU-NIZ,administrative region,2,,,56.2769292,43.9212981,Europe/Moscow,2019-10-05 21:48:44,2025-08-07 19:47:30,1,Q2246
1858,Amur,182,RU,05,AMU,RU-AMU,administrative region,2,,,52.8032368,128.437295,Asia/Yakutsk,2019-10-05 21:48:44,2025-08-07 19:47:32,1,Q6886
1859,Chukotka,182,RU,15,CHU,RU-CHU,autonomous district,2,,,66.0006475,169.4900869,Asia/Anadyr,2019-10-05 21:48:44,2025-08-07 19:47:34,1,Q7984
1860,Tver,182,RU,77,TVE,RU-TVE,administrative region,2,,,57.1134475,35.1744428,Europe/Moscow,2019-10-05 21:48:44,2025-08-07 19:47:35,1,Q2292
1861,Tatarstan,182,RU,73,TA,RU-TA,republic,1,,,55.448217,50.4763591,Europe/Moscow,2019-10-05 21:48:44,2025-08-07 19:47:37,1,Q5481
1862,Samara,182,RU,65,SAM,RU-SAM,administrative region,2,,,53.1956255,50.1014927,Europe/Samara,2019-10-05 21:48:44,2025-08-07 19:47:38,1,Q1727
1863,Pskov,182,RU,60,PSK,RU-PSK,administrative region,2,,,57.5358729,28.8586826,Europe/Moscow,2019-10-05 21:48:44,2025-08-07 19:47:40,1,Q2218
1864,Ivanovo,182,RU,21,IVA,RU-IVA,administrative region,2,,,56.9956855,40.9812104,Europe/Moscow,2019-10-05 21:48:44,2025-08-07 19:47:42,1,Q2654
1865,Kamchatka,182,RU,92,KAM,RU-KAM,administrative territory,2,,,57.1914882,160.0383819,Asia/Kamchatka,2019-10-05 21:48:44,2025-08-07 19:47:43,1,Q7948
1866,Astrakhan,182,RU,07,AST,RU-AST,administrative region,2,,,46.3498308,48.0326203,Europe/Astrakhan,2019-10-05 21:48:44,2025-08-07 19:47:45,1,Q3941
1867,Bryansk,182,RU,10,BRY,RU-BRY,administrative region,2,,,53.2423778,34.3668288,Europe/Moscow,2019-10-05 21:48:44,2025-08-07 19:47:47,1,Q2810
1868,Stavropol,182,RU,70,STA,RU-STA,administrative territory,2,,,44.8632577,43.4406913,Europe/Moscow,2019-10-05 21:48:44,2025-08-07 19:47:48,1,Q5207
1869,Karachay-Cherkess,182,RU,27,KC,RU-KC,republic,1,,,43.7368326,41.7267991,Europe/Moscow,2019-10-05 21:48:44,2025-08-07 19:47:50,1,Q5328
1870,Mari El,182,RU,45,ME,RU-ME,republic,1,,,56.5767504,47.8817512,Europe/Moscow,2019-10-05 21:48:44,2025-08-07 19:47:51,1,Q5446
1871,Perm,182,RU,90,PER,RU-PER,administrative territory,2,,,58.5951603,56.3159546,Asia/Yekaterinburg,2019-10-05 21:48:44,2025-08-07 19:47:53,1,Q5400
1872,Tomsk,182,RU,75,TOM,RU-TOM,administrative region,2,,,58.6124279,82.0475315,Asia/Tomsk,2019-10-05 21:48:44,2025-08-07 19:47:54,1,Q5884
1873,Khabarovsk,182,RU,30,KHA,RU-KHA,administrative territory,2,,,51.6312684,136.121524,Asia/Vladivostok,2019-10-05 21:48:44,2025-08-07 19:47:56,1,Q7788
1874,Vologda,182,RU,85,VLG,RU-VLG,administrative region,2,,,59.2264585,39.8722391,Europe/Moscow,2019-10-05 21:48:44,2025-08-07 19:47:58,1,Q2015
1875,Sakhalin,182,RU,64,SAK,RU-SAK,administrative region,2,,,50.159476,143.0264412,Asia/Sakhalin,2019-10-05 21:48:44,2025-08-07 19:47:59,1,Q7797
1876,Altai,182,RU,03,AL,RU-AL,republic,1,,,50.7114101,86.8572186,Asia/Barnaul,2019-10-05 21:48:44,2025-08-07 19:48:01,1,Q5971
1877,Khakassia,182,RU,31,KK,RU-KK,republic,1,,,53.4399379,90.0664303,Asia/Krasnoyarsk,2019-10-05 21:48:44,2025-08-07 19:48:03,1,Q6543
1878,Tambov,182,RU,72,TAM,RU-TAM,administrative region,2,,,52.7216164,41.4523988,Europe/Moscow,2019-10-05 21:48:44,2025-08-07 19:48:05,1,Q3550
1879,Saint Petersburg,182,RU,66,SPE,RU-SPE,autonomous city,3,,,59.938732,30.316229,Europe/Moscow,2019-10-05 21:48:44,2025-08-07 19:48:06,1,Q656
1880,Irkutsk,182,RU,20,IRK,RU-IRK,administrative region,2,,,52.2854834,104.2890222,Asia/Irkutsk,2019-10-05 21:48:44,2025-08-07 19:48:08,1,Q6585
1881,Vladimir,182,RU,83,VLA,RU-VLA,administrative region,2,,,56.1288899,40.4075203,Europe/Moscow,2019-10-05 21:48:44,2025-08-07 19:48:10,1,Q2702
1882,Moscow,182,RU,47,MOS,RU-MOS,administrative region,2,,,55.625578,37.6063916,Europe/Moscow,2019-10-05 21:48:44,2025-08-07 19:48:12,1,Q1697
1883,Kalmykia,182,RU,24,KL,RU-KL,republic,1,,,46.9017116,45.249161,Europe/Moscow,2019-10-05 21:48:44,2025-08-07 19:48:13,1,Q3953
1884,Ingushetia,182,RU,19,IN,RU-IN,republic,1,,,43.1655309,44.979682,Europe/Moscow,2019-10-05 21:48:44,2025-08-07 19:48:15,1,Q5219
1885,Smolensk,182,RU,69,SMO,RU-SMO,administrative region,2,,,55.0343496,33.0192065,Europe/Moscow,2019-10-05 21:48:44,2025-08-07 19:48:16,1,Q2347
1886,Orenburg,182,RU,55,ORE,RU-ORE,administrative region,2,,,52.0269262,54.7276647,Asia/Yekaterinburg,2019-10-05 21:48:44,2025-08-07 19:48:18,1,Q5338
1887,Saratov,182,RU,67,SAR,RU-SAR,administrative region,2,,,51.530018,46.034683,Europe/Saratov,2019-10-05 21:48:44,2025-08-07 19:48:20,1,Q5334
1888,Novosibirsk,182,RU,53,NVS,RU-NVS,administrative region,2,,,54.9678144,82.9515989,Asia/Novosibirsk,2019-10-05 21:48:44,2025-08-07 19:48:22,1,Q5851
1889,Lipetsk,182,RU,43,LIP,RU-LIP,administrative region,2,,,52.6935178,39.1122664,Europe/Moscow,2019-10-05 21:48:44,2025-08-07 19:48:23,1,Q3510
1890,Kirov,182,RU,33,KIR,RU-KIR,administrative region,2,,,58.6035661,49.6666241,Europe/Kirov,2019-10-05 21:48:44,2025-08-07 19:48:25,1,Q5387
1891,Krasnodar,182,RU,38,KDA,RU-KDA,administrative territory,2,,,45.7684014,39.0261044,Europe/Moscow,2019-10-05 21:48:44,2025-08-07 19:48:27,1,Q3680
1892,Kabardino-Balkar,182,RU,22,KB,RU-KB,republic,1,,,43.4428286,43.4204809,Europe/Moscow,2019-10-05 21:48:44,2025-08-07 19:48:28,1,Q5267
1893,Chechen,182,RU,12,CE,RU-CE,republic,1,,,43.4,45.7,Europe/Moscow,2019-10-05 21:48:44,2025-08-07 19:48:30,1,Q5187
1894,Sverdlovsk,182,RU,71,SVE,RU-SVE,administrative region,2,,,56.839104,60.60825,Asia/Yekaterinburg,2019-10-05 21:48:44,2025-08-07 19:48:32,1,Q5462
1895,Tula,182,RU,76,TUL,RU-TUL,administrative region,2,,,54.1930321,37.61754,Europe/Moscow,2019-10-05 21:48:44,2025-08-07 19:48:33,1,Q2792
1896,Leningrad,182,RU,42,LEN,RU-LEN,administrative region,2,,,60.1853296,32.3925325,Europe/Moscow,2019-10-05 21:48:44,2025-08-07 19:48:35,1,Q2191
1897,Kemerovo,182,RU,29,KEM,RU-KEM,administrative region,2,,,54.5335781,87.342861,Asia/Novokuznetsk,2019-10-05 21:48:44,2025-08-07 19:48:37,1,Q6076
1898,Mordovia,182,RU,46,MO,RU-MO,republic,1,,,54.4419829,44.4661144,Europe/Moscow,2019-10-05 21:48:44,2025-08-07 19:48:38,1,Q5340
1899,Komi,182,RU,34,KO,RU-KO,republic,1,,,63.9881421,54.3326073,Europe/Moscow,2019-10-05 21:48:44,2025-08-07 19:48:40,1,Q2073
1900,Tuva,182,RU,79,TY,RU-TY,republic,1,,,51.4017149,93.8582593,Asia/Krasnoyarsk,2019-10-05 21:48:44,2025-08-07 19:48:42,1,Q960
1901,Moscow,182,RU,48,MOW,RU-MOW,autonomous city,3,,,55.625578,37.6063916,Europe/Moscow,2019-10-05 21:48:44,2025-08-07 19:48:44,1,Q649
1902,Kaliningrad,182,RU,23,KGD,RU-KGD,administrative region,2,,,54.7104264,20.4522144,Europe/Kaliningrad,2019-10-05 21:48:44,2025-08-07 19:48:45,1,Q1749
1903,Belgorod,182,RU,09,BEL,RU-BEL,administrative region,2,,,50.7080119,37.5837615,Europe/Moscow,2019-10-05 21:48:44,2025-08-07 19:48:47,1,Q3329
1904,Zabaykalsky,182,RU,93,ZAB,RU-ZAB,administrative territory,2,,,52.248521,115.956325,Asia/Chita,2019-10-05 21:48:44,2025-08-07 19:48:48,1,Q6838
1905,Ryazan,182,RU,62,RYA,RU-RYA,administrative region,2,,,54.6295687,39.7425039,Europe/Moscow,2019-10-05 21:48:44,2025-08-07 19:48:50,1,Q2753
1906,Voronezh,182,RU,86,VOR,RU-VOR,administrative region,2,,,51.6605982,39.2005858,Europe/Moscow,2019-10-05 21:48:44,2025-08-07 19:48:52,1,Q3447
1907,Tyumen,182,RU,78,TYU,RU-TYU,administrative region,2,,,57.153534,65.542274,Asia/Yekaterinburg,2019-10-05 21:48:44,2025-08-07 19:48:54,1,Q5824
1908,Oryol,182,RU,56,ORL,RU-ORL,administrative region,2,,,52.8392765,36.4251709,Europe/Moscow,2019-10-05 21:48:44,2025-08-07 19:48:55,1,Q3129
1909,Penza,182,RU,57,PNZ,RU-PNZ,administrative region,2,,,53.1655415,44.7879181,Europe/Moscow,2019-10-05 21:48:44,2025-08-07 19:48:57,1,Q5545
1910,Kostroma,182,RU,37,KOS,RU-KOS,administrative region,2,,,58.6044327,41.5889382,Europe/Moscow,2019-10-05 21:48:44,2025-08-07 19:48:58,1,Q2596
1911,Altai,182,RU,04,ALT,RU-ALT,administrative territory,2,,,50.7114101,86.8572186,Asia/Barnaul,2019-10-05 21:48:44,2025-08-07 19:49:00,1,Q5942
1912,Sevastopol,230,UA,20,40,UA-40,city,,,,44.6054434,33.5220842,Europe/Simferopol,2019-10-05 21:48:44,2025-08-07 19:49:02,1,Q7525
1913,Udmurt,182,RU,80,UD,RU-UD,republic,1,,,57.1961165,52.6959832,Europe/Samara,2019-10-05 21:48:44,2025-08-07 19:49:04,1,Q5422
1914,Chuvash,182,RU,16,CU,RU-CU,republic,1,,,55.4259922,47.0849429,Europe/Moscow,2019-10-05 21:48:44,2025-08-07 19:49:05,1,Q5466
1915,Kurgan,182,RU,40,KGN,RU-KGN,administrative region,2,,,55.4409357,65.3421169,Asia/Yekaterinburg,2019-10-05 21:48:44,2025-08-07 19:49:07,1,Q5741
1916,Lomaiviti,73,FJ,40,06,FJ-06,province,1,1932,,-17.709,179.091,Pacific/Fiji,2019-10-05 21:48:44,2025-08-07 19:49:09,1,Q2144922
1917,Ba,73,FJ,40,01,FJ-01,province,1,1923,,36.0613893,-95.8005872,America/Chicago,2019-10-05 21:48:44,2025-08-07 19:49:11,1,Q797434
1918,Tailevu,73,FJ,40,14,FJ-14,province,1,1929,,-17.8269111,178.293248,Pacific/Fiji,2019-10-05 21:48:44,2025-08-07 19:49:12,1,Q1365322
1919,Nadroga-Navosa,73,FJ,40,08,FJ-08,province,1,1923,,-17.9865278,177.658113,Pacific/Fiji,2019-10-05 21:48:44,2025-08-07 19:49:14,1,Q952528
1920,Rewa,73,FJ,40,12,FJ-12,province,1,1929,,34.7923517,-82.3609264,America/New_York,2019-10-05 21:48:44,2025-08-07 19:49:15,1,Q1365257
1921,Northern,73,FJ,03,N,FJ-N,division,2,,,-16.8133648,179.2868682,Pacific/Fiji,2019-10-05 21:48:44,2025-08-07 19:49:17,1,Q1062430
1922,Macuata,73,FJ,03,07,FJ-07,province,1,1921,,-16.4864922,179.2847251,Pacific/Fiji,2019-10-05 21:48:44,2025-08-07 19:49:19,1,Q1365304
1923,Western,73,FJ,05,W,FJ-W,division,2,,,42.9662198,-78.7021134,America/New_York,2019-10-05 21:48:44,2025-08-07 19:49:21,1,Q1062451
1924,Cakaudrove,73,FJ,05,03,FJ-03,province,1,1921,,-16.8133648,179.2868682,Pacific/Fiji,2019-10-05 21:48:44,2025-08-07 19:49:22,1,Q676046
1925,Serua,73,FJ,05,13,FJ-13,province,1,1929,,-18.1804749,178.050979,Pacific/Fiji,2019-10-05 21:48:44,2025-08-07 19:49:24,1,Q1208362
1926,Ra,73,FJ,05,11,FJ-11,province,1,1923,,37.1003153,-95.6744246,America/Chicago,2019-10-05 21:48:44,2025-08-07 19:49:26,1,Q1208350
1927,Naitasiri,73,FJ,05,09,FJ-09,province,1,1929,,-17.8975754,178.2071598,Pacific/Fiji,2019-10-05 21:48:44,2025-08-07 19:49:27,1,Q1365284
1928,Namosi,73,FJ,05,10,FJ-10,province,1,1929,,-18.0864176,178.1291387,Pacific/Fiji,2019-10-05 21:48:44,2025-08-07 19:49:29,1,Q1365295
1929,Central,73,FJ,01,C,FJ-C,division,2,,,34.0440066,-118.2472738,America/Los_Angeles,2019-10-05 21:48:44,2025-08-07 19:49:30,1,Q1053789
1930,Bua,73,FJ,01,02,FJ-02,province,1,1921,,43.0964584,-89.50088,America/Chicago,2019-10-05 21:48:44,2025-08-07 19:49:32,1,Q1365265
1931,Rotuma,73,FJ,04,R,FJ-R,dependency,2,,,-12.5025069,177.0724164,Pacific/Fiji,2019-10-05 21:48:44,2025-08-07 19:49:34,1,Q459763
1932,Eastern,73,FJ,02,E,FJ-E,division,2,,,32.8094305,-117.1289937,America/Los_Angeles,2019-10-05 21:48:44,2025-08-07 19:49:36,1,Q182169
1933,Lau,73,FJ,02,05,FJ-05,province,1,1932,,31.6687015,-106.3955763,America/Ojinaga,2019-10-05 21:48:44,2025-08-07 19:49:38,1,Q513104
1934,Kadavu,73,FJ,02,04,FJ-04,province,1,1932,,-19.0127122,178.1876676,Pacific/Fiji,2019-10-05 21:48:44,2025-08-07 19:49:39,1,Q1196481
1935,Labuan,132,MY,15,15,MY-15,federal territory,1,,,5.3168336,115.2198613,Asia/Kuching,2019-10-05 21:48:44,2025-08-07 19:49:41,1,Q214504
1936,Sabah,132,MY,16,12,MY-12,state,1,,,5.4257359,117.0326392,Asia/Kuching,2019-10-05 21:48:44,2025-08-07 19:49:42,1,Q179029
1937,Sarawak,132,MY,11,13,MY-13,state,1,,,2.5023855,112.9547283,Asia/Kuching,2019-10-05 21:48:44,2025-08-07 19:49:44,1,Q170462
1938,Perlis,132,MY,08,09,MY-09,state,1,,,6.4868392,100.2577623,Asia/Kuala_Lumpur,2019-10-05 21:48:44,2025-08-07 19:49:46,1,Q213467
1939,Penang,132,MY,09,07,MY-07,state,1,,,5.4065013,100.2559077,Asia/Kuala_Lumpur,2019-10-05 21:48:44,2025-08-07 19:49:47,1,Q188096
1940,Pahang,132,MY,06,06,MY-06,state,1,,,3.6168822,102.5994547,Asia/Kuala_Lumpur,2019-10-05 21:48:44,2025-08-07 19:49:49,1,Q191346
1941,Malacca,132,MY,04,04,MY-04,state,1,,,2.189594,102.2500868,Asia/Kuala_Lumpur,2019-10-05 21:48:44,2025-08-07 19:49:51,1,Q185221
1942,Terengganu,132,MY,13,11,MY-11,state,1,,,4.8630743,102.9949297,Asia/Kuala_Lumpur,2019-10-05 21:48:44,2025-08-07 19:49:53,1,Q189701
1943,Perak,132,MY,07,08,MY-08,state,1,,,4.812181,100.9797908,Asia/Kuala_Lumpur,2019-10-05 21:48:44,2025-08-07 19:49:54,1,Q188953
1944,Selangor,132,MY,12,10,MY-10,state,1,,,3.2083304,101.304146,Asia/Kuala_Lumpur,2019-10-05 21:48:44,2025-08-07 19:49:56,1,Q189710
1945,Putrajaya,132,MY,17,16,MY-16,federal territory,1,,,2.9384381,101.69223,Asia/Kuala_Lumpur,2019-10-05 21:48:44,2025-08-07 19:49:58,1,Q182378
1946,Kelantan,132,MY,03,03,MY-03,state,1,,,5.4021302,102.0635972,Asia/Kuala_Lumpur,2019-10-05 21:48:44,2025-08-07 19:49:59,1,Q185944
1947,Kedah,132,MY,02,02,MY-02,state,1,,,5.8098265,100.6715035,Asia/Kuala_Lumpur,2019-10-05 21:48:45,2025-08-07 19:50:01,1,Q188947
1948,Negeri Sembilan,132,MY,05,05,MY-05,state,1,,,2.7831895,102.1925319,Asia/Kuala_Lumpur,2019-10-05 21:48:45,2025-08-07 19:50:03,1,Q213893
1949,Kuala Lumpur,132,MY,14,14,MY-14,federal territory,1,,,3.1516964,101.6942371,Asia/Kuala_Lumpur,2019-10-05 21:48:45,2025-08-07 19:50:05,1,Q1865
1950,Johor,132,MY,01,01,MY-01,state,1,,,2.0228821,103.3114564,Asia/Kuala_Lumpur,2019-10-05 21:48:45,2025-08-07 19:50:06,1,Q183032
1951,Mashonaland East,247,ZW,04,ME,ZW-ME,province,1,,,-17.7927323,31.7678044,Africa/Harare,2019-10-05 21:48:45,2025-08-07 19:50:08,1,Q465853
1952,Matabeleland South,247,ZW,07,MS,ZW-MS,province,1,,,-20.7364801,28.9396495,Africa/Harare,2019-10-05 21:48:45,2025-08-07 19:50:10,1,Q498355
1953,Mashonaland West,247,ZW,05,MW,ZW-MW,province,1,,,-17.4851029,29.7889248,Africa/Harare,2019-10-05 21:48:45,2025-08-07 19:50:11,1,Q457189
1954,Matabeleland North,247,ZW,06,MN,ZW-MN,province,1,,,-18.9283715,27.4992231,Africa/Harare,2019-10-05 21:48:45,2025-08-07 19:50:12,1,Q456562
1955,Mashonaland Central,247,ZW,03,MC,ZW-MC,province,1,,,-16.742872,31.2952086,Africa/Harare,2019-10-05 21:48:45,2025-08-07 19:50:14,1,Q596156
1956,Bulawayo,247,ZW,09,BU,ZW-BU,province,1,,,-20.1111148,28.5356781,Africa/Harare,2019-10-05 21:48:45,2025-08-07 19:50:16,1,Q24045859
1957,Midlands,247,ZW,02,MI,ZW-MI,province,1,,,-19.2785043,29.8790852,Africa/Harare,2019-10-05 21:48:45,2025-08-07 19:50:18,1,Q456556
1958,Harare,247,ZW,10,HA,ZW-HA,province,1,,,-17.831773,31.045686,Africa/Harare,2019-10-05 21:48:45,2025-08-07 19:50:19,1,Q16928358
1959,Manicaland,247,ZW,01,MA,ZW-MA,province,1,,,-19.0188422,32.368889,Africa/Harare,2019-10-05 21:48:45,2025-08-07 19:50:21,1,Q465847
1960,Masvingo,247,ZW,08,MV,ZW-MV,province,1,,,-20.7453957,31.334138,Africa/Harare,2019-10-05 21:48:45,2025-08-07 19:50:23,1,Q498351
1961,Bulgan,146,MN,21,067,MN-067,province,1,,,48.9521438,103.3965591,Asia/Ulaanbaatar,2019-10-05 21:48:45,2025-08-07 19:50:24,1,Q209774
1962,Darkhan-Uul,146,MN,23,037,MN-037,province,1,,,49.3767291,106.2901384,Asia/Ulaanbaatar,2019-10-05 21:48:45,2025-08-07 19:50:26,1,Q18827
1963,Dornod,146,MN,06,061,MN-061,province,1,,,47.6772781,115.2177155,Asia/Choibalsan,2019-10-05 21:48:45,2025-08-07 19:50:27,1,Q207795
1964,Khovd,146,MN,12,043,MN-043,province,1,,,46.8997977,92.2959651,Asia/Hovd,2019-10-05 21:48:45,2025-08-07 19:50:29,1,Q194098
1965,Övörkhangai,146,MN,15,055,MN-055,province,1,,,45.8297039,102.7237769,Asia/Ulaanbaatar,2019-10-05 21:48:45,2025-08-07 19:50:30,1,Q234713
1966,Orkhon,146,MN,25,035,MN-035,province,1,,,49.0243744,104.2998863,Asia/Ulaanbaatar,2019-10-05 21:48:45,2025-08-07 19:50:32,1,Q234710
1967,Ömnögovi,146,MN,14,053,MN-053,province,1,,,43.282363,104.1133864,Asia/Ulaanbaatar,2019-10-05 21:48:45,2025-08-07 19:50:34,1,Q235579
1968,Töv,146,MN,18,047,MN-047,province,1,,,47.4692538,106.5525161,Asia/Ulaanbaatar,2019-10-05 21:48:45,2025-08-07 19:50:36,1,Q276195
1969,Bayan-Ölgii,146,MN,03,071,MN-071,province,1,,,48.5470083,89.8549358,Asia/Hovd,2019-10-05 21:48:45,2025-08-07 19:50:37,1,Q191792
1970,Dundgovi,146,MN,08,059,MN-059,province,1,,,45.5186722,106.2611562,Asia/Ulaanbaatar,2019-10-05 21:48:45,2025-08-07 19:50:39,1,Q211835
1971,Uvs,146,MN,19,046,MN-046,province,1,,,49.6313887,92.9558186,Asia/Hovd,2019-10-05 21:48:45,2025-08-07 19:50:41,1,Q192942
1972,Govi-Altai,146,MN,10,065,MN-065,province,1,,,45.3463139,95.9325806,Asia/Hovd,2019-10-05 21:48:45,2025-08-07 19:50:42,1,Q192945
1973,Arkhangai,146,MN,01,073,MN-073,province,1,,,47.862646,101.0316283,Asia/Ulaanbaatar,2019-10-05 21:48:45,2025-08-07 19:50:44,1,Q207809
1974,Khentii,146,MN,11,039,MN-039,province,1,,,47.885981,110.4201043,Asia/Ulaanbaatar,2019-10-05 21:48:45,2025-08-07 19:50:46,1,Q239040
1975,Khövsgöl,146,MN,13,041,MN-041,province,1,,,50.2206196,99.9170492,Asia/Ulaanbaatar,2019-10-05 21:48:45,2025-08-07 19:50:48,1,Q244788
1976,Bayankhongor,146,MN,02,069,MN-069,province,1,,,45.2380937,99.5146799,Asia/Ulaanbaatar,2019-10-05 21:48:45,2025-08-07 19:50:49,1,Q276200
1977,Sükhbaatar,146,MN,17,051,MN-051,province,1,,,46.2093417,113.5077196,Asia/Choibalsan,2019-10-05 21:48:45,2025-08-07 19:50:51,1,Q244804
1978,Govisümber,146,MN,24,064,MN-064,province,1,,,46.4610827,108.5173101,Asia/Ulaanbaatar,2019-10-05 21:48:45,2025-08-07 19:50:53,1,Q236333
1979,Zavkhan,146,MN,09,057,MN-057,province,1,,,48.3133355,96.2850506,Asia/Hovd,2019-10-05 21:48:45,2025-08-07 19:50:55,1,Q167764
1980,Selenge,146,MN,16,049,MN-049,province,1,,,49.3910136,107.0629034,Asia/Ulaanbaatar,2019-10-05 21:48:45,2025-08-07 19:50:56,1,Q234680
1981,Dornogovi,146,MN,07,063,MN-063,province,1,,,44.4179637,109.7783753,Asia/Ulaanbaatar,2019-10-05 21:48:45,2025-08-07 19:50:58,1,Q213272
1982,Northern,246,ZM,05,05,ZM-05,province,1,,,-9.4514165,30.8881001,Africa/Lusaka,2019-10-05 21:48:45,2025-08-07 19:51:00,1,Q778738
1983,Western,246,ZM,01,01,ZM-01,province,1,,,6.9016086,80.0087746,Asia/Colombo,2019-10-05 21:48:45,2025-08-07 19:51:01,1,Q748486
1984,Copperbelt,246,ZM,08,08,ZM-08,province,1,,,-13.0214171,27.8876177,Africa/Lusaka,2019-10-05 21:48:45,2025-08-07 19:51:03,1,Q1131523
1985,Northwestern,246,ZM,06,06,ZM-06,province,1,,,-13.0050258,24.9042208,Africa/Lusaka,2019-10-05 21:48:45,2025-08-07 19:51:05,1,Q846320
1986,Central,246,ZM,02,02,ZM-02,province,1,,,-14.183507,29.0375543,Africa/Lusaka,2019-10-05 21:48:45,2025-08-07 19:51:07,1,Q190718
1987,Luapula,246,ZM,04,04,ZM-04,province,1,,,-10.4680244,29.1275609,Africa/Lusaka,2019-10-05 21:48:45,2025-08-07 19:51:08,1,Q386667
1988,Lusaka,246,ZM,09,09,ZM-09,province,1,,,-15.357609,29.1653092,Africa/Lusaka,2019-10-05 21:48:45,2025-08-07 19:51:10,1,Q819998
1989,Muchinga,246,ZM,10,10,ZM-10,province,1,,,-11.1005259,31.639964,Africa/Lusaka,2019-10-05 21:48:45,2025-08-07 19:51:11,1,Q6714242
1990,Southern,246,ZM,07,07,ZM-07,province,1,,,-16.5381715,26.7374997,Africa/Lusaka,2019-10-05 21:48:45,2025-08-07 19:51:13,1,Q738382
1991,Eastern,246,ZM,03,03,ZM-03,province,1,,,-13.6514737,31.9958539,Africa/Lusaka,2019-10-05 21:48:45,2025-08-07 19:51:15,1,Q823810
1992,Capital,18,BH,16,13,BH-13,governorate,2,,,26.4243233,50.4747251,Asia/Bahrain,2019-10-05 21:48:45,2025-08-07 19:51:17,1,Q528953
1993,Southern,18,BH,17,14,BH-14,governorate,2,,,25.8400069,50.5902693,Asia/Bahrain,2019-10-05 21:48:45,2025-08-07 19:51:18,1,Q838532
1994,Northern,18,BH,18,17,BH-17,governorate,2,,,26.2778477,50.4181123,Asia/Bahrain,2019-10-05 21:48:45,2025-08-07 19:51:20,1,Q840445
1995,Muharraq,18,BH,15,15,BH-15,governorate,2,,,26.2465946,50.6164127,Asia/Bahrain,2019-10-05 21:48:45,2025-08-07 19:51:21,1,Q375630
1996,Central,18,BH,19,16,BH-16,governorate,2,,,39.8573379,32.8563758,Europe/Istanbul,2019-10-05 21:48:45,2025-08-07 19:51:23,1,Q856539
1997,Rio de Janeiro,31,BR,21,RJ,BR-RJ,state,1,,,-22.9110137,-43.2093727,America/Sao_Paulo,2019-10-05 21:48:45,2025-08-07 19:51:24,1,Q41428
1998,Minas Gerais,31,BR,15,MG,BR-MG,state,1,,,-18.5264844,-44.1588654,America/Sao_Paulo,2019-10-05 21:48:45,2025-08-07 19:51:26,1,Q39109
1999,Amapá,31,BR,03,AP,BR-AP,state,1,,,1.3545442,-51.9161977,America/Belem,2019-10-05 21:48:45,2025-08-07 19:51:28,1,Q40130
2000,Goiás,31,BR,29,GO,BR-GO,state,1,,,-15.9323662,-50.1392928,America/Sao_Paulo,2019-10-05 21:48:45,2025-08-07 19:51:30,1,Q41587
2001,Rio Grande do Sul,31,BR,23,RS,BR-RS,state,1,,,-29.8425284,-53.7680577,America/Sao_Paulo,2019-10-05 21:48:45,2025-08-07 19:51:31,1,Q40030
2002,Bahia,31,BR,05,BA,BR-BA,state,1,,,-12.285251,-41.9294776,America/Bahia,2019-10-05 21:48:45,2025-08-07 19:51:33,1,Q40430
2003,Sergipe,31,BR,28,SE,BR-SE,state,1,,,-10.6743911,-37.3773519,America/Maceio,2019-10-05 21:48:45,2025-08-07 19:51:35,1,Q43783
2004,Amazonas,31,BR,04,AM,BR-AM,state,1,,,-3.2001766,-59.4989288,America/Manaus,2019-10-05 21:48:45,2025-08-07 19:51:36,1,Q40040
2005,Paraíba,31,BR,17,PB,BR-PB,state,1,,,-7.1219366,-36.7246845,America/Fortaleza,2019-10-05 21:48:45,2025-08-07 19:51:38,1,Q38088
2006,Pernambuco,31,BR,30,PE,BR-PE,state,1,,,-8.4116316,-37.5919699,America/Recife,2019-10-05 21:48:45,2025-08-07 19:51:40,1,Q40942
2007,Alagoas,31,BR,02,AL,BR-AL,state,1,,,-9.6611661,-36.6502426,America/Maceio,2019-10-05 21:48:45,2025-08-07 19:51:42,1,Q40885
2008,Piauí,31,BR,20,PI,BR-PI,state,1,,,-7.6992782,-42.5043787,America/Fortaleza,2019-10-05 21:48:45,2025-08-07 19:51:43,1,Q42722
2009,Pará,31,BR,16,PA,BR-PA,state,1,,,-4.7493933,-52.8973006,America/Santarem,2019-10-05 21:48:45,2025-08-07 19:51:45,1,Q39517
2010,Mato Grosso do Sul,31,BR,11,MS,BR-MS,state,1,,,-19.5852564,-54.4794731,America/Campo_Grande,2019-10-05 21:48:45,2025-08-07 19:51:47,1,Q43319
2011,Mato Grosso,31,BR,14,MT,BR-MT,state,1,,,-12.2115009,-55.5716547,America/Cuiaba,2019-10-05 21:48:45,2025-08-07 19:51:49,1,Q42824
2012,Acre,31,BR,01,AC,BR-AC,state,1,,,-9.0478679,-70.5264976,America/Rio_Branco,2019-10-05 21:48:45,2025-08-07 19:51:50,1,Q40780
2013,Rondônia,31,BR,24,RO,BR-RO,state,1,,,-10.943145,-62.8277863,America/Porto_Velho,2019-10-05 21:48:45,2025-08-07 19:51:52,1,Q43235
2014,Santa Catarina,31,BR,26,SC,BR-SC,state,1,,,-27.0628367,-51.114965,America/Sao_Paulo,2019-10-05 21:48:45,2025-08-07 19:51:54,1,Q41115
2015,Maranhão,31,BR,13,MA,BR-MA,state,1,,,-5.2085503,-45.3930262,America/Fortaleza,2019-10-05 21:48:45,2025-08-07 19:51:56,1,Q42362
2016,Ceará,31,BR,06,CE,BR-CE,state,1,,,-5.3264703,-39.7156073,America/Fortaleza,2019-10-05 21:48:45,2025-08-07 19:51:57,1,Q40123
2017,Distrito Federal,31,BR,07,DF,BR-DF,federal district,1,,,-15.7754462,-47.7970891,America/Sao_Paulo,2019-10-05 21:48:45,2025-08-07 19:51:59,1,Q119158
2018,Espírito Santo,31,BR,08,ES,BR-ES,state,1,,,-19.5687682,-40.1721991,America/Sao_Paulo,2019-10-05 21:48:45,2025-08-07 19:52:01,1,Q43233
2019,Rio Grande do Norte,31,BR,22,RN,BR-RN,state,1,,,-5.6781175,-36.4781776,America/Fortaleza,2019-10-05 21:48:45,2025-08-07 19:52:03,1,Q43255
2020,Tocantins,31,BR,31,TO,BR-TO,state,1,,,-10.8855129,-48.3716912,America/Araguaina,2019-10-05 21:48:45,2025-08-07 19:52:04,1,Q43695
2021,São Paulo,31,BR,27,SP,BR-SP,state,1,,,-23.5505199,-46.6333094,America/Sao_Paulo,2019-10-05 21:48:45,2025-08-07 19:52:06,1,Q175
2022,Paraná,31,BR,18,PR,BR-PR,state,1,,,-24.4842187,-51.8148872,America/Sao_Paulo,2019-10-05 21:48:45,2025-08-07 19:52:08,1,Q15499
2023,Aragatsotn,12,AM,01,AG,AM-AG,region,1,,,40.2580349,44.1795089,Asia/Yerevan,2019-10-05 21:48:45,2025-08-07 19:52:09,1,Q17915
2024,Ararat,12,AM,02,AR,AM-AR,region,1,,,39.8553329,44.6943793,Asia/Yerevan,2019-10-05 21:48:45,2025-08-07 19:52:11,1,Q199880
2025,Vayots Dzor,12,AM,10,VD,AM-VD,region,1,,,39.8019849,45.4557591,Asia/Yerevan,2019-10-05 21:48:45,2025-08-07 19:52:12,1,Q200124
2026,Armavir,12,AM,03,AV,AM-AV,region,1,,,40.1554631,44.0372446,Asia/Yerevan,2019-10-05 21:48:45,2025-08-07 19:52:14,1,Q201147
2027,Syunik,12,AM,08,SU,AM-SU,region,1,,,39.3281408,46.1530296,Asia/Yerevan,2019-10-05 21:48:45,2025-08-07 19:52:16,1,Q2523428
2028,Gegharkunik,12,AM,04,GR,AM-GR,region,1,,,40.2483299,45.1455126,Asia/Yerevan,2019-10-05 21:48:45,2025-08-07 19:52:17,1,Q199905
2029,Lori,12,AM,06,LO,AM-LO,region,1,,,41.007271,44.4900113,Asia/Yerevan,2019-10-05 21:48:45,2025-08-07 19:52:19,1,Q200350
2030,Yerevan,12,AM,11,ER,AM-ER,city,3,,,40.1777112,44.5126233,Asia/Yerevan,2019-10-05 21:48:45,2025-08-07 19:52:20,1,Q1953
2031,Shirak,12,AM,07,SH,AM-SH,region,1,,,40.918594,43.8403536,Asia/Yerevan,2019-10-05 21:48:45,2025-08-07 19:52:22,1,Q201063
2032,Tavush,12,AM,09,TV,AM-TV,region,1,,,40.9176424,45.4050681,Asia/Yerevan,2019-10-05 21:48:45,2025-08-07 19:52:24,1,Q201140
2033,Kotayk,12,AM,05,KT,AM-KT,region,1,,,40.4033275,44.6959923,Asia/Yerevan,2019-10-05 21:48:45,2025-08-07 19:52:25,1,Q4511
2034,Cojedes,239,VE,08,H,VE-H,state,1,,,9.3094457,-68.3590546,America/Caracas,2019-10-05 21:48:45,2025-08-07 19:52:27,1,Q205460
2035,Falcón,239,VE,11,I,VE-I,state,1,,,11.273946,-69.5834205,America/Caracas,2019-10-05 21:48:45,2025-08-07 19:52:29,1,Q202071
2036,Portuguesa,239,VE,18,P,VE-P,state,1,,,8.9674808,-69.3915205,America/Caracas,2019-10-05 21:48:45,2025-08-07 19:52:30,1,Q205784
2037,Miranda,239,VE,15,M,VE-M,state,1,,,10.323351,-66.4842121,America/Caracas,2019-10-05 21:48:45,2025-08-07 19:52:32,1,Q191174
2038,Lara,239,VE,13,K,VE-K,state,1,,,10.0714266,-70.0163241,America/Caracas,2019-10-05 21:48:45,2025-08-07 19:52:34,1,Q205796
2039,Bolívar,239,VE,06,F,VE-F,state,1,,,8.0018709,-66.1109318,America/Caracas,2019-10-05 21:48:45,2025-08-07 19:52:35,1,Q191164
2040,Carabobo,239,VE,07,G,VE-G,state,1,,,10.2137258,-68.0396345,America/Caracas,2019-10-05 21:48:45,2025-08-07 19:52:37,1,Q191186
2041,Yaracuy,239,VE,22,U,VE-U,state,1,,,10.3040312,-68.7014018,America/Caracas,2019-10-05 21:48:45,2025-08-07 19:52:39,1,Q201121
2042,Zulia,239,VE,23,V,VE-V,state,1,,,10.1065099,-71.8641307,America/Caracas,2019-10-05 21:48:45,2025-08-07 19:52:40,1,Q43269
2043,Trujillo,239,VE,21,T,VE-T,state,1,,,9.4958129,-70.7688907,America/Caracas,2019-10-05 21:48:45,2025-08-07 19:52:42,1,Q202068
2044,Amazonas,239,VE,01,Z,VE-Z,state,1,,,3.422575,-65.723231,America/Caracas,2019-10-05 21:48:45,2025-08-07 19:52:44,1,Q170453
2045,Guárico,239,VE,12,J,VE-J,state,1,,,8.8378585,-66.3821,America/Caracas,2019-10-05 21:48:45,2025-08-07 19:52:45,1,Q202075
2046,Venezuela,239,VE,24,W,VE-W,federal dependency,2,,,8.0018709,-66.1109318,America/Caracas,2019-10-05 21:48:45,2025-08-07 19:52:47,1,Q130343
2047,Aragua,239,VE,04,D,VE-D,state,1,,,9.9897564,-67.0839257,America/Caracas,2019-10-05 21:48:45,2025-08-07 19:52:49,1,Q190687
2048,Táchira,239,VE,20,S,VE-S,state,1,,,8.0219748,-72.0205763,America/Caracas,2019-10-05 21:48:45,2025-08-07 19:52:51,1,Q41144
2049,Barinas,239,VE,05,E,VE-E,state,1,,,8.6182737,-70.2274065,America/Caracas,2019-10-05 21:48:45,2025-08-07 19:52:52,1,Q43271
2050,Anzoátegui,239,VE,02,B,VE-B,state,1,,,9.0197925,-64.2168001,America/Caracas,2019-10-05 21:48:45,2025-08-07 19:52:54,1,Q190922
2051,Delta Amacuro,239,VE,09,Y,VE-Y,state,1,,,8.9414599,-61.3403273,America/Caracas,2019-10-05 21:48:45,2025-08-07 19:52:56,1,Q201137
2052,Nueva Esparta,239,VE,17,O,VE-O,state,1,,,10.9645415,-64.0975447,America/Caracas,2019-10-05 21:48:45,2025-08-07 19:52:58,1,Q204876
2053,Mérida,239,VE,14,L,VE-L,state,1,,,8.4911705,-71.3043439,America/Caracas,2019-10-05 21:48:45,2025-08-07 19:52:59,1,Q165582
2054,Monagas,239,VE,16,N,VE-N,state,1,,,9.3437846,-63.1589318,America/Caracas,2019-10-05 21:48:45,2025-08-07 19:53:01,1,Q205776
2055,La Guaira,239,VE,26,X,VE-X,state,1,,,10.6000384,-66.9296405,America/Caracas,2019-10-05 21:48:45,2025-08-07 19:53:03,1,Q205843
2056,Sucre,239,VE,19,R,VE-R,state,1,,,10.429015,-63.5649999,America/Caracas,2019-10-05 21:48:45,2025-08-07 19:53:04,1,Q205824
2057,Carinthia,15,AT,02,2,AT-2,state,1,,,46.7500001,13.8333333,Europe/Vienna,2019-10-05 21:48:45,2025-08-07 19:53:06,1,Q37985
2058,Upper Austria,15,AT,04,4,AT-4,state,1,,,48.25,14,Europe/Vienna,2019-10-05 21:48:45,2025-08-07 19:53:08,1,Q41967
2059,Styria,15,AT,06,6,AT-6,state,1,,,47.2500001,15.1666665,Europe/Vienna,2019-10-05 21:48:45,2025-08-07 19:53:09,1,Q41358
2060,Vienna,15,AT,09,9,AT-9,state,1,,,48.2081743,16.3738189,Europe/Vienna,2019-10-05 21:48:45,2025-08-07 19:53:11,1,Q1741
2061,Salzburg,15,AT,05,5,AT-5,state,1,,,47.7981346,13.0464806,Europe/Vienna,2019-10-05 21:48:45,2025-08-07 19:53:13,1,Q43325
2062,Burgenland,15,AT,01,1,AT-1,state,1,,,47.5000001,16.4166666,Europe/Vienna,2019-10-05 21:48:45,2025-08-07 19:53:15,1,Q43210
2063,Vorarlberg,15,AT,08,8,AT-8,state,1,,,47.25,9.9166667,Europe/Vienna,2019-10-05 21:48:45,2025-08-07 19:53:17,1,Q38981
2064,Tyrol,15,AT,07,7,AT-7,state,1,,,47.223193,11.5261028,Europe/Vienna,2019-10-05 21:48:45,2025-08-07 19:53:18,1,Q42880
2065,Lower Austria,15,AT,03,3,AT-3,state,1,,,48.2817813,15.7632457,Europe/Vienna,2019-10-05 21:48:45,2025-08-07 19:53:20,1,Q42497
2066,Koshi,154,NP,1,P1,NP-P1,province,1,,,26.5602871,87.0066582,Asia/Kathmandu,2019-10-05 21:48:45,2025-08-07 19:53:22,1,Q25104008
2067,Lumbini,154,NP,5,P5,NP-P5,province,1,,,28.0654626,82.535642,Asia/Kathmandu,2019-10-05 21:48:45,2025-08-07 19:53:23,1,Q25104014
2068,Karnali,154,NP,6,P6,NP-P6,province,1,,,29.20272,81.6145214,Asia/Kathmandu,2019-10-05 21:48:45,2025-08-07 19:53:25,1,Q25104017
2069,Gandaki,154,NP,4,P4,NP-P4,province,1,,,28.3740324,84.0513324,Asia/Kathmandu,2019-10-05 21:48:45,2025-08-07 19:53:26,1,Q25104016
2073,Bagmati,154,NP,3,P3,NP-P3,province,1,,,27.4845108,85.2929758,Asia/Kathmandu,2019-10-05 21:48:45,2025-08-07 19:53:28,1,Q25104015
2085,Unity,206,SS,40,UY,SS-UY,state,1,,,8.4582525,29.9560547,Africa/Juba,2019-10-05 21:48:45,2025-08-07 19:53:30,1,Q319965
2086,Upper Nile,206,SS,35,NU,SS-NU,state,1,,,9,33,Africa/Juba,2019-10-05 21:48:45,2025-08-07 19:53:31,1,Q487702
2087,Warrap,206,SS,59,WR,SS-WR,state,1,,,7.9132688,28.9588141,Africa/Juba,2019-10-05 21:48:45,2025-08-07 19:53:33,1,Q491138
2088,Northern Bahr el Ghazal,206,SS,54,BN,SS-BN,state,1,,,9,27,Africa/Juba,2019-10-05 21:48:45,2025-08-07 19:53:35,1,Q491111
2089,Western Equatoria,206,SS,45,EW,SS-EW,state,1,,,5.5381215,29.1495118,Africa/Juba,2019-10-05 21:48:45,2025-08-07 19:53:36,1,Q319979
2090,Lakes,206,SS,11550544,LK,SS-LK,state,1,,,6.7526716,30.0948429,Africa/Juba,2019-10-05 21:48:45,2025-08-07 19:53:38,1,Q491096
2091,Western Bahr el Ghazal,206,SS,46,BW,SS-BW,state,1,,,8.5455555,25.2224504,Africa/Juba,2019-10-05 21:48:46,2025-08-07 19:53:40,1,Q332095
2092,Central Equatoria,206,SS,44,EC,SS-EC,state,1,,,5,31.5,Africa/Juba,2019-10-05 21:48:46,2025-08-07 19:53:41,1,Q487709
2093,Eastern Equatoria,206,SS,57,EE,SS-EE,state,1,,,5.283932,33.5912329,Africa/Juba,2019-10-05 21:48:46,2025-08-07 19:53:42,1,Q488519
2094,Jonglei State,206,SS,51,JG,SS-JG,state,1,,,8,32,Africa/Juba,2019-10-05 21:48:46,2025-08-07 19:53:44,1,Q488904
2095,Karditsa,85,GR,23,41,GR-41,regional unit,2,,,39.3640258,21.9214049,Europe/Athens,2019-10-05 21:48:46,2025-08-07 19:53:46,1,Q212810
2096,West Greece,85,GR,ESYE23,G,GR-G,administrative region,2,,,38.2529473,21.7117625,Europe/Athens,2019-10-05 21:48:46,2025-08-07 19:53:47,1,Q170291
2097,Thessaloniki,85,GR,13,54,GR-54,regional unit,2,,,40.6400629,22.9444191,Europe/Athens,2019-10-05 21:48:46,2025-08-07 19:53:49,1,Q210176
2098,Arcadia,85,GR,41,12,GR-12,prefecture,2,,,37.4290886,22.423542,Europe/Athens,2019-10-05 21:48:46,2025-08-07 19:53:51,1,Q170054
2099,Imathia ,85,GR,12,53,GR-53,regional unit,2,,,40.517038,22.1807197,Europe/Athens,2019-10-05 21:48:46,2025-08-07 19:53:52,1,Q207840
2100,Kastoria,85,GR,09,56,GR-56,regional unit,2,,,40.5192691,21.2687171,Europe/Athens,2019-10-05 21:48:46,2025-08-07 19:53:54,1,Q1080115
2101,Euboea,85,GR,34,04,GR-04,prefecture,2,,,38.4941723,23.9110844,Europe/Athens,2019-10-05 21:48:46,2025-08-07 19:53:55,1,Q670126
2102,Grevena,85,GR,10,51,GR-51,prefecture,2,,,40.0837626,21.4273299,Europe/Athens,2019-10-05 21:48:46,2025-08-07 19:53:57,1,Q209385
2103,Preveza,85,GR,19,34,GR-34,prefecture,2,,,38.9592649,20.7517155,Europe/Athens,2019-10-05 21:48:46,2025-08-07 19:53:58,1,Q7780449
2104,Lefkada,85,GR,26,24,GR-24,regional unit,2,,,38.8333663,20.7069108,Europe/Athens,2019-10-05 21:48:46,2025-08-07 19:54:00,1,Q1248071
2105,Argolis,85,GR,36,11,GR-11,regional unit,2,,,37.5662662,22.8559389,Europe/Athens,2019-10-05 21:48:46,2025-08-07 19:54:01,1,Q191897
2106,Laconia,85,GR,42,16,GR-16,prefecture,2,,,36.7602794,22.7904643,Europe/Athens,2019-10-05 21:48:46,2025-08-07 19:54:03,1,Q190216
2107,Pella,85,GR,07,59,GR-59,regional unit,2,,,40.9050497,22.097048,Europe/Athens,2019-10-05 21:48:46,2025-08-07 19:54:05,1,Q649484
2108,West Macedonia,85,GR,ESYE13,C,GR-C,administrative region,2,,,40.3870919,21.4412445,Europe/Athens,2019-10-05 21:48:46,2025-08-07 19:54:07,1,Q165408
2109,Crete,85,GR,ESYE43,M,GR-M,administrative region,2,,,35.2800826,24.638844,Europe/Athens,2019-10-05 21:48:46,2025-08-07 19:54:09,1,Q1267522
2110,Epirus,85,GR,ESYE21,D,GR-D,administrative region,2,,,39.6501917,20.6908456,Europe/Athens,2019-10-05 21:48:46,2025-08-07 19:54:10,1,Q180484
2111,Kilkis,85,GR,06,57,GR-57,regional unit,2,,,40.9937071,22.8753674,Europe/Athens,2019-10-05 21:48:46,2025-08-07 19:54:12,1,Q210097
2112,Kozani,85,GR,11,58,GR-58,prefecture,2,,,40.3005586,21.7887737,Europe/Athens,2019-10-05 21:48:46,2025-08-07 19:54:13,1,Q211732
2113,Ioannina,85,GR,17,33,GR-33,regional unit,2,,,39.6650288,20.8537466,Europe/Athens,2019-10-05 21:48:46,2025-08-07 19:54:15,1,Q212921
2114,Phthiotis,85,GR,29,06,GR-06,prefecture,2,,,38.8873403,22.3680301,Europe/Athens,2019-10-05 21:48:46,2025-08-07 19:54:17,1,Q207554
2115,Chania,85,GR,43,94,GR-94,regional unit,2,,,35.5138298,24.0180367,Europe/Athens,2019-10-05 21:48:46,2025-08-07 19:54:18,1,Q210487
2116,Achaea,85,GR,38,13,GR-13,regional unit,2,,,38.0692748,21.8727304,Europe/Athens,2019-10-05 21:48:46,2025-08-07 19:54:20,1,Q2495811
2117,East Macedonia and Thrace,85,GR,ESYE11,A,GR-A,administrative region,2,,,40.8533759,25.8030499,Europe/Athens,2019-10-05 21:48:46,2025-08-07 19:54:22,1,Q171314
2118,South Aegean,85,GR,ESYE42,L,GR-L,administrative region,2,,,37.1501031,25.4550768,Europe/Athens,2019-10-05 21:48:46,2025-08-07 19:54:24,1,Q173616
2119,Peloponnese,85,GR,ESYE25,J,GR-J,administrative region,2,,,37.363372,22.2394984,Europe/Athens,2019-10-05 21:48:46,2025-08-07 19:54:25,1,Q202484
2120,East Attica,85,GR,ESYE11,A2,GR-A2,administrative region,2,,,37.9715827,23.9767854,Europe/Athens,2019-10-05 21:48:46,2025-08-07 19:54:27,1,Q211934
2121,Serres,85,GR,05,62,GR-62,prefecture,2,,,41.0863854,23.5483819,Europe/Athens,2019-10-05 21:48:46,2025-08-07 19:54:28,1,Q211319
2122,Attica,85,GR,ESYE31,I,GR-I,administrative region,2,,,37.7561803,23.6669006,Europe/Athens,2019-10-05 21:48:46,2025-08-07 19:54:30,1,Q758056
2123,Aetolia-Acarnania,85,GR,31,01,GR-01,regional unit,2,,,38.7033384,21.2490055,Europe/Athens,2019-10-05 21:48:46,2025-08-07 19:54:32,1,Q202624
2124,Corfu,85,GR,25,22,GR-22,prefecture,2,,,39.6249838,19.9223461,Europe/Athens,2019-10-05 21:48:46,2025-08-07 19:54:34,1,Q842235
2125,Central Macedonia,85,GR,ESYE12,B,GR-B,administrative region,2,,,40.6186482,22.9179536,Europe/Athens,2019-10-05 21:48:46,2025-08-07 19:54:35,1,Q17152
2126,Boeotia,85,GR,33,03,GR-03,regional unit,2,,,38.3574477,23.1101239,Europe/Athens,2019-10-05 21:48:46,2025-08-07 19:54:37,1,Q8257871
2127,Kefalonia,85,GR,27,23,GR-23,prefecture,2,,,38.2660322,20.5373903,Europe/Athens,2019-10-05 21:48:46,2025-08-07 19:54:39,1,Q838993
2128,Central Greece,85,GR,ESYE24,H,GR-H,administrative region,2,,,38.5624595,23.1618528,Europe/Athens,2019-10-05 21:48:46,2025-08-07 19:54:41,1,Q199580
2129,Corinthia,85,GR,37,15,GR-15,regional unit,2,,,37.9629908,22.7333424,Europe/Athens,2019-10-05 21:48:46,2025-08-07 19:54:42,1,Q208306
2130,Drama,85,GR,04,52,GR-52,regional unit,2,,,41.1499443,24.1468286,Europe/Athens,2019-10-05 21:48:46,2025-08-07 19:54:44,1,Q208606
2131,Ionian Islands,85,GR,ESYE22,F,GR-F,administrative region,2,,,37.7891384,20.7900896,Europe/Athens,2019-10-05 21:48:46,2025-08-07 19:54:46,1,Q1147674
2132,Larissa,85,GR,21,42,GR-42,prefecture,2,,,39.6390224,22.4191254,Europe/Athens,2019-10-05 21:48:46,2025-08-07 19:54:47,1,Q578879
2133,Kayin,151,MM,05,13,MM-13,state,1,,,17.1863135,97.7499316,Asia/Yangon,2019-10-05 21:48:46,2025-08-07 19:54:49,1,Q495342
2134,Mandalay,151,MM,08,04,MM-04,region,1,,,21.9596834,96.0948743,Asia/Yangon,2019-10-05 21:48:46,2025-08-07 19:54:51,1,Q119494
2135,Yangon,151,MM,17,06,MM-06,region,1,,,16.7967129,96.1609916,Asia/Yangon,2019-10-05 21:48:46,2025-08-07 19:54:52,1,Q856781
2136,Magway,151,MM,15,03,MM-03,region,1,,,20.1491458,94.9213518,Asia/Yangon,2019-10-05 21:48:46,2025-08-07 19:54:54,1,Q833013
2137,Chin,151,MM,02,14,MM-14,state,1,,,22.018242,93.5038035,Asia/Yangon,2019-10-05 21:48:46,2025-08-07 19:54:56,1,Q46910
2138,Rakhine,151,MM,01,16,MM-16,state,1,,,19.5212991,94.0072428,Asia/Yangon,2019-10-05 21:48:46,2025-08-07 19:54:58,1,Q233838
2139,Shan,151,MM,11,17,MM-17,state,1,,,21.5122404,98.0098362,Asia/Yangon,2019-10-05 21:48:46,2025-08-07 19:55:00,1,Q456847
2140,Tanintharyi,151,MM,12,05,MM-05,region,1,,,12.1091546,98.8165256,Asia/Yangon,2019-10-05 21:48:46,2025-08-07 19:55:01,1,Q843954
2141,Bago,151,MM,16,02,MM-02,region,1,,,17.336667,96.479722,Asia/Yangon,2019-10-05 21:48:46,2025-08-07 19:55:03,1,Q800124
2142,Ayeyarwady,151,MM,03,07,MM-07,region,1,,,16.8340079,95.1804705,Asia/Yangon,2019-10-05 21:48:46,2025-08-07 19:55:04,1,Q47047
2143,Kachin,151,MM,04,11,MM-11,state,1,,,26.0207656,97.4919258,Asia/Yangon,2019-10-05 21:48:46,2025-08-07 19:55:06,1,Q140646
2144,Kayah,151,MM,06,12,MM-12,state,1,,,19.2812505,97.3291806,Asia/Yangon,2019-10-05 21:48:46,2025-08-07 19:55:08,1,Q652845
2145,Sagaing,151,MM,10,01,MM-01,region,1,,,24.4768486,95.47474,Asia/Yangon,2019-10-05 21:48:46,2025-08-07 19:55:09,1,Q847289
2146,Naypyidaw,151,MM,10,18,MM-18,union territory,1,,,19.7753289,96.1032552,Asia/Yangon,2019-10-05 21:48:46,2025-08-07 19:55:11,1,Q4796
2147,Mon State,151,MM,13,15,MM-15,state,1,,,17.0832546,97.3337305,Asia/Yangon,2019-10-05 21:48:46,2025-08-07 19:55:13,1,Q818742
2148,Bartın,225,TR,87,74,TR-74,province,1,,,41.4947715,32.4354255,Europe/Istanbul,2019-10-05 21:48:46,2025-08-07 19:55:15,1,Q83342
2149,Kütahya,225,TR,43,43,TR-43,province,1,,,39.2522508,29.4937732,Europe/Istanbul,2019-10-05 21:48:46,2025-08-07 19:55:16,1,Q126874
2150,Sakarya,225,TR,54,54,TR-54,province,1,,,40.7755188,30.4020898,Europe/Istanbul,2019-10-05 21:48:46,2025-08-07 19:55:18,1,Q83069
2151,Edirne,225,TR,22,22,TR-22,province,1,,,41.1804499,26.6222442,Europe/Istanbul,2019-10-05 21:48:46,2025-08-07 19:55:20,1,Q83102
2152,Van,225,TR,65,65,TR-65,province,1,,,38.3249599,43.6589825,Europe/Istanbul,2019-10-05 21:48:46,2025-08-07 19:55:22,1,Q80550
2153,Bingöl,225,TR,12,12,TR-12,province,1,,,39.073803,40.7296181,Europe/Istanbul,2019-10-05 21:48:46,2025-08-07 19:55:23,1,Q79760
2154,Kilis,225,TR,90,79,TR-79,province,1,,,36.7797231,37.1416892,Europe/Istanbul,2019-10-05 21:48:46,2025-08-07 19:55:25,1,Q128978
2155,Adıyaman,225,TR,02,02,TR-02,province,1,,,37.78936,38.3141101,Europe/Istanbul,2019-10-05 21:48:46,2025-08-07 19:55:27,1,Q43924
2156,Mersin,225,TR,32,33,TR-33,province,1,,,36.7978381,34.6298391,Europe/Istanbul,2019-10-05 21:48:46,2025-08-07 19:55:28,1,Q132637
2157,Denizli,225,TR,20,20,TR-20,province,1,,,37.7827875,29.0966476,Europe/Istanbul,2019-10-05 21:48:46,2025-08-07 19:55:30,1,Q82096
2158,Malatya,225,TR,44,44,TR-44,province,1,,,38.4820156,38.1035355,Europe/Istanbul,2019-10-05 21:48:46,2025-08-07 19:55:32,1,Q131384
2159,Elazığ,225,TR,23,23,TR-23,province,1,,,38.5824771,39.396179,Europe/Istanbul,2019-10-05 21:48:46,2025-08-07 19:55:34,1,Q483091
2160,Erzincan,225,TR,24,24,TR-24,province,1,,,39.6073429,39.2013209,Europe/Istanbul,2019-10-05 21:48:46,2025-08-07 19:55:35,1,Q483173
2161,Amasya,225,TR,05,05,TR-05,province,1,,,40.6503248,35.8329148,Europe/Istanbul,2019-10-05 21:48:46,2025-08-07 19:55:37,1,Q80036
2162,Muş,225,TR,49,49,TR-49,province,1,,,38.9740786,41.9590433,Europe/Istanbul,2019-10-05 21:48:46,2025-08-07 19:55:39,1,Q131387
2163,Bursa,225,TR,16,16,TR-16,province,1,,,40.1825734,29.0675039,Europe/Istanbul,2019-10-05 21:48:46,2025-08-07 19:55:40,1,Q43690
2164,Eskişehir,225,TR,26,26,TR-26,province,1,,,39.6821156,31.0723476,Europe/Istanbul,2019-10-05 21:48:46,2025-08-07 19:55:42,1,Q483053
2165,Erzurum,225,TR,25,25,TR-25,province,1,,,39.90632,41.2727715,Europe/Istanbul,2019-10-05 21:48:46,2025-08-07 19:55:44,1,Q376797
2166,Iğdır,225,TR,88,76,TR-76,province,1,,,39.9218784,44.0467957,Europe/Istanbul,2019-10-05 21:48:46,2025-08-07 19:55:45,1,Q125506
2167,Tekirdağ,225,TR,59,59,TR-59,province,1,,,41.0731403,27.4102013,Europe/Istanbul,2019-10-05 21:48:46,2025-08-07 19:55:47,1,Q129387
2168,Çankırı,225,TR,82,18,TR-18,province,1,,,40.5971947,33.6212704,Europe/Istanbul,2019-10-05 21:48:46,2025-08-07 19:55:49,1,Q272662
2169,Antalya,225,TR,07,07,TR-07,province,1,,,36.9279654,30.7276865,Europe/Istanbul,2019-10-05 21:48:46,2025-08-07 19:55:50,1,Q40249
2170,İstanbul,225,TR,34,34,TR-34,province,1,,,41.006381,28.9758715,Europe/Istanbul,2019-10-05 21:48:46,2025-08-07 19:55:52,1,Q534799
2171,Konya,225,TR,71,42,TR-42,province,1,,,38.0211951,32.5224943,Europe/Istanbul,2019-10-05 21:48:46,2025-08-07 19:55:54,1,Q81551
2172,Bolu,225,TR,14,14,TR-14,province,1,,,40.6212099,31.6460259,Europe/Istanbul,2019-10-05 21:48:46,2025-08-07 19:55:56,1,Q82089
2173,Çorum,225,TR,19,19,TR-19,province,1,,,40.5698389,34.7269292,Europe/Istanbul,2019-10-05 21:48:46,2025-08-07 19:55:57,1,Q272947
2174,Ordu,225,TR,52,52,TR-52,province,1,,,40.8292569,37.4082764,Europe/Istanbul,2019-10-05 21:48:46,2025-08-07 19:55:59,1,Q483180
2175,Balıkesir,225,TR,10,10,TR-10,province,1,,,39.6473917,27.8879787,Europe/Istanbul,2019-10-05 21:48:46,2025-08-07 19:56:01,1,Q47117
2176,Kırklareli,225,TR,39,39,TR-39,province,1,,,41.7078046,27.6051334,Europe/Istanbul,2019-10-05 21:48:46,2025-08-07 19:56:02,1,Q131597
2177,Bayburt,225,TR,77,69,TR-69,province,1,,,40.26032,40.228048,Europe/Istanbul,2019-10-05 21:48:46,2025-08-07 19:56:04,1,Q483063
2178,Kırıkkale,225,TR,79,71,TR-71,province,1,,,39.8860105,33.8278992,Europe/Istanbul,2019-10-05 21:48:46,2025-08-07 19:56:05,1,Q484392
2179,Afyonkarahisar,225,TR,03,03,TR-03,province,1,,,38.6852729,30.6427411,Europe/Istanbul,2019-10-05 21:48:46,2025-08-07 19:56:07,1,Q45220
2180,Kırşehir,225,TR,40,40,TR-40,province,1,,,39.3303066,34.1265884,Europe/Istanbul,2019-10-05 21:48:46,2025-08-07 19:56:08,1,Q134187
2181,Sivas,225,TR,58,58,TR-58,province,1,,,39.4191717,37.1012388,Europe/Istanbul,2019-10-05 21:48:46,2025-08-07 19:56:10,1,Q483100
2182,Muğla,225,TR,48,48,TR-48,province,1,,,37.2151784,28.363733,Europe/Istanbul,2019-10-05 21:48:46,2025-08-07 19:56:12,1,Q123934
2183,Şanlıurfa,225,TR,63,63,TR-63,province,1,,,37.2595198,39.0408174,Europe/Istanbul,2019-10-05 21:48:46,2025-08-07 19:56:14,1,Q388469
2184,Karaman,225,TR,78,70,TR-70,province,1,,,37.1796848,33.3383665,Europe/Istanbul,2019-10-05 21:48:46,2025-08-07 19:56:15,1,Q482975
2185,Ardahan,225,TR,86,75,TR-75,province,1,,,41.1102966,42.7035585,Europe/Istanbul,2019-10-05 21:48:46,2025-08-07 19:56:17,1,Q79840
2186,Giresun,225,TR,28,28,TR-28,province,1,,,40.6531617,38.5172032,Europe/Istanbul,2019-10-05 21:48:46,2025-08-07 19:56:19,1,Q482779
2187,Aydın,225,TR,09,09,TR-09,province,1,,,37.7405798,28.0676404,Europe/Istanbul,2019-10-05 21:48:46,2025-08-07 19:56:20,1,Q79846
2188,Yozgat,225,TR,66,66,TR-66,province,1,,,39.7152422,35.170998,Europe/Istanbul,2019-10-05 21:48:46,2025-08-07 19:56:22,1,Q75445
2189,Niğde,225,TR,73,51,TR-51,province,1,,,38.0664691,34.7051438,Europe/Istanbul,2019-10-05 21:48:46,2025-08-07 19:56:24,1,Q155219
2190,Hakkâri,225,TR,70,30,TR-30,province,1,,,37.5766959,43.7377862,Europe/Istanbul,2019-10-05 21:48:46,2025-08-07 19:56:26,1,Q93209
2191,Artvin,225,TR,08,08,TR-08,province,1,,,41.160506,41.8398627,Europe/Istanbul,2019-10-05 21:48:46,2025-08-07 19:56:27,1,Q43745
2192,Tunceli,225,TR,62,62,TR-62,province,1,,,39.2197553,39.4139674,Europe/Istanbul,2019-10-05 21:48:46,2025-08-07 19:56:28,1,Q620742
2193,Ağrı,225,TR,04,04,TR-04,province,1,,,39.719125,43.0504894,Europe/Istanbul,2019-10-05 21:48:46,2025-08-07 19:56:30,1,Q80051
2194,Batman,225,TR,76,72,TR-72,province,1,,,37.7874104,41.2573924,Europe/Istanbul,2019-10-05 21:48:46,2025-08-07 19:56:31,1,Q80370
2195,Kocaeli,225,TR,41,41,TR-41,province,1,,,40.8216536,29.9507184,Europe/Istanbul,2019-10-05 21:48:46,2025-08-07 19:56:33,1,Q83965
2196,Nevşehir,225,TR,50,50,TR-50,province,1,,,38.7235072,34.7194168,Europe/Istanbul,2019-10-05 21:48:46,2025-08-07 19:56:35,1,Q430693
2197,Kastamonu,225,TR,37,37,TR-37,province,1,,,41.3680217,33.7619177,Europe/Istanbul,2019-10-05 21:48:46,2025-08-07 19:56:36,1,Q483191
2198,Manisa,225,TR,45,45,TR-45,province,1,,,38.8574402,28.0565711,Europe/Istanbul,2019-10-05 21:48:46,2025-08-07 19:56:38,1,Q130553
2199,Tokat,225,TR,60,60,TR-60,province,1,,,40.3902713,36.6251863,Europe/Istanbul,2019-10-05 21:48:46,2025-08-07 19:56:40,1,Q483195
2200,Kayseri,225,TR,38,38,TR-38,province,1,,,38.6582232,35.5546374,Europe/Istanbul,2019-10-05 21:48:46,2025-08-07 19:56:41,1,Q483472
2201,Uşak,225,TR,64,64,TR-64,province,1,,,38.5768902,29.3729779,Europe/Istanbul,2019-10-05 21:48:46,2025-08-07 19:56:43,1,Q483078
2202,Düzce,225,TR,93,81,TR-81,province,1,,,40.8774545,31.2009618,Europe/Istanbul,2019-10-05 21:48:46,2025-08-07 19:56:45,1,Q432391
2203,Gaziantep,225,TR,83,27,TR-27,province,1,,,37.0628317,37.3792617,Europe/Istanbul,2019-10-05 21:48:46,2025-08-07 19:56:47,1,Q483154
2204,Gümüşhane,225,TR,69,29,TR-29,province,1,,,40.2533219,39.384968,Europe/Istanbul,2019-10-05 21:48:46,2025-08-07 19:56:48,1,Q482788
2205,İzmir,225,TR,35,35,TR-35,province,1,,,38.4192537,27.128469,Europe/Istanbul,2019-10-05 21:48:46,2025-08-07 19:56:50,1,Q344490
2206,Trabzon,225,TR,61,61,TR-61,province,1,,,40.8526439,39.7849273,Europe/Istanbul,2019-10-05 21:48:46,2025-08-07 19:56:52,1,Q388995
2207,Siirt,225,TR,74,56,TR-56,province,1,,,37.8646916,42.0510294,Europe/Istanbul,2019-10-05 21:48:46,2025-08-07 19:56:53,1,Q482825
2208,Kars,225,TR,84,36,TR-36,province,1,,,40.4558435,42.9979531,Europe/Istanbul,2019-10-05 21:48:46,2025-08-07 19:56:55,1,Q83077
2209,Burdur,225,TR,15,15,TR-15,province,1,,,37.5183407,30.1691254,Europe/Istanbul,2019-10-05 21:48:46,2025-08-07 19:56:56,1,Q80088
2210,Aksaray,225,TR,75,68,TR-68,province,1,,,38.3705416,34.026907,Europe/Istanbul,2019-10-05 21:48:46,2025-08-07 19:56:58,1,Q83073
2211,Hatay,225,TR,31,31,TR-31,province,1,,,36.3451332,36.0748022,Europe/Istanbul,2019-10-05 21:48:46,2025-08-07 19:57:00,1,Q83274
2212,Adana,225,TR,81,01,TR-01,province,1,,,37.1438001,35.4984094,Europe/Istanbul,2019-10-05 21:48:46,2025-08-07 19:57:02,1,Q40549
2213,Zonguldak,225,TR,85,67,TR-67,province,1,,,41.250324,31.8389738,Europe/Istanbul,2019-10-05 21:48:46,2025-08-07 19:57:03,1,Q219956
2214,Osmaniye,225,TR,91,80,TR-80,province,1,,,37.2517882,36.2993502,Europe/Istanbul,2019-10-05 21:48:46,2025-08-07 19:57:05,1,Q281206
2215,Bitlis,225,TR,13,13,TR-13,province,1,,,38.4950867,42.1678372,Europe/Istanbul,2019-10-05 21:48:46,2025-08-07 19:57:06,1,Q83239
2216,Çanakkale,225,TR,17,17,TR-17,province,1,,,40.0549886,26.9278292,Europe/Istanbul,2019-10-05 21:48:46,2025-08-07 19:57:08,1,Q47813
2217,Ankara,225,TR,68,06,TR-06,province,1,,,39.7160422,32.7059159,Europe/Istanbul,2019-10-05 21:48:46,2025-08-07 19:57:10,1,Q2297724
2218,Yalova,225,TR,92,77,TR-77,province,1,,,40.5795422,29.1687005,Europe/Istanbul,2019-10-05 21:48:46,2025-08-07 19:57:12,1,Q483083
2219,Rize,225,TR,53,53,TR-53,province,1,,,40.9569617,40.884428,Europe/Istanbul,2019-10-05 21:48:46,2025-08-07 19:57:13,1,Q483481
2220,Samsun,225,TR,55,55,TR-55,province,1,,,41.2303557,35.9683338,Europe/Istanbul,2019-10-05 21:48:46,2025-08-07 19:57:15,1,Q483040
2221,Bilecik,225,TR,11,11,TR-11,province,1,,,40.1435101,29.9752911,Europe/Istanbul,2019-10-05 21:48:46,2025-08-07 19:57:17,1,Q46763
2222,Isparta,225,TR,33,32,TR-32,province,1,,,37.9465412,30.9602093,Europe/Istanbul,2019-10-05 21:48:46,2025-08-07 19:57:18,1,Q268043
2223,Karabük,225,TR,89,78,TR-78,province,1,,,41.1955402,32.6231154,Europe/Istanbul,2019-10-05 21:48:46,2025-08-07 19:57:20,1,Q483168
2224,Mardin,225,TR,72,47,TR-47,province,1,,,37.3209802,40.7251295,Europe/Istanbul,2019-10-05 21:48:46,2025-08-07 19:57:22,1,Q131293
2225,Şırnak,225,TR,80,73,TR-73,province,1,,,37.455253,42.5212049,Europe/Istanbul,2019-10-05 21:48:46,2025-08-07 19:57:24,1,Q647378
2226,Diyarbakır,225,TR,21,21,TR-21,province,1,,,38.0814716,40.4297767,Europe/Istanbul,2019-10-05 21:48:46,2025-08-07 19:57:25,1,Q83081
2227,Kahramanmaraş,225,TR,46,46,TR-46,province,1,,,37.7830345,36.830655,Europe/Istanbul,2019-10-05 21:48:46,2025-08-07 19:57:27,1,Q482834
2228,Lisbon,177,PT,14,11,PT-11,district,2,,,38.7077507,-9.1365919,Europe/Lisbon,2019-10-05 21:48:46,2025-08-07 19:57:29,1,Q207199
2229,Bragança,177,PT,05,04,PT-04,district,2,,,41.8061652,-6.7567427,Europe/Lisbon,2019-10-05 21:48:46,2025-08-07 19:57:31,1,Q373528
2230,Beja,177,PT,03,02,PT-02,district,2,,,38.0154479,-7.8650368,Europe/Lisbon,2019-10-05 21:48:46,2025-08-07 19:57:32,1,Q321455
2231,Madeira,177,PT,10,30,PT-30,autonomous region,1,,,32.7517501,-16.9817487,Atlantic/Madeira,2019-10-05 21:48:46,2025-08-07 19:57:34,1,Q26253
2232,Portalegre,177,PT,16,12,PT-12,district,2,,,39.2967086,-7.4284755,Europe/Lisbon,2019-10-05 21:48:46,2025-08-07 19:57:36,1,Q225189
2233,Açores,177,PT,23,20,PT-20,autonomous region,1,,,37.8085564,-25.4731374,Atlantic/Azores,2019-10-05 21:48:46,2025-08-07 19:57:38,1,Q25263
2234,Vila Real,177,PT,21,17,PT-17,district,2,,,41.3003527,-7.7457274,Europe/Lisbon,2019-10-05 21:48:46,2025-08-07 19:57:39,1,Q379372
2235,Aveiro,177,PT,02,01,PT-01,district,2,,,40.6791504,-8.5217166,Europe/Lisbon,2019-10-05 21:48:46,2025-08-07 19:57:41,1,Q210527
2236,Évora,177,PT,08,07,PT-07,district,2,,,38.5744468,-7.9076553,Europe/Lisbon,2019-10-05 21:48:46,2025-08-07 19:57:42,1,Q274118
2237,Viseu,177,PT,22,18,PT-18,district,2,,,40.6588424,-7.914756,Europe/Lisbon,2019-10-05 21:48:46,2025-08-07 19:57:44,1,Q273525
2238,Santarém,177,PT,18,14,PT-14,district,2,,,39.2366687,-8.6859944,Europe/Lisbon,2019-10-05 21:48:46,2025-08-07 19:57:45,1,Q244510
2239,Faro,177,PT,09,08,PT-08,district,2,,,37.0193548,-7.9304397,Europe/Lisbon,2019-10-05 21:48:46,2025-08-07 19:57:47,1,Q244521
2240,Leiria,177,PT,13,10,PT-10,district,2,,,39.7437902,-8.8071119,Europe/Lisbon,2019-10-05 21:48:46,2025-08-07 19:57:49,1,Q244512
2241,Castelo Branco,177,PT,06,05,PT-05,district,2,,,39.8266322,-7.4919318,Europe/Lisbon,2019-10-05 21:48:46,2025-08-07 19:57:50,1,Q273529
2242,Setúbal,177,PT,19,15,PT-15,district,2,,,38.5240933,-8.8925876,Europe/Lisbon,2019-10-05 21:48:46,2025-08-07 19:57:52,1,Q274109
2243,Porto,177,PT,17,13,PT-13,district,2,,,41.1476629,-8.6078973,Europe/Lisbon,2019-10-05 21:48:46,2025-08-07 19:57:53,1,Q322792
2244,Braga,177,PT,04,03,PT-03,district,2,,,41.550388,-8.4261301,Europe/Lisbon,2019-10-05 21:48:46,2025-08-07 19:57:55,1,Q326203
2245,Viana do Castelo,177,PT,20,16,PT-16,district,2,,,41.6918046,-8.834451,Europe/Lisbon,2019-10-05 21:48:46,2025-08-07 19:57:57,1,Q326214
2246,Coimbra,177,PT,07,06,PT-06,district,2,,,40.2111931,-8.4294632,Europe/Lisbon,2019-10-05 21:48:46,2025-08-07 19:57:59,1,Q244517
2247,Zhejiang,45,CN,02,ZJ,CN-ZJ,province,1,,,29.0000001,119.9999999,Asia/Shanghai,2019-10-05 21:48:46,2025-08-07 19:58:00,1,Q16967
2248,Fujian,45,CN,07,FJ,CN-FJ,province,1,,,26.193218,118.2208721,Asia/Shanghai,2019-10-05 21:48:46,2025-08-07 19:58:02,1,Q41705
2249,Shanghai,45,CN,23,SH,CN-SH,municipality,3,,,31.230416,121.473701,Asia/Shanghai,2019-10-05 21:48:46,2025-08-07 19:58:03,1,Q8686
2250,Jiangsu,45,CN,04,JS,CN-JS,province,1,,,33.0000001,119.9999999,Asia/Shanghai,2019-10-05 21:48:46,2025-08-07 19:58:05,1,Q16963
2251,Anhui,45,CN,01,AH,CN-AH,province,1,,,32,117,Asia/Shanghai,2019-10-05 21:48:46,2025-08-07 19:58:07,1,Q40956
2252,Shandong,45,CN,25,SD,CN-SD,province,1,,,36.398987,118.5055691,Asia/Shanghai,2019-10-05 21:48:46,2025-08-07 19:58:08,1,Q43407
2253,Jilin,45,CN,05,JL,CN-JL,province,1,,,43.837883,126.549572,Asia/Shanghai,2019-10-05 21:48:46,2025-08-07 19:58:10,1,Q45208
2254,Shanxi,45,CN,24,SX,CN-SX,province,1,,,37,112,Asia/Shanghai,2019-10-05 21:48:46,2025-08-07 19:58:12,1,Q46913
2255,Taiwan,45,CN,04,TW,CN-TW,province,1,,,23.9739374,120.9820179,Asia/Taipei,2019-10-05 21:48:46,2025-08-07 19:58:14,1,Q57251
2256,Jiangxi,45,CN,03,JX,CN-JX,province,1,,,28,116,Asia/Shanghai,2019-10-05 21:48:46,2025-08-07 19:58:15,1,Q57052
2257,Beijing,45,CN,22,BJ,CN-BJ,municipality,3,,,39.9057136,116.3912972,Asia/Shanghai,2019-10-05 21:48:46,2025-08-07 19:58:17,1,Q956
2258,Hunan,45,CN,11,HN,CN-HN,province,1,,,27.6662087,111.7487063,Asia/Shanghai,2019-10-05 21:48:46,2025-08-07 19:58:19,1,Q45761
2259,Henan,45,CN,09,HA,CN-HA,province,1,,,34.0000001,113.9999999,Asia/Shanghai,2019-10-05 21:48:46,2025-08-07 19:58:21,1,Q43684
2260,Yunnan,45,CN,29,YN,CN-YN,province,1,,,25,102,Asia/Shanghai,2019-10-05 21:48:47,2025-08-07 19:58:22,1,Q43194
2261,Guizhou,45,CN,18,GZ,CN-GZ,province,1,,,27,107,Asia/Shanghai,2019-10-05 21:48:47,2025-08-07 19:58:24,1,Q47097
2262,Ningxia Huizu,45,CN,21,NX,CN-NX,autonomous region,1,,,37.0000001,105.9999999,Asia/Shanghai,2019-10-05 21:48:47,2025-08-07 19:58:26,1,Q57448
2263,Xinjiang,45,CN,13,XJ,CN-XJ,autonomous region,1,,,42.4804953,85.4633464,Asia/Shanghai,2019-10-05 21:48:47,2025-08-07 19:58:28,1,Q34800
2264,Xizang,45,CN,14,XZ,CN-XZ,autonomous region,1,,,29.8556443,90.8749807,Asia/Shanghai,2019-10-05 21:48:47,2025-08-07 19:58:29,1,Q17269
2265,Heilongjiang,45,CN,08,HL,CN-HL,province,1,,,48.0000047,127.999992,Asia/Shanghai,2019-10-05 21:48:47,2025-08-07 19:58:31,1,Q19206
2266,Macau SAR,45,CN,MC,MO,CN-MO,special administrative region,1,,,22.3145285,113.9472446,Asia/Hong_Kong,2019-10-05 21:48:47,2025-08-07 19:58:32,1,Q14773
2267,Hong Kong SAR,45,CN,HK,HK,CN-HK,special administrative region,1,,,22.350627,114.1849161,Asia/Hong_Kong,2019-10-05 21:48:47,2025-08-07 19:58:34,1,Q8646
2268,Liaoning,45,CN,19,LN,CN-LN,province,1,,,41.2374106,122.9955469,Asia/Shanghai,2019-10-05 21:48:47,2025-08-07 19:58:36,1,Q43934
2269,Inner Mongolia,45,CN,20,NM,CN-NM,autonomous region,1,,,43.2443242,114.3251664,Asia/Shanghai,2019-10-05 21:48:47,2025-08-07 19:58:38,1,Q41079
2270,Qinghai,45,CN,06,QH,CN-QH,province,1,,,36,96,Asia/Shanghai,2019-10-05 21:48:47,2025-08-07 19:58:39,1,Q45833
2271,Chongqing,45,CN,33,CQ,CN-CQ,municipality,3,,,30.05518,107.8748712,Asia/Shanghai,2019-10-05 21:48:47,2025-08-07 19:58:41,1,Q11725
2272,Shaanxi,45,CN,26,SN,CN-SN,province,1,,,35.5895959,109.3013107,Asia/Shanghai,2019-10-05 21:48:47,2025-08-07 19:58:42,1,Q47974
2273,Hainan,45,CN,31,HI,CN-HI,province,1,,,19.2000001,109.5999999,Asia/Shanghai,2019-10-05 21:48:47,2025-08-07 19:58:44,1,Q42200
2274,Hubei,45,CN,12,HB,CN-HB,province,1,,,31,112,Asia/Shanghai,2019-10-05 21:48:47,2025-08-07 19:58:46,1,Q46862
2275,Gansu,45,CN,15,GS,CN-GS,province,1,,,38.0000001,101.9999999,Asia/Shanghai,2019-10-05 21:48:47,2025-08-07 19:58:47,1,Q42392
2276,Tianjin,45,CN,28,TJ,CN-TJ,municipality,3,,,39.0844897,117.1956724,Asia/Shanghai,2021-11-27 14:49:08,2025-08-07 19:58:49,1,Q11736
2277,Sichuan,45,CN,32,SC,CN-SC,province,1,,,30.5000001,102.4999999,Asia/Shanghai,2019-10-05 21:48:47,2025-08-07 19:58:51,1,Q19770
2278,Guangxi Zhuang,45,CN,16,GX,CN-GX,autonomous region,1,,,24,109,Asia/Shanghai,2019-10-05 21:48:47,2025-08-07 19:58:53,1,Q15176
2279,Guangdong,45,CN,30,GD,CN-GD,province,1,,,23.1357694,113.1982688,Asia/Shanghai,2019-10-05 21:48:47,2025-08-07 19:58:54,1,Q15175
2280,Hebei,45,CN,10,HE,CN-HE,province,1,,,39.0000001,116,Asia/Shanghai,2019-10-05 21:48:47,2025-08-07 19:58:56,1,Q21208
2281,South,121,LB,06,JA,LB-JA,governorate,2,,,34.4115339,-81.204814,America/New_York,2019-10-05 21:48:47,2025-08-07 19:58:58,1,Q223643
2282,Mount Lebanon,121,LB,05,JL,LB-JL,governorate,2,,,34.29,36.092,Asia/Beirut,2019-10-05 21:48:47,2025-08-07 19:58:59,1,Q216945
2283,Baalbek-Hermel,121,LB,11,BH,LB-BH,governorate,2,,,34.168333,36.3134617,Asia/Beirut,2019-10-05 21:48:47,2025-08-07 19:59:01,1,Q787753
2284,North,121,LB,09,AS,LB-AS,governorate,2,,,34.29,36.092,Asia/Beirut,2019-10-05 21:48:47,2025-08-07 19:59:03,1,Q390267
2285,Akkar,121,LB,10,AK,LB-AK,governorate,2,,,34.5555009,36.2016453,Asia/Beirut,2019-10-05 21:48:47,2025-08-07 19:59:05,1,Q556146
2286,Beirut,121,LB,04,BA,LB-BA,governorate,2,,,33.8886106,35.4954772,Asia/Beirut,2019-10-05 21:48:47,2025-08-07 19:59:07,1,Q651688
2287,Beqaa,121,LB,08,BI,LB-BI,governorate,2,,,33.6746204,35.8333757,Asia/Beirut,2019-10-05 21:48:47,2025-08-07 19:59:08,1,Q319632
2288,Nabatieh,121,LB,07,NA,LB-NA,governorate,2,,,33.3771693,35.4838293,Asia/Beirut,2019-10-05 21:48:47,2025-08-07 19:59:10,1,Q458417
2289,Isle of Wight,232,GB,G2,IOW,GB-IOW,unitary authority,2,2336,,50.6710482,-1.3327111,Europe/London,2019-10-05 21:48:47,2025-08-07 19:59:12,1,Q9679
2290,St Helens,232,GB,N1,SHN,GB-SHN,metropolitan district,2,2336,,53.4535471,-2.7343231,Europe/London,2019-10-05 21:48:47,2025-08-07 19:59:14,1,Q179206
2291,Brent,232,GB,B5,BEN,GB-BEN,london borough,2,2336,,52.0188918,-0.7235039,Europe/London,2019-10-05 21:48:47,2025-08-07 19:59:15,1,Q207201
2292,Walsall,232,GB,O8,WLL,GB-WLL,metropolitan district,2,2336,,52.586214,-1.982919,Europe/London,2019-10-05 21:48:47,2025-08-07 19:59:17,1,Q178356
2293,Trafford,232,GB,O6,TRF,GB-TRF,metropolitan district,2,2336,,53.418936,-2.3592972,Europe/London,2019-10-05 21:48:47,2025-08-07 19:59:19,1,Q915954
2294,City of Southampton,232,GB,O6,STH,GB-STH,unitary authority,2,2336,,50.9001878,-1.4139557,Europe/London,2019-10-05 21:48:47,2025-08-07 19:59:20,1,Q21683230
2295,Sheffield,232,GB,O6,SHF,GB-SHF,unitary authority,2,2336,,53.3806626,-1.4702278,Europe/London,2019-10-05 21:48:47,2025-08-07 19:59:22,1,Q12956644
2296,West Sussex,232,GB,P6,WSX,GB-WSX,two-tier county,2,2336,,50.9445845,-0.5278477,Europe/London,2019-10-05 21:48:47,2025-08-07 19:59:24,1,Q23287
2297,Peterborough,232,GB,P6,PTE,GB-PTE,unitary authority,2,2336,,52.5725769,-0.2427336,Europe/London,2019-10-05 21:48:47,2025-08-07 19:59:26,1,Q12956645
2298,Caerphilly,232,GB,X4,CAY,GB-CAY,unitary authority,2,2338,,51.6723809,-3.1783938,Europe/London,2019-10-05 21:48:47,2025-08-07 20:12:00,1,Q748065
2299,Vale of Glamorgan,232,GB,Z3,VGL,GB-VGL,unitary authority,2,2338,,51.4470646,-3.3988831,Europe/London,2019-10-05 21:48:47,2025-08-07 20:12:02,1,Q844784
2300,Shetland Islands,232,GB,W3,ZET,GB-ZET,council area,2,2335,,60.333333,-1.333333,Europe/London,2019-10-05 21:48:47,2025-08-07 20:12:04,1,Q47134
2301,Rhondda Cynon Taf,232,GB,Y9,RCT,GB-RCT,unitary authority,2,2338,,51.6651636,-3.4577558,Europe/London,2019-10-05 21:48:47,2025-08-07 20:12:05,1,Q817960
2302,Poole,232,GB,Y9,POL,GB-POL,unitary authority,2,2336,,50.71505,-1.987248,Europe/London,2019-10-05 21:48:47,2025-08-07 20:12:07,1,Q21683234
2303,Central Bedfordshire,232,GB,Y9,CBF,GB-CBF,unitary authority,2,2336,,51.9980328,-0.4791514,Europe/London,2019-10-05 21:48:47,2025-08-07 20:12:09,1,Q1053723
2304,Down District Council,232,GB,R9,DOW,GB-DOW,unitary authority,2,2336,,54.1662565,-6.0856761,Europe/London,2019-10-05 21:48:47,2025-08-07 20:12:11,1,Q1198492
2305,Portsmouth,232,GB,R9,POR,GB-POR,unitary authority,2,2336,,50.800031,-1.0906023,Europe/London,2019-10-05 21:48:47,2025-08-07 20:12:12,1,Q21683233
2306,Haringey,232,GB,F3,HRY,GB-HRY,london borough,2,2336,,51.5906113,-0.1109709,Europe/London,2019-10-05 21:48:47,2025-08-07 20:12:14,1,Q213560
2307,Bexley,232,GB,A6,BEX,GB-BEX,london borough,2,2336,,51.4402375,0.1479494,Europe/London,2019-10-05 21:48:47,2025-08-07 20:12:16,1,Q207208
2308,Rotherham,232,GB,L3,ROT,GB-ROT,metropolitan district,2,2336,,53.4326035,-1.3635009,Europe/London,2019-10-05 21:48:47,2025-08-07 20:12:18,1,Q1878732
2309,Hartlepool,232,GB,F5,HPL,GB-HPL,unitary authority,2,2336,,54.691745,-1.212926,Europe/London,2019-10-05 21:48:47,2025-08-07 20:12:19,1,Q2594690
2310,Telford and Wrekin,232,GB,O2,TFW,GB-TFW,unitary authority,2,2336,,52.7214452,-2.5008624,Europe/London,2019-10-05 21:48:47,2025-08-07 20:12:21,1,Q1425298
2311,Belfast,232,GB,R3,BFS,GB-BFS,district,2,2337,,54.5975804,-5.9277097,Europe/London,2019-10-05 21:48:47,2025-08-07 20:12:23,1,Q1140130
2312,Cornwall,232,GB,C6,CON,GB-CON,unitary authority,2,2336,,50.4433489,-4.6246566,Europe/London,2019-10-05 21:48:47,2025-08-07 20:12:24,1,Q22338583
2313,Sutton,232,GB,N8,STN,GB-STN,london borough,2,2336,,51.3573762,-0.1752796,Europe/London,2019-10-05 21:48:47,2025-08-07 20:12:26,1,Q320378
2314,Omagh,232,GB,T3,OMH,GB-OMH,district council,3,2337,,54.5992486,-7.3029907,Europe/London,2019-10-05 21:48:47,2025-08-07 20:12:28,1,Q505691
2315,Banbridge,232,GB,R2,BNB,GB-BNB,unitary authority,2,2336,,54.348729,-6.2704803,Europe/London,2019-10-05 21:48:47,2025-08-07 20:12:29,1,Q806141
2316,Causeway Coast and Glens,232,GB,R2,CCG,GB-CCG,district,2,2337,,55.0361298,-6.5909449,Europe/London,2019-10-05 21:48:47,2025-08-07 20:12:31,1,Q5054638
2317,Newtownabbey,232,GB,T1,NTA,GB-NTA,borough council,3,2336,,54.6778816,-5.9249199,Europe/London,2019-10-05 21:48:47,2025-08-07 20:12:33,1,Q1198475
2318,Leicester,232,GB,T1,LCE,GB-LCE,unitary authority,2,2336,,52.6368778,-1.1397592,Europe/London,2019-10-05 21:48:47,2025-08-07 20:12:35,1,Q21683242
2319,Islington,232,GB,G3,ISL,GB-ISL,london borough,2,2336,,51.5465063,-0.1058058,Europe/London,2019-10-05 21:48:47,2025-08-07 20:12:36,1,Q205817
2320,Wigan,232,GB,P7,WGN,GB-WGN,metropolitan district,2,2336,,53.5457188,-2.6264624,Europe/London,2019-10-05 21:48:47,2025-08-07 20:12:38,1,Q684307
2321,Oxfordshire,232,GB,K2,OXF,GB-OXF,two-tier county,2,2336,,51.833333,-1.25,Europe/London,2019-10-05 21:48:47,2025-08-07 20:12:39,1,Q23169
2322,Magherafelt,232,GB,S7,MFT,GB-MFT,district council,3,2337,,54.7553279,-6.6077487,Europe/London,2019-10-05 21:48:47,2025-08-07 20:12:41,1,Q1198482
2323,Southend-on-Sea,232,GB,M5,SOS,GB-SOS,unitary authority,2,2336,,51.5459269,0.7077123,Europe/London,2019-10-05 21:48:47,2025-08-07 20:12:42,1,Q203995
2324,"Armagh, Banbridge and Craigavon",232,GB,M5,ABC,GB-ABC,district,2,2337,,54.3161085,-6.7189182,Europe/London,2019-10-05 21:48:47,2025-08-07 20:12:44,1,Q4792580
2325,Perth and Kinross,232,GB,W1,PKN,GB-PKN,council area,2,2335,,56.5,-3.75,Europe/London,2019-10-05 21:48:47,2025-08-07 20:12:46,1,Q207679
2326,Waltham Forest,232,GB,O9,WFT,GB-WFT,london borough,2,2336,,51.5982633,-0.0177388,Europe/London,2019-10-05 21:48:47,2025-08-07 20:12:48,1,Q40608
2327,Rochdale,232,GB,L2,RCH,GB-RCH,metropolitan district,2,2336,,53.6097136,-2.1561,Europe/London,2019-10-05 21:48:47,2025-08-07 20:12:50,1,Q1892596
2328,Merthyr Tydfil,232,GB,Y3,MTY,GB-MTY,unitary authority,2,2338,,51.7467474,-3.3813275,Europe/London,2019-10-05 21:48:47,2025-08-07 20:12:51,1,Q3306663
2329,Blackburn with Darwen,232,GB,A8,BBD,GB-BBD,unitary authority,2,2336,,53.6957522,-2.4682985,Europe/London,2019-10-05 21:48:47,2025-08-07 20:12:53,1,Q880782
2330,Knowsley,232,GB,G9,KWL,GB-KWL,metropolitan district,2,2336,,53.454594,-2.852907,Europe/London,2019-10-05 21:48:47,2025-08-07 20:12:55,1,Q1228523
2331,Armagh,232,GB,Q8,ARM,GB-ARM,district council,3,2337,,54.2994832,-6.5474328,Europe/London,2019-10-05 21:48:47,2025-08-07 20:12:56,1,Q676704
2332,Middlesbrough,232,GB,I5,MDB,GB-MDB,unitary authority,2,2336,,54.574227,-1.234956,Europe/London,2019-10-05 21:48:47,2025-08-07 20:12:58,1,Q171866
2333,East Renfrewshire,232,GB,U7,ERW,GB-ERW,council area,2,2335,,55.7494793,-4.3606592,Europe/London,2019-10-05 21:48:47,2025-08-07 20:13:00,1,Q211925
2334,Cumbria,232,GB,C9,CMA,GB-CMA,two-tier county,2,2336,,54.6143136,-2.9420899,Europe/London,2019-10-05 21:48:47,2025-08-07 20:13:01,1,Q23066
2335,Scotland,232,GB,SCT,SCT,GB-SCT,country,1,,,56.7861112,-4.1140518,Europe/London,2019-10-05 21:48:47,2025-08-07 20:13:03,1,Q22
2336,England,232,GB,ENG,ENG,GB-ENG,country,1,,,52.5310214,-1.2649062,Europe/London,2019-10-05 21:48:47,2025-08-07 20:13:05,1,Q21
2337,Northern Ireland,232,GB,NIR,NIR,GB-NIR,province,1,,,54.5859836,-6.9591554,Europe/London,2019-10-05 21:48:47,2025-08-07 20:13:07,1,Q26
2338,Wales,232,GB,WLS,WLS,GB-WLS,unitary authority,2,,,52.2928116,-3.73893,Europe/London,2019-10-05 21:48:47,2025-08-07 20:13:08,1,Q25
2339,Bath and North East Somerset,232,GB,A4,BAS,GB-BAS,unitary authority,2,2336,,51.3563238,-2.4866614,Europe/London,2019-10-05 21:48:47,2025-08-07 20:13:10,1,Q810793
2340,Liverpool,232,GB,A4,LIV,GB-LIV,metropolitan district,2,2336,,53.4071991,-2.99168,Europe/London,2019-10-05 21:48:47,2025-08-07 20:13:12,1,Q21665571
2341,Sandwell,232,GB,L7,SAW,GB-SAW,metropolitan district,2,2336,,52.5148466,-2.0134889,Europe/London,2019-10-05 21:48:47,2025-08-07 20:13:13,1,Q285964
2342,Bournemouth,232,GB,L7,BMH,GB-BMH,unitary authority,2,2336,,50.719164,-1.880769,Europe/London,2019-10-05 21:48:47,2025-08-07 20:13:15,1,Q20989094
2343,Isles of Scilly,232,GB,L7,IOS,GB-IOS,unitary authority,2,2336,,49.9203409,-6.2928791,Europe/London,2019-10-05 21:48:47,2025-08-07 20:13:16,1,Q180209
2344,Falkirk,232,GB,U9,FAL,GB-FAL,council area,2,2335,,56.0018775,-3.7839131,Europe/London,2019-10-05 21:48:47,2025-08-07 20:13:18,1,Q216802
2345,Dorset,232,GB,U9,DOR,GB-DOR,two-tier county,2,2336,,50.7487635,-2.3444786,Europe/London,2019-10-05 21:48:47,2025-08-07 20:13:19,1,Q21694711
2346,Scottish Borders,232,GB,T9,SCB,GB-SCB,council area,2,2335,,55.583333,-2.833333,Europe/London,2019-10-05 21:48:47,2025-08-07 20:13:21,1,Q211113
2347,Havering,232,GB,F6,HAV,GB-HAV,london borough,2,2336,,51.5579262,0.2498128,Europe/London,2019-10-05 21:48:47,2025-08-07 20:13:23,1,Q215038
2348,Moyle,232,GB,S8,MYL,GB-MYL,district council,3,2337,,54.7112935,-7.3590265,Europe/London,2019-10-05 21:48:47,2025-08-07 20:13:25,1,Q1198496
2349,Camden,232,GB,C4,CMD,GB-CMD,london borough,2,2336,,51.5454736,-0.1627902,Europe/London,2019-10-05 21:48:47,2025-08-07 20:13:26,1,Q202088
2350,Newry and Mourne,232,GB,S9,NYM,GB-NYM,district council,3,2337,,54.1742505,-6.3391992,Europe/London,2019-10-05 21:48:47,2025-08-07 20:13:28,1,Q606825
2351,Neath Port Talbot,232,GB,Y5,NTL,GB-NTL,unitary authority,2,2338,,51.6689557,-3.7218179,Europe/London,2019-10-05 21:48:47,2025-08-07 20:13:30,1,Q748078
2352,Conwy,232,GB,X8,CWY,GB-CWY,unitary authority,2,2338,,53.2811822,-3.8287012,Europe/London,2019-10-05 21:48:47,2025-08-07 20:13:32,1,Q817971
2353,Outer Hebrides,232,GB,W8,ELS,GB-ELS,council area,2,2335,,57.666667,-7.166667,Europe/London,2019-10-05 21:48:47,2025-08-07 20:13:33,1,Q80967
2354,West Lothian,232,GB,W9,WLN,GB-WLN,council area,2,2335,,55.916667,-3.5,Europe/London,2019-10-05 21:48:47,2025-08-07 20:13:35,1,Q204940
2355,Lincolnshire,232,GB,W9,LIN,GB-LIN,two-tier county,2,2336,,53.1282267,-0.1901974,Europe/London,2019-10-05 21:48:47,2025-08-07 20:13:36,1,Q21269047
2356,Barking and Dagenham,232,GB,A1,BDG,GB-BDG,london borough,2,2336,,51.5541171,0.1505051,Europe/London,2019-10-05 21:48:47,2025-08-07 20:13:38,1,Q205358
2357,Westminster,232,GB,P5,WSM,GB-WSM,london borough,2,2336,,51.4973206,-0.137149,Europe/London,2019-10-05 21:48:47,2025-08-07 20:13:40,1,Q179351
2358,Lewisham,232,GB,H6,LEW,GB-LEW,london borough,2,2336,,51.4535207,-0.0124751,Europe/London,2019-10-05 21:48:47,2025-08-07 20:13:42,1,Q215030
2359,Nottingham,232,GB,H6,NGM,GB-NGM,unitary authority,2,2336,,52.9547832,-1.1581086,Europe/London,2019-10-05 21:48:47,2025-08-07 20:13:43,1,Q21885994
2360,Moray,232,GB,V6,MRY,GB-MRY,council area,2,2335,,57.416667,-3.25,Europe/London,2019-10-05 21:48:47,2025-08-07 20:13:45,1,Q211106
2361,Ballymoney,232,GB,R1,BLY,GB-BLY,unitary authority,2,2336,,55.0704888,-6.5173708,Europe/London,2019-10-05 21:48:47,2025-08-07 20:13:46,1,Q805427
2362,South Lanarkshire,232,GB,W5,SLK,GB-SLK,council area,2,2335,,55.5831634,-3.8332212,Europe/London,2019-10-05 21:48:47,2025-08-07 20:13:48,1,Q209142
2363,Ballymena,232,GB,Q9,BLA,GB-BLA,borough council,3,2336,,54.86426,-6.2791074,Europe/London,2019-10-05 21:48:47,2025-08-07 20:13:50,1,Q805424
2364,Doncaster,232,GB,D5,DNC,GB-DNC,metropolitan district,2,2336,,53.52282,-1.128462,Europe/London,2019-10-05 21:48:47,2025-08-07 20:13:52,1,Q1925846
2365,Northumberland,232,GB,J6,NBL,GB-NBL,unitary authority,2,2336,,55.25,-2.000559,Europe/London,2019-10-05 21:48:47,2025-08-07 20:13:53,1,Q23079
2366,Fermanagh and Omagh,232,GB,J6,FMO,GB-FMO,district,2,2337,,54.3558863,-7.5936636,Europe/London,2019-10-05 21:48:47,2025-08-07 20:13:55,1,Q5444365
2367,Tameside,232,GB,O1,TAM,GB-TAM,metropolitan district,2,2336,,53.4805828,-2.0809891,Europe/London,2019-10-05 21:48:47,2025-08-07 20:13:57,1,Q1423078
2368,Kensington and Chelsea,232,GB,G4,KEC,GB-KEC,london borough,2,2336,,51.4990805,-0.1938253,Europe/London,2019-10-05 21:48:47,2025-08-07 20:13:59,1,Q188801
2369,Hertfordshire,232,GB,F8,HRT,GB-HRT,two-tier county,2,2336,,51.8400523,-0.0978552,Europe/London,2019-10-05 21:48:47,2025-08-07 20:14:00,1,Q3410
2370,East Riding of Yorkshire,232,GB,F8,ERY,GB-ERY,unitary authority,2,2336,,53.8735965,-0.5347788,Europe/London,2019-10-05 21:48:47,2025-08-07 20:14:02,1,Q21695028
2371,Kirklees,232,GB,G8,KIR,GB-KIR,metropolitan district,2,2336,,53.6422635,-1.7809433,Europe/London,2019-10-05 21:48:47,2025-08-07 20:14:04,1,Q918975
2372,Sunderland,232,GB,N6,SND,GB-SND,metropolitan district,2,2336,,54.9058512,-1.3828727,Europe/London,2019-10-05 21:48:47,2025-08-07 20:14:06,1,Q1280897
2373,Gloucestershire,232,GB,N6,GLS,GB-GLS,two-tier county,2,2336,,51.8333313,-2.1666674,Europe/London,2019-10-05 21:48:47,2025-08-07 20:14:07,1,Q21694733
2374,East Ayrshire,232,GB,U4,EAY,GB-EAY,council area,2,2335,,55.5,-4.25,Europe/London,2019-10-05 21:48:47,2025-08-07 20:14:09,1,Q209135
2375,United Kingdom,232,GB,UK,UKM,GB-UKM,unitary authority,2,2336,,54.7023545,-3.2765753,Europe/London,2019-10-05 21:48:47,2025-08-07 20:14:11,1,Q145
2376,Hillingdon,232,GB,F9,HIL,GB-HIL,london borough,2,2336,,51.5351832,-0.4481378,Europe/London,2019-10-05 21:48:47,2025-08-07 20:14:12,1,Q205690
2377,South Ayrshire,232,GB,W4,SAY,GB-SAY,council area,2,2335,,55.299818,-4.6459884,Europe/London,2019-10-05 21:48:47,2025-08-07 20:14:14,1,Q209131
2378,Ascension Island,232,GB,01,SH-AC,GB-SH-AC,unitary authority,2,2336,,-7.9467166,-14.3559158,Atlantic/St_Helena,2019-10-05 21:48:47,2025-08-07 20:14:16,1,Q46197
2379,Gwynedd,232,GB,Y2,GWN,GB-GWN,unitary authority,2,2338,,52.9089585,-3.8335244,Europe/London,2019-10-05 21:48:47,2025-08-07 20:14:18,1,Q109128
2380,Hounslow,232,GB,G1,HNS,GB-HNS,london borough,2,2336,,51.4617334,-0.380131,Europe/London,2019-10-05 21:48:47,2025-08-07 20:14:19,1,Q214162
2381,Medway,232,GB,I3,MDW,GB-MDW,unitary authority,2,2336,,51.4157386,0.5687309,Europe/London,2019-10-05 21:48:47,2025-08-07 20:14:21,1,Q797782
2382,Limavady,232,GB,S4,LMV,GB-LMV,borough council,3,2336,,55.051682,-6.9491944,Europe/London,2019-10-05 21:48:47,2025-08-07 20:14:23,1,Q1198505
2383,Highland,232,GB,V3,HLD,GB-HLD,council area,2,2335,,57.5066357,-5.0038367,Europe/London,2019-10-05 21:48:47,2025-08-07 20:14:24,1,Q208279
2384,North East Lincolnshire,232,GB,J2,NEL,GB-NEL,unitary authority,2,2336,,53.5368033,-0.093681,Europe/London,2019-10-05 21:48:47,2025-08-07 20:14:26,1,Q1342914
2385,Harrow,232,GB,F4,HRW,GB-HRW,london borough,2,2336,,51.5881627,-0.3422851,Europe/London,2019-10-05 21:48:47,2025-08-07 20:14:28,1,Q210476
2386,Somerset,232,GB,F4,SOM,GB-SOM,two-tier county,2,2336,,51.083333,-3,Europe/London,2019-10-05 21:48:47,2025-08-07 20:14:29,1,Q21694741
2387,Angus,232,GB,T7,ANS,GB-ANS,council area,2,2335,,56.666667,-2.916667,Europe/London,2019-10-05 21:48:47,2025-08-07 20:14:31,1,Q202177
2388,Inverclyde,232,GB,V4,IVC,GB-IVC,council area,2,2335,,55.9,-4.75,Europe/London,2019-10-05 21:48:47,2025-08-07 20:14:33,1,Q208271
2389,Darlington,232,GB,D1,DAL,GB-DAL,unitary authority,2,2336,,54.5352564,-1.552943,Europe/London,2019-10-05 21:48:47,2025-08-07 20:14:35,1,Q1171024
2390,Tower Hamlets,232,GB,O5,TWH,GB-TWH,london borough,2,2336,,51.1288633,1.2986686,Europe/London,2019-10-05 21:48:47,2025-08-07 20:14:36,1,Q208152
2391,Wiltshire,232,GB,P8,WIL,GB-WIL,unitary authority,2,2336,,51.324162,-1.9032487,Europe/London,2019-10-05 21:48:47,2025-08-07 20:14:38,1,Q21694746
2392,Argyll and Bute,232,GB,T8,AGB,GB-AGB,council area,2,2335,,56.4603494,-5.8618419,Europe/London,2019-10-05 21:48:47,2025-08-07 20:14:39,1,Q202174
2393,Strabane,232,GB,T4,STB,GB-STB,district council,3,2337,,54.8273865,-7.4633103,Europe/London,2019-10-05 21:48:47,2025-08-07 20:14:41,1,Q1198500
2394,Stockport,232,GB,N2,SKP,GB-SKP,metropolitan district,2,2336,,53.4106316,-2.1575332,Europe/London,2019-10-05 21:48:47,2025-08-07 20:14:42,1,Q1752424
2395,Brighton and Hove,232,GB,B6,BNH,GB-BNH,unitary authority,2,2336,,50.8453169,-0.1497469,Europe/London,2019-10-05 21:48:47,2025-08-07 20:14:44,1,Q1022488
2396,Lambeth,232,GB,H1,LBH,GB-LBH,london borough,2,2336,,51.4952111,-0.1163354,Europe/London,2019-10-05 21:48:47,2025-08-07 20:14:46,1,Q202059
2397,Redbridge,232,GB,K8,RDB,GB-RDB,london borough,2,2336,,51.5765828,0.0453401,Europe/London,2019-10-05 21:48:47,2025-08-07 20:14:48,1,Q208955
2398,Manchester,232,GB,K8,MAN,GB-MAN,metropolitan district,2,2336,,53.4807593,-2.2426305,Europe/London,2019-10-05 21:48:47,2025-08-07 20:14:49,1,Q21525592
2399,Mid Ulster,232,GB,K8,MUL,GB-MUL,district,2,2337,,54.6385573,-6.692581,Europe/London,2019-10-05 21:48:47,2025-08-07 20:14:51,1,Q6840825
2400,South Gloucestershire,232,GB,M6,SGC,GB-SGC,unitary authority,2,2336,,51.5491916,-2.4809528,Europe/London,2019-10-05 21:48:47,2025-08-07 20:14:52,1,Q1369280
2401,Aberdeenshire,232,GB,T6,ABD,GB-ABD,council area,2,2335,,57.166667,-2.666667,Europe/London,2019-10-05 21:48:47,2025-08-07 20:14:54,1,Q189912
2402,Monmouthshire,232,GB,Y4,MON,GB-MON,unitary authority,2,2338,,51.7501058,-2.8333331,Europe/London,2019-10-05 21:48:47,2025-08-07 20:14:56,1,Q207176
2403,Derbyshire,232,GB,Y4,DBY,GB-DBY,two-tier county,2,2336,,53.1185033,-1.5566179,Europe/London,2019-10-05 21:48:47,2025-08-07 20:14:58,1,Q11775003
2404,Glasgow,232,GB,V2,GLG,GB-GLG,council area,2,2335,,55.864237,-4.251806,Europe/London,2019-10-05 21:48:47,2025-08-07 20:14:59,1,Q4093
2405,Buckinghamshire,232,GB,V2,BKM,GB-BKM,unitary authority,2,2336,,51.7834994,-0.8946441,Europe/London,2019-10-05 21:48:47,2025-08-07 20:15:01,1,Q21694636
2406,Durham,232,GB,D8,DUR,GB-DUR,unitary authority,2,2336,,54.666667,-1.75,Europe/London,2019-10-05 21:48:47,2025-08-07 20:15:03,1,Q1137286
2407,Shropshire,232,GB,D8,SHR,GB-SHR,unitary authority,2,2336,,52.6523393,-2.7958679,Europe/London,2019-10-05 21:48:47,2025-08-07 20:15:05,1,Q21694759
2408,Wirral,232,GB,Q1,WRL,GB-WRL,metropolitan district,2,2336,,53.3409714,-3.0500916,Europe/London,2019-10-05 21:48:47,2025-08-07 20:15:06,1,Q11365639
2409,South Tyneside,232,GB,M7,STY,GB-STY,metropolitan district,2,2336,,54.9636693,-1.4418634,Europe/London,2019-10-05 21:48:47,2025-08-07 20:15:08,1,Q1541228
2410,Essex,232,GB,M7,ESS,GB-ESS,two-tier county,2,2336,,51.7704679,0.4646698,Europe/London,2019-10-05 21:48:47,2025-08-07 20:15:10,1,Q21272241
2411,Hackney,232,GB,E8,HCK,GB-HCK,london borough,2,2336,,51.5488819,-0.0476691,Europe/London,2019-10-05 21:48:47,2025-08-07 20:15:11,1,Q205679
2412,Antrim and Newtownabbey,232,GB,E8,ANN,GB-ANN,district,2,2337,,54.6897136,-6.1710612,Europe/London,2019-10-05 21:48:47,2025-08-07 20:15:13,1,Q4777347
2413,Bristol,232,GB,E8,BST,GB-BST,unitary authority,2,2336,,51.4538022,-2.5972985,Europe/London,2019-10-05 21:48:47,2025-08-07 20:15:15,1,Q21693433
2414,East Sussex,232,GB,E8,ESX,GB-ESX,two-tier county,2,2336,,50.9404266,0.3699978,Europe/London,2019-10-05 21:48:47,2025-08-07 20:15:16,1,Q21694646
2415,Dumfries and Galloway,232,GB,U2,DGY,GB-DGY,council area,2,2335,,55.083333,-3.833333,Europe/London,2019-10-05 21:48:47,2025-08-07 20:15:18,1,Q126514
2416,Milton Keynes,232,GB,I6,MIK,GB-MIK,unitary authority,2,2336,,52.0406502,-0.7594092,Europe/London,2019-10-05 21:48:47,2025-08-07 20:15:19,1,Q894090
2417,Derry,232,GB,S6,DRY,GB-DRY,unitary authority,2,2336,,54.9978678,-7.3213056,Europe/London,2019-10-05 21:48:47,2025-08-07 20:15:21,1,Q1200370
2418,Newham,232,GB,I8,NWM,GB-NWM,london borough,2,2336,,51.5255162,0.0352163,Europe/London,2019-10-05 21:48:47,2025-08-07 20:15:23,1,Q208139
2419,Wokingham,232,GB,Q2,WOK,GB-WOK,unitary authority,2,2336,,51.410457,-0.833861,Europe/London,2019-10-05 21:48:47,2025-08-07 20:15:24,1,Q1758432
2420,Warrington,232,GB,Q2,WRT,GB-WRT,unitary authority,2,2336,,53.3899497,-2.5943178,Europe/London,2019-10-05 21:48:47,2025-08-07 20:15:26,1,Q894095
2421,Stockton-on-Tees,232,GB,N3,STT,GB-STT,unitary authority,2,2336,,54.564094,-1.3129164,Europe/London,2019-10-05 21:48:47,2025-08-07 20:15:28,1,Q894094
2422,Swindon,232,GB,N9,SWD,GB-SWD,unitary authority,2,2336,,51.5557739,-1.7797176,Europe/London,2019-10-05 21:48:47,2025-08-07 20:15:30,1,Q894093
2423,Cambridgeshire,232,GB,N9,CAM,GB-CAM,two-tier county,2,2336,,52.333333,0.083333,Europe/London,2019-10-05 21:48:47,2025-08-07 20:15:31,1,Q21272276
2424,London,232,GB,H9,LND,GB-LND,city,2,2336,,51.5123443,-0.0909852,Europe/London,2019-10-05 21:48:47,2025-08-07 20:15:33,1,Q23311
2425,Birmingham,232,GB,H9,BIR,GB-BIR,metropolitan district,2,2336,,52.4796992,-1.9026911,Europe/London,2019-10-05 21:48:47,2025-08-07 20:15:35,1,Q20986424
2426,York,232,GB,H9,YOR,GB-YOR,unitary authority,2,2336,,53.9599651,-1.0872979,Europe/London,2019-10-05 21:48:47,2025-08-07 20:15:37,1,Q20986421
2427,Slough,232,GB,H9,SLG,GB-SLG,unitary authority,2,2336,,51.5105384,-0.5950406,Europe/London,2019-10-05 21:48:47,2025-08-07 20:15:38,1,Q21163036
2428,Edinburgh,232,GB,U8,EDH,GB-EDH,council area,2,2335,,55.953252,-3.188267,Europe/London,2019-10-05 21:48:47,2025-08-07 20:15:40,1,Q23436
2429,Mid and East Antrim,232,GB,U8,MEA,GB-MEA,district,2,2337,,54.8725745,-6.150246,Europe/London,2019-10-05 21:48:47,2025-08-07 20:15:41,1,Q6841059
2430,North Somerset,232,GB,J4,NSM,GB-NSM,unitary authority,2,2336,,51.3966305,-2.7691289,Europe/London,2019-10-05 21:48:47,2025-08-07 20:15:43,1,Q178196
2431,Gateshead,232,GB,E5,GAT,GB-GAT,metropolitan district,2,2336,,54.9625789,-1.6019294,Europe/London,2019-10-05 21:48:47,2025-08-07 20:15:45,1,Q929034
2432,Southwark,232,GB,M8,SWK,GB-SWK,london borough,2,2336,,51.4652545,-0.0690186,Europe/London,2019-10-05 21:48:47,2025-08-07 20:15:47,1,Q730706
2433,Swansea,232,GB,Z1,SWA,GB-SWA,unitary authority,2,2338,,51.62144,-3.943646,Europe/London,2019-10-05 21:48:47,2025-08-07 20:15:48,1,Q10996863
2434,Wandsworth,232,GB,P1,WND,GB-WND,london borough,2,2336,,51.4568274,-0.1896638,Europe/London,2019-10-05 21:48:47,2025-08-07 20:15:50,1,Q210563
2435,Hampshire,232,GB,P1,HAM,GB-HAM,two-tier county,2,2336,,51.0449814,-1.2433133,Europe/London,2019-10-05 21:48:47,2025-08-07 20:15:52,1,Q21694653
2436,Wrexham,232,GB,Z4,WRX,GB-WRX,unitary authority,2,2338,,53.0465084,-2.9937869,Europe/London,2019-10-05 21:48:47,2025-08-07 20:15:53,1,Q843868
2437,Flintshire,232,GB,Y1,FLN,GB-FLN,unitary authority,2,2338,,53.2165096,-3.1402189,Europe/London,2019-10-05 21:48:47,2025-08-07 20:15:55,1,Q505610
2438,Coventry,232,GB,Y1,COV,GB-COV,metropolitan district,2,2336,,52.406822,-1.519693,Europe/London,2019-10-05 21:48:47,2025-08-07 20:15:57,1,Q20986417
2439,Carrickfergus,232,GB,R4,CKF,GB-CKF,borough council,3,2336,,54.7152785,-5.8067526,Europe/London,2019-10-05 21:48:47,2025-08-07 20:15:59,1,Q1045012
2440,West Dunbartonshire,232,GB,W7,WDU,GB-WDU,council area,2,2335,,55.966667,-4.533333,Europe/London,2019-10-05 21:48:47,2025-08-07 20:16:00,1,Q208121
2441,Powys,232,GB,Y8,POW,GB-POW,unitary authority,2,2338,,52.3271499,-3.3553352,Europe/London,2019-10-05 21:48:47,2025-08-07 20:16:02,1,Q156150
2442,Cheshire West and Chester,232,GB,Y8,CHW,GB-CHW,unitary authority,2,2336,,53.1637979,-2.7285361,Europe/London,2019-10-05 21:48:47,2025-08-07 20:16:03,1,Q1070591
2443,Renfrewshire,232,GB,W2,RFW,GB-RFW,council area,2,2335,,55.833333,-4.5,Europe/London,2019-10-05 21:48:47,2025-08-07 20:16:05,1,Q211091
2444,Cheshire East,232,GB,W2,CHE,GB-CHE,unitary authority,2,2336,,53.1673422,-2.2928803,Europe/London,2019-10-05 21:48:47,2025-08-07 20:16:07,1,Q1070590
2445,Cookstown,232,GB,R7,CKT,GB-CKT,district council,3,2337,,54.6418158,-6.7443895,Europe/London,2019-10-05 21:48:47,2025-08-07 20:16:09,1,Q1129644
2446,Derry City and Strabane,232,GB,R7,DRS,GB-DRS,district,2,2337,,55.0047443,-7.3209222,Europe/London,2019-10-05 21:48:47,2025-08-07 20:16:10,1,Q15213714
2447,Staffordshire,232,GB,R7,STS,GB-STS,two-tier county,2,2336,,52.8246942,-2.0074547,Europe/London,2019-10-05 21:48:47,2025-08-07 20:16:12,1,Q21694786
2448,Hammersmith and Fulham,232,GB,F1,HMF,GB-HMF,london borough,2,2336,,51.4990156,-0.22915,Europe/London,2019-10-05 21:48:47,2025-08-07 20:16:13,1,Q40478
2449,Craigavon,232,GB,R8,CGV,GB-CGV,borough council,3,2336,,54.4507201,-6.3921622,Europe/London,2019-10-05 21:48:47,2025-08-07 20:16:15,1,Q427201
2450,Clackmannanshire,232,GB,U1,CLK,GB-CLK,council area,2,2335,,56.166395,-3.7513968,Europe/London,2019-10-05 21:48:47,2025-08-07 20:16:16,1,Q207268
2451,Blackpool,232,GB,A9,BPL,GB-BPL,unitary authority,2,2336,,53.8175053,-3.0356748,Europe/London,2019-10-05 21:48:47,2025-08-07 20:16:18,1,Q170377
2452,Bridgend,232,GB,X3,BGE,GB-BGE,borough council,3,2336,,51.5083199,-3.5812075,Europe/London,2019-10-05 21:48:47,2025-08-07 20:16:20,1,Q697126
2453,North Lincolnshire,232,GB,J3,NLN,GB-NLN,unitary authority,2,2336,,53.5897441,-0.602323,Europe/London,2019-10-05 21:48:47,2025-08-07 20:16:21,1,Q175945
2454,East Dunbartonshire,232,GB,U5,EDU,GB-EDU,council area,2,2335,,55.933333,-4.2,Europe/London,2019-10-05 21:48:47,2025-08-07 20:16:23,1,Q211889
2455,Reading,232,GB,U5,RDG,GB-RDG,unitary authority,2,2336,,51.4514953,-0.9836342,Europe/London,2019-10-05 21:48:47,2025-08-07 20:16:25,1,Q21496716
2456,Nottinghamshire,232,GB,U5,NTT,GB-NTT,two-tier county,2,2336,,53.1459288,-1.0214971,Europe/London,2019-10-05 21:48:47,2025-08-07 20:16:26,1,Q21272736
2457,Dudley,232,GB,D7,DUD,GB-DUD,metropolitan district,2,2336,,55.0541243,-1.5949864,Europe/London,2019-10-05 21:48:47,2025-08-07 20:16:28,1,Q1617704
2458,Newcastle upon Tyne,232,GB,D7,NET,GB-NET,metropolitan district,2,2336,,54.978252,-1.61778,Europe/London,2019-10-05 21:48:47,2025-08-07 20:16:30,1,Q21012735
2459,Bury,232,GB,C1,BUR,GB-BUR,metropolitan district,2,2336,,53.5933498,-2.2966054,Europe/London,2019-10-05 21:48:47,2025-08-07 20:16:32,1,Q512036
2460,Lisburn and Castlereagh,232,GB,C1,LBC,GB-LBC,district,2,2337,,54.4974026,-6.0330739,Europe/London,2019-10-05 21:48:47,2025-08-07 20:16:33,1,Q6558667
2461,Coleraine,232,GB,R6,CLR,GB-CLR,borough council,3,2336,,55.1315912,-6.671861,Europe/London,2019-10-05 21:48:47,2025-08-07 20:16:35,1,Q991411
2462,East Lothian,232,GB,U6,ELN,GB-ELN,council area,2,2335,,55.915797,-2.7511952,Europe/London,2019-10-05 21:48:47,2025-08-07 20:16:36,1,Q207257
2463,Aberdeen,232,GB,T5,ABE,GB-ABE,council area,2,2335,,57.149717,-2.094278,Europe/London,2019-10-05 21:48:47,2025-08-07 20:16:38,1,Q36405
2464,Kent,232,GB,T5,KEN,GB-KEN,two-tier county,2,2336,,51.2070748,0.7210362,Europe/London,2019-10-05 21:48:47,2025-08-07 20:16:39,1,Q21694674
2465,Wakefield,232,GB,O7,WKF,GB-WKF,metropolitan district,2,2336,,53.6829541,-1.4967286,Europe/London,2019-10-05 21:48:47,2025-08-07 20:16:41,1,Q763171
2466,Halton,232,GB,E9,HAL,GB-HAL,unitary authority,2,2336,,55.0049099,-2.0045216,Europe/London,2019-10-05 21:48:47,2025-08-07 20:16:43,1,Q376141
2467,Suffolk,232,GB,N5,SFK,GB-SFK,two-tier county,2,2336,,52.2410014,1.0465716,Europe/London,2019-10-05 21:48:47,2025-08-07 20:16:45,1,Q23111
2468,Thurrock,232,GB,O3,THR,GB-THR,unitary authority,2,2336,,51.5080169,0.3962817,Europe/London,2019-10-05 21:48:47,2025-08-07 20:16:46,1,Q1549155
2469,Solihull,232,GB,M2,SOL,GB-SOL,metropolitan district,2,2336,,52.411811,-1.77761,Europe/London,2019-10-05 21:48:47,2025-08-07 20:16:48,1,Q1925858
2470,Bracknell Forest,232,GB,B3,BRC,GB-BRC,unitary authority,2,2336,,51.4002688,-0.7417888,Europe/London,2019-10-05 21:48:47,2025-08-07 20:16:50,1,Q896725
2471,West Berkshire,232,GB,P4,WBK,GB-WBK,unitary authority,2,2336,,51.4463134,-1.275882,Europe/London,2019-10-05 21:48:47,2025-08-07 20:16:52,1,Q1473780
2472,Rutland,232,GB,L4,RUT,GB-RUT,unitary authority,2,2336,,52.6423036,-0.6632643,Europe/London,2019-10-05 21:48:47,2025-08-07 20:16:53,1,Q23107
2473,Norfolk,232,GB,I9,NFK,GB-NFK,two-tier county,2,2336,,52.666667,1,Europe/London,2019-10-05 21:48:47,2025-08-07 20:16:55,1,Q23109
2474,Orkney Islands,232,GB,V9,ORK,GB-ORK,council area,2,2335,,58.9418231,-3.1296944,Europe/London,2019-10-05 21:48:47,2025-08-07 20:16:57,1,Q100166
2475,City of Kingston upon Hull,232,GB,V9,KHL,GB-KHL,unitary authority,2,2336,,53.7676236,-0.3274198,Europe/London,2019-10-05 21:48:47,2025-08-07 20:16:59,1,Q21885987
2476,Enfield,232,GB,E3,ENF,GB-ENF,london borough,2,2336,,51.6526384,-0.0908639,Europe/London,2019-10-05 21:48:47,2025-08-07 20:17:00,1,Q210531
2477,Oldham,232,GB,K1,OLD,GB-OLD,metropolitan district,2,2336,,53.5415797,-2.1147831,Europe/London,2019-10-05 21:48:47,2025-08-07 20:17:02,1,Q1278608
2478,Torbay,232,GB,O4,TOB,GB-TOB,unitary authority,2,2336,,50.4392329,-3.5369899,Europe/London,2019-10-05 21:48:47,2025-08-07 20:17:03,1,Q1136118
2479,Fife,232,GB,V1,FIF,GB-FIF,council area,2,2335,,56.3333331,-3.0000001,Europe/London,2019-10-05 21:48:47,2025-08-07 20:17:05,1,Q201149
2480,Northamptonshire,232,GB,J1,NTH,GB-NTH,unitary authority,2,2336,,52.25,-0.833333,Europe/London,2019-10-05 21:48:47,2025-08-07 20:17:07,1,Q23115
2481,Kingston upon Thames,232,GB,G7,KTT,GB-KTT,london borough,2,2336,,51.3817763,-0.2769933,Europe/London,2019-10-05 21:48:47,2025-08-07 20:17:08,1,Q32508
2482,Windsor and Maidenhead,232,GB,P9,WNM,GB-WNM,unitary authority,2,2336,,51.4803412,-0.6769505,Europe/London,2019-10-05 21:48:47,2025-08-07 20:17:10,1,Q1368496
2483,Merton,232,GB,I4,MRT,GB-MRT,london borough,2,2336,,51.4108698,-0.1880971,Europe/London,2019-10-05 21:48:47,2025-08-07 20:17:11,1,Q32504
2484,Carmarthenshire,232,GB,X7,CMN,GB-CMN,unitary authority,2,2338,,51.8936698,-4.2172827,Europe/London,2019-10-05 21:48:47,2025-08-07 20:17:13,1,Q217840
2485,Derby,232,GB,X7,DER,GB-DER,unitary authority,2,2336,,53.1666927,-1.5833223,Europe/London,2019-10-05 21:48:47,2025-08-07 20:17:15,1,Q21885980
2486,Pembrokeshire,232,GB,Y7,PEM,GB-PEM,unitary authority,2,2338,,51.8339209,-4.916667,Europe/London,2019-10-05 21:48:47,2025-08-07 20:17:17,1,Q213361
2487,North Lanarkshire,232,GB,V8,NLK,GB-NLK,council area,2,2335,,55.8830507,-3.9461551,Europe/London,2019-10-05 21:48:47,2025-08-07 20:17:18,1,Q207111
2488,Stirling,232,GB,W6,STG,GB-STG,council area,2,2335,,56.1165227,-3.9369029,Europe/London,2019-10-05 21:48:47,2025-08-07 20:17:20,1,Q217838
2489,Wolverhampton,232,GB,W6,WLV,GB-WLV,metropolitan district,2,2336,,52.5847651,-2.127567,Europe/London,2019-10-05 21:48:47,2025-08-07 20:17:22,1,Q21885975
2490,Bromley,232,GB,B8,BRY,GB-BRY,london borough,2,2336,,51.3679705,0.070062,Europe/London,2019-10-05 21:48:47,2025-08-07 20:17:23,1,Q208201
2491,Devon,232,GB,B8,DEV,GB-DEV,two-tier county,2,2336,,50.7241405,-3.6607788,Europe/London,2019-10-05 21:48:47,2025-08-07 20:17:25,1,Q21694695
2492,Greenwich,232,GB,E7,GRE,GB-GRE,london borough,2,2336,,51.4686256,0.0488306,Europe/London,2019-10-05 21:48:47,2025-08-07 20:17:27,1,Q693450
2493,Salford,232,GB,L5,SLF,GB-SLF,metropolitan district,2,2336,,53.4875235,-2.2901264,Europe/London,2019-10-05 21:48:47,2025-08-07 20:17:29,1,Q1142118
2494,Lisburn,232,GB,S5,LSB,GB-LSB,unitary authority,2,2336,,54.5112856,-6.046717,Europe/London,2019-10-05 21:48:47,2025-08-07 20:17:30,1,Q210647
2495,Lancashire,232,GB,S5,LAN,GB-LAN,two-tier county,2,2336,,53.8611712,-2.5650945,Europe/London,2019-10-05 21:48:47,2025-08-07 20:17:32,1,Q21279371
2496,Torfaen,232,GB,Z2,TOF,GB-TOF,unitary authority,2,2338,,51.7002253,-3.0446015,Europe/London,2019-10-05 21:48:47,2025-08-07 20:17:33,1,Q643919
2497,Denbighshire,232,GB,X9,DEN,GB-DEN,unitary authority,2,2338,,53.1097895,-3.3671284,Europe/London,2019-10-05 21:48:47,2025-08-07 20:17:35,1,Q650682
2498,Ards,232,GB,Q7,ARD,GB-ARD,unitary authority,2,2336,,54.3785689,-6.871853,Europe/London,2019-10-05 21:48:47,2025-08-07 20:17:36,1,Q640080
2499,Barnsley,232,GB,A3,BNS,GB-BNS,metropolitan district,2,2336,,53.5527719,-1.4827755,Europe/London,2019-10-05 21:48:47,2025-08-07 20:17:38,1,Q1857382
2500,Herefordshire,232,GB,F7,HEF,GB-HEF,unitary authority,2,2336,,52.083333,-2.75,Europe/London,2019-10-05 21:48:48,2025-08-07 20:17:40,1,Q23129
2501,Richmond upon Thames,232,GB,L1,RIC,GB-RIC,london borough,2,2336,,51.4405529,-0.3076394,Europe/London,2019-10-05 21:48:48,2025-08-07 20:17:41,1,Q32515
2502,Saint Helena,232,GB,02,SH-HL,GB-SH-HL,unitary authority,2,2336,,50.8403566,-0.1179065,Europe/London,2019-10-05 21:48:48,2025-08-07 20:17:43,1,Q34497
2503,Leeds,232,GB,H3,LDS,GB-LDS,metropolitan district,2,2336,,53.8007554,-1.5490774,Europe/London,2019-10-05 21:48:48,2025-08-07 20:17:45,1,Q774015
2504,Bolton,232,GB,B1,BOL,GB-BOL,metropolitan district,2,2336,,55.9208178,-2.7905988,Europe/London,2019-10-05 21:48:48,2025-08-07 20:17:46,1,Q1364541
2505,Warwickshire,232,GB,P3,WAR,GB-WAR,two-tier county,2,2336,,52.3213064,-1.5536906,Europe/London,2019-10-05 21:48:48,2025-08-07 20:17:48,1,Q23140
2506,Stoke-on-Trent,232,GB,P3,STE,GB-STE,unitary authority,2,2336,,53.0162014,-2.1812607,Europe/London,2019-10-05 21:48:48,2025-08-07 20:17:50,1,Q21891722
2507,Bedford,232,GB,P3,BDF,GB-BDF,unitary authority,2,2336,,52.1887014,-0.4665892,Europe/London,2019-10-05 21:48:48,2025-08-07 20:17:52,1,Q894077
2508,Dungannon and South Tyrone,232,GB,S1,DGN,GB-DGN,borough council,3,2336,,54.5082684,-6.7665891,Europe/London,2019-10-05 21:48:48,2025-08-07 20:17:53,1,Q1198466
2509,Ceredigion,232,GB,X6,CGN,GB-CGN,unitary authority,2,2338,,52.2945764,-3.952781,Europe/London,2019-10-05 21:48:48,2025-08-07 20:17:55,1,Q217829
2510,Worcestershire,232,GB,Q4,WOR,GB-WOR,two-tier county,2,2336,,52.2109495,-2.1569555,Europe/London,2019-10-05 21:48:48,2025-08-07 20:17:57,1,Q23135
2511,Dundee,232,GB,U3,DND,GB-DND,council area,2,2335,,56.462018,-2.970721,Europe/London,2019-10-05 21:48:48,2025-08-07 20:17:59,1,Q123709
2512,Croydon,232,GB,C8,CRY,GB-CRY,london borough,2,2336,,51.3713049,-0.101957,Europe/London,2019-10-05 21:48:48,2025-08-07 20:18:00,1,Q26888
2513,North Down,232,GB,T2,NDN,GB-NDN,borough council,3,2336,,51.6763823,-4.8828718,Europe/London,2019-10-05 21:48:48,2025-08-07 20:18:02,1,Q1156987
2514,Plymouth,232,GB,T2,PLY,GB-PLY,unitary authority,2,2336,,50.3714122,-4.1424451,Europe/London,2019-10-05 21:48:48,2025-08-07 20:18:04,1,Q21674890
2515,Larne,232,GB,S3,LRN,GB-LRN,borough council,3,2336,,54.8578003,-5.8236224,Europe/London,2019-10-05 21:48:48,2025-08-07 20:18:05,1,Q1198470
2516,Leicestershire,232,GB,S3,LEC,GB-LEC,two-tier county,2,2336,,52.6849137,-1.1847653,Europe/London,2019-10-05 21:48:48,2025-08-07 20:18:07,1,Q21272890
2517,Calderdale,232,GB,C2,CLD,GB-CLD,metropolitan district,2,2336,,53.7204748,-1.9622886,Europe/London,2019-10-05 21:48:48,2025-08-07 20:18:09,1,Q1026448
2518,Sefton,232,GB,L8,SFT,GB-SFT,metropolitan district,2,2336,,53.5034449,-2.970359,Europe/London,2019-10-05 21:48:48,2025-08-07 20:18:10,1,Q1546645
2519,Midlothian,232,GB,V5,MLN,GB-MLN,council area,2,2335,,55.833333,-3.083333,Europe/London,2019-10-05 21:48:48,2025-08-07 20:18:12,1,Q206934
2520,Barnet,232,GB,A2,BNE,GB-BNE,london borough,2,2336,,51.6049673,-0.2076295,Europe/London,2019-10-05 21:48:48,2025-08-07 20:18:14,1,Q151048
2521,North Tyneside,232,GB,J5,NTY,GB-NTY,metropolitan district,2,2336,,55.0297994,-1.508256,Europe/London,2019-10-05 21:48:48,2025-08-07 20:18:15,1,Q1120443
2522,North Yorkshire,232,GB,NIR,NYK,GB-NYK,two-tier county,2,2336,,54.0915928,-1.5359113,Europe/London,2019-10-05 21:48:48,2025-08-07 20:18:17,1,Q21241814
2523,Ards and North Down,232,GB,NIR,AND,GB-AND,district,2,2337,,54.6489642,-5.5627852,Europe/London,2019-10-05 21:48:48,2025-08-07 20:18:19,1,Q7055155
2524,Newport,232,GB,Y6,NWP,GB-NWP,unitary authority,2,2338,,52.7688594,-2.3783676,Europe/London,2019-10-05 21:48:48,2025-08-07 20:18:21,1,Q11294004
2525,Castlereagh,232,GB,R5,CSR,GB-CSR,unitary authority,2,2336,,54.575679,-5.8884028,Europe/London,2019-10-05 21:48:48,2025-08-07 20:18:22,1,Q1049680
2526,Surrey,232,GB,N7,SRY,GB-SRY,two-tier county,2,2336,,51.2715316,-0.3414524,Europe/London,2019-10-05 21:48:48,2025-08-07 20:18:24,1,Q23276
2527,Redcar and Cleveland,232,GB,K9,RCC,GB-RCC,unitary authority,2,2336,,54.5679056,-1.0054963,Europe/London,2019-10-05 21:48:48,2025-08-07 20:18:26,1,Q1434448
2528,Cardiff,232,GB,X5,CRF,GB-CRF,unitary authority,2,2338,,51.481581,-3.17909,Europe/London,2019-10-05 21:48:48,2025-08-07 20:18:28,1,Q24342199
2529,Bradford,232,GB,B4,BRD,GB-BRD,metropolitan district,2,2336,,53.795984,-1.759398,Europe/London,2019-10-05 21:48:48,2025-08-07 20:18:29,1,Q2834810
2530,Blaenau Gwent,232,GB,X2,BGW,GB-BGW,borough council,3,2336,,51.7533711,-3.1848444,Europe/London,2019-10-05 21:48:48,2025-08-07 20:18:31,1,Q596885
2531,Fermanagh,232,GB,S2,FER,GB-FER,district council,3,2337,,54.3243995,-7.7223985,Europe/London,2019-10-05 21:48:48,2025-08-07 20:18:32,1,Q1198461
2532,Ealing,232,GB,D9,EAL,GB-EAL,london borough,2,2336,,51.5250846,-0.3142935,Europe/London,2019-10-05 21:48:48,2025-08-07 20:18:34,1,Q207218
2533,Antrim,232,GB,Q6,ANT,GB-ANT,unitary authority,2,2336,,54.7195338,-6.2072498,Europe/London,2019-10-05 21:48:48,2025-08-07 20:18:36,1,Q609214
2534,"Newry, Mourne and Down",232,GB,Q6,NMD,GB-NMD,district,2,2337,,54.1775283,-6.337506,Europe/London,2019-10-05 21:48:48,2025-08-07 20:18:38,1,Q15262186
2535,North Ayrshire,232,GB,V7,NAY,GB-NAY,council area,2,2335,,55.7278508,-4.7271767,Europe/London,2019-10-05 21:48:48,2025-08-07 20:18:39,1,Q206926
2536,Tashkent,236,UZ,13,TK,UZ-TK,city,3,,,41.3123363,69.2787079,Asia/Tashkent,2019-10-05 21:48:48,2025-08-07 20:18:41,1,Q269
2537,Namangan,236,UZ,06,NG,UZ-NG,region,1,,,40.9555061,71.1097749,Asia/Tashkent,2019-10-05 21:48:48,2025-08-07 20:18:43,1,Q474876
2538,Fergana,236,UZ,03,FA,UZ-FA,region,1,,,40.5,71.25,Asia/Tashkent,2019-10-05 21:48:48,2025-08-07 20:18:45,1,Q487089
2539,Xorazm,236,UZ,05,XO,UZ-XO,region,1,,,41.2902835,60.5428537,Asia/Samarkand,2019-10-05 21:48:48,2025-08-07 20:18:46,1,Q487561
2540,Andijan,236,UZ,01,AN,UZ-AN,region,1,,,40.7727796,72.341966,Asia/Tashkent,2019-10-05 21:48:48,2025-08-07 20:18:48,1,Q487384
2541,Bukhara,236,UZ,02,BU,UZ-BU,region,1,,,40.229366,63.5470584,Asia/Samarkand,2019-10-05 21:48:48,2025-08-07 20:18:50,1,Q487372
2542,Navoiy,236,UZ,07,NW,UZ-NW,region,1,,,42,64,Asia/Samarkand,2019-10-05 21:48:48,2025-08-07 20:18:52,1,Q487570
2543,Qashqadaryo,236,UZ,08,QA,UZ-QA,region,1,,,39.0424974,66.5775276,Asia/Samarkand,2019-10-05 21:48:48,2025-08-07 20:18:53,1,Q487577
2544,Samarqand,236,UZ,10,SA,UZ-SA,region,1,,,39.6550017,66.9756954,Asia/Samarkand,2019-10-05 21:48:48,2025-08-07 20:18:55,1,Q487532
2545,Jizzakh,236,UZ,15,JI,UZ-JI,region,1,,,40.3319095,67.4551198,Asia/Tashkent,2019-10-05 21:48:48,2025-08-07 20:18:57,1,Q488811
2546,Surxondaryo,236,UZ,12,SU,UZ-SU,region,1,,,37.9520843,67.1265996,Asia/Samarkand,2019-10-05 21:48:48,2025-08-07 20:18:59,1,Q487537
2547,Sirdaryo,236,UZ,16,SI,UZ-SI,region,1,,,40.8029326,68.8242841,Asia/Tashkent,2019-10-05 21:48:48,2025-08-07 20:19:00,1,Q487547
2548,Karakalpakstan,236,UZ,09,QR,UZ-QR,republic,1,,,43.7738841,57.6234617,Asia/Samarkand,2019-10-05 21:48:48,2025-08-07 20:19:02,1,Q484245
2549,Tashkent,236,UZ,14,TO,UZ-TO,region,1,,,41.3123363,69.2787079,Asia/Tashkent,2019-10-05 21:48:48,2025-08-07 20:19:04,1,Q487585
2550,Ariana,224,TN,38,12,TN-12,governorate,2,,,36.9685735,10.1219855,Africa/Tunis,2019-10-05 21:48:48,2025-08-07 20:19:06,1,Q233116
2551,Bizerte,224,TN,18,23,TN-23,governorate,2,,,37.0354339,9.6393259,Africa/Tunis,2019-10-05 21:48:48,2025-08-07 20:19:08,1,Q241129
2552,Jendouba,224,TN,06,32,TN-32,governorate,2,,,36.6779725,8.752647,Africa/Tunis,2019-10-05 21:48:48,2025-08-07 20:19:09,1,Q276580
2553,Monastir,224,TN,16,52,TN-52,governorate,2,,,35.7707582,10.8280511,Africa/Tunis,2019-10-05 21:48:48,2025-08-07 20:19:11,1,Q318102
2554,Tunis,224,TN,36,11,TN-11,governorate,2,,,36.81791,10.2127219,Africa/Tunis,2019-10-05 21:48:48,2025-08-07 20:19:13,1,Q328109
2555,Manouba,224,TN,39,14,TN-14,governorate,2,,,36.7624363,9.8336191,Africa/Tunis,2019-10-05 21:48:48,2025-08-07 20:19:15,1,Q734328
2556,Gafsa,224,TN,30,71,TN-71,governorate,2,,,34.4224374,8.7843862,Africa/Tunis,2019-10-05 21:48:48,2025-08-07 20:19:16,1,Q269968
2557,Sfax,224,TN,32,61,TN-61,governorate,2,,,34.7232387,10.3358474,Africa/Tunis,2019-10-05 21:48:48,2025-08-07 20:19:18,1,Q241145
2558,Gabès,224,TN,29,81,TN-81,governorate,2,,,33.7765032,9.793063,Africa/Tunis,2019-10-05 21:48:48,2025-08-07 20:19:19,1,Q242263
2559,Tataouine,224,TN,34,83,TN-83,governorate,2,,,31.7317009,9.7702197,Africa/Tunis,2019-10-05 21:48:48,2025-08-07 20:19:21,1,Q327045
2560,Medenine,224,TN,28,82,TN-82,governorate,2,,,33.3434014,10.4910703,Africa/Tunis,2019-10-05 21:48:48,2025-08-07 20:19:23,1,Q327087
2561,Kef,224,TN,14,33,TN-33,governorate,2,,,36.0357642,8.7249381,Africa/Tunis,2019-10-05 21:48:48,2025-08-07 20:19:25,1,Q328199
2562,Kebili,224,TN,31,73,TN-73,governorate,2,,,33.7071551,8.9714623,Africa/Tunis,2019-10-05 21:48:48,2025-08-07 20:19:26,1,Q286063
2563,Siliana,224,TN,22,34,TN-34,governorate,2,,,36.0887208,9.3645335,Africa/Tunis,2019-10-05 21:48:48,2025-08-07 20:19:28,1,Q328115
2564,Kairouan,224,TN,03,41,TN-41,governorate,2,,,35.6711663,10.1005469,Africa/Tunis,2019-10-05 21:48:48,2025-08-07 20:19:29,1,Q276574
2565,Zaghouan,224,TN,37,22,TN-22,governorate,2,,,36.3994751,10.1446349,Africa/Tunis,2019-10-05 21:48:48,2025-08-07 20:19:31,1,Q27916
2566,Ben Arous,224,TN,27,13,TN-13,governorate,2,,,36.6306483,10.2100827,Africa/Tunis,2019-10-05 21:48:48,2025-08-07 20:19:33,1,Q238555
2567,Sidi Bouzid,224,TN,33,43,TN-43,governorate,2,,,35.0354386,9.4839392,Africa/Tunis,2019-10-05 21:48:48,2025-08-07 20:19:35,1,Q327097
2568,Mahdia,224,TN,15,53,TN-53,governorate,2,,,35.4877893,10.9622433,Africa/Tunis,2019-10-05 21:48:48,2025-08-07 20:19:36,1,Q328164
2569,Tozeur,224,TN,35,72,TN-72,governorate,2,,,33.9844105,8.0711309,Africa/Tunis,2019-10-05 21:48:48,2025-08-07 20:19:38,1,Q388059
2570,Kasserine,224,TN,02,42,TN-42,governorate,2,,,35.1687646,8.8365654,Africa/Tunis,2019-10-05 21:48:48,2025-08-07 20:19:40,1,Q388047
2571,Sousse,224,TN,23,51,TN-51,governorate,2,,,35.8939852,10.3977704,Africa/Tunis,2019-10-05 21:48:48,2025-08-07 20:19:42,1,Q276565
2572,Béja,224,TN,17,31,TN-31,governorate,2,,,36.7236755,9.185382,Africa/Tunis,2019-10-05 21:48:48,2025-08-07 20:19:43,1,Q276576
2573,Ratak,137,MH,17,T,MH-T,chain,4,,,8.615055,170.8205547,Pacific/Majuro,2019-10-05 21:48:48,2025-08-07 20:19:45,1,Q700048
2574,Ralik,137,MH,17,L,MH-L,chain,4,,,8.230817,167.7953224,Pacific/Majuro,2019-10-05 21:48:48,2025-08-07 20:19:47,1,Q697840
2575,Centrale,220,TG,22,C,TG-C,region,1,,,8.607113,1.0458554,Africa/Lome,2019-10-05 21:48:48,2025-08-07 20:19:49,1,Q316220
2576,Maritime,220,TG,24,M,TG-M,region,1,,,6.5175177,1.2045805,Africa/Lome,2019-10-05 21:48:48,2025-08-07 20:19:51,1,Q316291
2577,Plateaux,220,TG,25,P,TG-P,region,1,,,7.450501,1.0892702,Africa/Lome,2019-10-05 21:48:48,2025-08-07 20:19:52,1,Q316306
2578,Savanes,220,TG,26,S,TG-S,region,1,,,10.511559,0.4653751,Africa/Lome,2019-10-05 21:48:48,2025-08-07 20:19:54,1,Q279945
2579,Kara,220,TG,23,K,TG-K,region,1,,,9.541111,0.7876018,Africa/Lome,2019-10-05 21:48:48,2025-08-07 20:19:55,1,Q316216
2580,Chuuk,143,FM,03,TRK,FM-TRK,state,1,,,7.4393793,151.8515538,Pacific/Chuuk,2019-10-05 21:48:48,2025-08-07 20:19:57,1,Q221684
2581,Pohnpei,143,FM,02,PNI,FM-PNI,state,1,,,6.8870467,158.2406138,Pacific/Pohnpei,2019-10-05 21:48:48,2025-08-07 20:19:59,1,Q7771127
2582,Yap,143,FM,04,YAP,FM-YAP,state,1,,,9.5462683,138.1651599,Pacific/Chuuk,2019-10-05 21:48:48,2025-08-07 20:20:00,1,Q11342951
2583,Kosrae,143,FM,01,KSA,FM-KSA,state,1,,,5.3095618,162.9814877,Pacific/Kosrae,2019-10-05 21:48:48,2025-08-07 20:20:02,1,Q1785093
2584,Vaavu,133,MV,47,04,MV-04,administrative atoll,4,,,3.6152492,73.5869986,Indian/Maldives,2019-10-05 21:48:48,2025-08-07 20:20:04,1,Q2709111
2585,Shaviyani,133,MV,45,24,MV-24,administrative atoll,4,,,6.3322997,73.2324635,Indian/Maldives,2019-10-05 21:48:48,2025-08-07 20:20:06,1,Q2190334
2586,Haa Alif,133,MV,36,07,MV-07,administrative atoll,4,,,7.0607296,72.9896628,Indian/Maldives,2019-10-05 21:48:48,2025-08-07 20:20:08,1,Q2360912
2587,Alif Alif,133,MV,,02,MV-02,administrative atoll,4,,,4.4389236,72.8716854,Indian/Maldives,2019-10-05 21:48:48,2025-08-07 20:20:09,1,Q775323
2589,North Central,133,MV,,NC,MV-NC,province,1,,,3.9410232,73.4898485,Indian/Maldives,2019-10-05 21:48:48,2025-08-07 20:20:11,1,Q13365881
2590,Dhaalu,133,MV,32,17,MV-17,administrative atoll,4,,,2.8473454,72.9029526,Indian/Maldives,2019-10-05 21:48:48,2025-08-07 20:20:12,1,Q2290784
2591,Thaa,133,MV,46,08,MV-08,administrative atoll,4,,,2.1461655,73.0288245,Indian/Maldives,2019-10-05 21:48:48,2025-08-07 20:20:14,1,Q2709118
2592,Noonu,133,MV,43,25,MV-25,administrative atoll,4,,,5.786755,73.4184336,Indian/Maldives,2019-10-05 21:48:48,2025-08-07 20:20:16,1,Q2406322
2593,Upper South,133,MV,,US,MV-US,province,1,,,0.2307,73.2794846,Indian/Maldives,2019-10-05 21:48:48,2025-08-07 20:20:17,1,Q7898928
2594,Addu,133,MV,01,01,MV-01,city,3,,,-0.6414935,73.1629978,Indian/Maldives,2019-10-05 21:48:48,2025-08-07 20:20:19,1,Q353375
2595,Gnaviyani,133,MV,42,29,MV-29,administrative atoll,4,,,-0.2053264,73.2569868,Indian/Maldives,2019-10-05 21:48:48,2025-08-07 20:20:21,1,Q1811116
2596,Kaafu,133,MV,38,26,MV-26,administrative atoll,4,,,4.354299,73.5760032,Indian/Maldives,2019-10-05 21:48:48,2025-08-07 20:20:23,1,Q1468407
2597,Haa Dhaalu,133,MV,37,23,MV-23,administrative atoll,4,,,6.449901,72.6264899,Indian/Maldives,2019-10-05 21:48:48,2025-08-07 20:20:24,1,Q2360368
2598,Gaafu Alif,133,MV,34,27,MV-27,administrative atoll,4,,,0.9829527,73.2780939,Indian/Maldives,2019-10-05 21:48:48,2025-08-07 20:20:26,1,Q1116203
2599,Faafu,133,MV,33,14,MV-14,administrative atoll,4,,,3.1314909,72.8843567,Indian/Maldives,2019-10-05 21:48:48,2025-08-07 20:20:27,1,Q2469227
2600,Alif Dhaal,133,MV,,00,MV-00,administrative atoll,4,,,3.6123026,72.855663,Indian/Maldives,2019-10-05 21:48:48,2025-08-07 20:20:29,1,Q2316922
2601,Laamu,133,MV,05,05,MV-05,administrative atoll,4,,,1.8899418,73.3140027,Indian/Maldives,2019-10-05 21:48:48,2025-08-07 20:20:31,1,Q1996432
2602,Raa,133,MV,44,13,MV-13,administrative atoll,4,,,5.6609485,72.7681645,Indian/Maldives,2019-10-05 21:48:48,2025-08-07 20:20:33,1,Q1457965
2603,Gaafu Dhaalu,133,MV,35,28,MV-28,administrative atoll,4,,,0.3041783,73.2124746,Indian/Maldives,2019-10-05 21:48:48,2025-08-07 20:20:34,1,Q2640183
2604,Central,133,MV,,CE,MV-CE,province,1,,,39.8629163,32.854104,Europe/Istanbul,2019-10-05 21:48:48,2025-08-07 20:20:36,1,Q5061718
2605,South,133,MV,10346475,SU,MV-SU,province,1,,,2.7409698,73.0177414,Indian/Maldives,2019-10-05 21:48:48,2025-08-07 20:20:37,1,Q7568276
2606,South Central,133,MV,10346475,SC,MV-SC,province,1,,,2.1707698,72.9168787,Indian/Maldives,2019-10-05 21:48:48,2025-08-07 20:20:39,1,Q7566772
2607,Lhaviyani,133,MV,39,03,MV-03,administrative atoll,4,,,5.3992544,73.5273924,Indian/Maldives,2019-10-05 21:48:48,2025-08-07 20:20:41,1,Q1390048
2608,Meemu,133,MV,41,12,MV-12,administrative atoll,4,,,2.7878094,73.5342987,Indian/Maldives,2019-10-05 21:48:48,2025-08-07 20:20:43,1,Q2210716
2609,Malé,133,MV,40,MLE,MV-MLE,administrative atoll,4,,,4.1779879,73.5107387,Indian/Maldives,2019-10-05 21:48:48,2025-08-07 20:20:44,1,Q9347
2610,Utrecht,156,NL,09,UT,NL-UT,province,1,,,52.0907374,5.1214201,Europe/Amsterdam,2019-10-05 21:48:48,2025-08-07 20:20:46,1,Q776
2611,Gelderland,156,NL,03,GE,NL-GE,province,1,,,52.1014041,5.9515701,Europe/Amsterdam,2019-10-05 21:48:48,2025-08-07 20:20:48,1,Q775
2612,North Holland,156,NL,07,NH,NL-NH,province,1,,Noord-Holland,52.7212825,4.820665,Europe/Amsterdam,2019-10-05 21:48:48,2025-08-07 20:20:49,1,Q701
2613,Drenthe,156,NL,01,DR,NL-DR,province,1,,,52.9067922,6.6368423,Europe/Amsterdam,2019-10-05 21:48:48,2025-08-07 20:20:51,1,Q772
2614,South Holland,156,NL,11,ZH,NL-ZH,province,1,,,51.9966792,4.5597397,Europe/Amsterdam,2019-10-05 21:48:48,2025-08-07 20:20:53,1,Q694
2615,Limburg,156,NL,05,LI,NL-LI,province,1,,,51.2015196,5.9046302,Europe/Amsterdam,2019-10-05 21:48:48,2025-08-07 20:20:55,1,Q1093
2617,Groningen,156,NL,04,GR,NL-GR,province,1,,,53.2193835,6.5665017,Europe/Amsterdam,2019-10-05 21:48:48,2025-08-07 20:20:56,1,Q752
2618,Overijssel,156,NL,15,OV,NL-OV,province,1,,,52.4254143,6.4610611,Europe/Amsterdam,2019-10-05 21:48:48,2025-08-07 20:20:58,1,Q773
2619,Flevoland,156,NL,16,FL,NL-FL,province,1,,,52.4484375,5.4235397,Europe/Amsterdam,2019-10-05 21:48:48,2025-08-07 20:21:00,1,Q707
2620,Zeeland,156,NL,10,ZE,NL-ZE,province,1,,,51.4162975,3.7028061,Europe/Amsterdam,2019-10-05 21:48:48,2025-08-07 20:21:02,1,Q705
2622,Friesland,156,NL,02,FR,NL-FR,province,1,,,53.0923689,5.777043,Europe/Amsterdam,2019-10-05 21:48:48,2025-08-07 20:21:04,1,Q770
2623,North Brabant,156,NL,06,NB,NL-NB,province,1,,Noord-Brabant,51.6017723,5.4441391,Europe/Amsterdam,2019-10-05 21:48:48,2025-08-07 20:21:05,1,Q1101
2625,Savanes,54,CI,87,03,CI-03,region,1,,,9.6373527,-6.7007186,Africa/Abidjan,2019-10-05 21:48:48,2025-08-07 20:21:07,1,Q853460
2626,Agnéby,54,CI,74,16,CI-16,region,1,,,5.3224503,-4.3449529,Africa/Abidjan,2019-10-05 21:48:49,2025-08-07 20:21:09,1,Q395166
2627,Lagunes,54,CI,82,LG,CI-LG,district,2,,,5.8827334,-4.2333355,Africa/Abidjan,2019-10-05 21:48:49,2025-08-07 20:21:11,1,Q20980365
2628,Sud-Bandama,54,CI,88,15,CI-15,region,1,,,5.5357083,-5.5617279,Africa/Abidjan,2019-10-05 21:48:49,2025-08-07 20:21:12,1,Q845713
2629,Montagnes,54,CI,78,MG,CI-MG,district,2,,,6.8871664,-9.1070644,Africa/Monrovia,2019-10-05 21:48:49,2025-08-07 20:21:14,1,Q20980366
2630,Moyen-Comoé,54,CI,85,05,CI-05,region,1,,,6.6514917,-3.5003454,Africa/Abidjan,2019-10-05 21:48:49,2025-08-07 20:21:16,1,Q303645
2631,Marahoué,54,CI,83,12,CI-12,region,1,,,6.8846207,-5.8987139,Africa/Abidjan,2019-10-05 21:48:49,2025-08-07 20:21:18,1,Q839083
2632,Lacs,54,CI,81,LC,CI-LC,district,2,,,48.1980169,-80.4564412,America/Nipigon,2019-10-05 21:48:49,2025-08-07 20:21:19,1,Q20980363
2633,Fromager,54,CI,79,18,CI-18,region,1,,,45.5450213,-73.6046223,America/Toronto,2019-10-05 21:48:49,2025-08-07 20:21:21,1,Q818774
2634,Abidjan,54,CI,93,AB,CI-AB,autonomous district,2,,,5.3599517,-4.0082563,Africa/Abidjan,2019-10-05 21:48:49,2025-08-07 20:21:23,1,Q1515
2636,Bafing,54,CI,75,17,CI-17,region,1,,,8.3252047,-7.5247243,Africa/Abidjan,2019-10-05 21:48:49,2025-08-07 20:21:25,1,Q799800
2637,Vallée du Bandama,54,CI,90,VB,CI-VB,district,2,,,8.278978,-4.8935627,Africa/Abidjan,2019-10-05 21:48:49,2025-08-07 20:21:26,1,Q21002356
2638,Haut-Sassandra,54,CI,80,02,CI-02,region,1,,,6.8757848,-6.5783387,Africa/Abidjan,2019-10-05 21:48:49,2025-08-07 20:21:28,1,Q845709
2641,Zanzan,54,CI,92,ZZ,CI-ZZ,district,2,,,8.8207904,-3.4195527,Africa/Abidjan,2019-10-05 21:48:49,2025-08-07 20:21:30,1,Q147081
2643,Bas-Sassandra,54,CI,76,BS,CI-BS,district,2,,,5.2798356,-6.1526985,Africa/Abidjan,2019-10-05 21:48:49,2025-08-07 20:21:31,1,Q20980352
2644,Denguélé,54,CI,77,DN,CI-DN,district,2,,,48.0707763,-68.5609341,America/Toronto,2019-10-05 21:48:49,2025-08-07 20:21:33,1,Q20980374
2645,Dix-Huit Montagnes,54,CI,78,06,CI-06,region,1,,,7.3762373,-7.4381355,Africa/Abidjan,2019-10-05 21:48:49,2025-08-07 20:21:35,1,Q820486
2646,Moyen-Cavally,54,CI,84,19,CI-19,region,1,,,6.5208793,-7.6114217,Africa/Abidjan,2019-10-05 21:48:49,2025-08-07 20:21:36,1,Q842499
2648,Sassandra-Marahoué,54,CI,96,SM,CI-SM,district,2,,,6.8803348,-6.2375947,Africa/Abidjan,2019-10-05 21:48:49,2025-08-07 20:21:38,1,Q20365127
2649,Worodougou,54,CI,91,14,CI-14,region,1,,,8.2548962,-6.5783387,Africa/Abidjan,2019-10-05 21:48:49,2025-08-07 20:21:39,1,Q846056
2650,Woroba,54,CI,97,WR,CI-WR,district,2,,,8.2491372,-6.9209135,Africa/Abidjan,2019-10-05 21:48:49,2025-08-07 20:21:41,1,Q20980371
2651,Gôh-Djiboua,54,CI,95,GD,CI-GD,district,2,,,5.8711393,-5.5617279,Africa/Abidjan,2019-10-05 21:48:49,2025-08-07 20:21:43,1,Q21003640
2652,Sud-Comoé,54,CI,89,13,CI-13,region,1,,,5.6669704,-3.9472305,Africa/Abidjan,2019-10-05 21:48:49,2025-08-07 20:21:45,1,Q842495
2653,Yamoussoukro,54,CI,98,YM,CI-YM,autonomous district,2,,,6.8276228,-5.2893433,Africa/Abidjan,2019-10-05 21:48:49,2025-08-07 20:21:46,1,Q3768
2654,Comoé,54,CI,94,CM,CI-CM,district,2,,,6.2219079,-4.6072799,Africa/Abidjan,2019-10-05 21:48:49,2025-08-07 20:21:48,1,Q16629374
2655,N'zi-Comoé,54,CI,86,11,CI-11,region,1,,,7.2456749,-4.2333355,Africa/Abidjan,2019-10-05 21:48:49,2025-08-07 20:21:50,1,Q842491
2656,Far North,38,CM,12,EN,CM-EN,region,1,,,10.6377186,14.2738156,Africa/Douala,2019-10-05 21:48:49,2025-08-07 20:21:51,1,Q823976
2657,Northwest,38,CM,07,NW,CM-NW,region,1,,,6.3775255,10.3864171,Africa/Douala,2019-10-05 21:48:49,2025-08-07 20:21:53,1,Q823946
2658,Southwest,38,CM,09,SW,CM-SW,region,1,,,5.0577606,9.2289407,Africa/Douala,2019-10-05 21:48:49,2025-08-07 20:21:55,1,Q607499
2659,South,38,CM,14,SU,CM-SU,region,1,,,2.7312374,11.6254622,Africa/Douala,2019-10-05 21:48:49,2025-08-07 20:21:56,1,Q857122
2660,Centre,38,CM,11,CE,CM-CE,region,1,,,4.686267,11.9414512,Africa/Douala,2019-10-05 21:48:49,2025-08-07 20:21:59,1,Q739951
2661,East,38,CM,04,ES,CM-ES,region,1,,,3.9894393,14.178373,Africa/Douala,2019-10-05 21:48:49,2025-08-07 20:22:00,1,Q845168
2662,Littoral,38,CM,05,LT,CM-LT,region,1,,,4.203033,10.0563057,Africa/Douala,2019-10-05 21:48:49,2025-08-07 20:22:02,1,Q845172
2663,Adamawa,38,CM,10,AD,CM-AD,region,1,,,6.8496708,13.2163222,Africa/Douala,2019-10-05 21:48:49,2025-08-07 20:22:04,1,Q351514
2664,West,38,CM,08,OU,CM-OU,region,1,,,5.5356382,10.5828826,Africa/Douala,2019-10-05 21:48:49,2025-08-07 20:22:05,1,Q165784
2665,North,38,CM,13,NO,CM-NO,region,1,,,8.7712794,13.7803627,Africa/Douala,2019-10-05 21:48:49,2025-08-07 20:22:07,1,Q502341
2666,Banjul,80,GM,01,B,GM-B,city,3,,,13.4548761,-16.5790323,Africa/Banjul,2019-10-05 21:48:49,2025-08-07 20:22:09,1,Q3726
2667,West Coast,80,GM,05,W,GM-W,division,2,,,13.258513,-16.4999051,Africa/Banjul,2019-10-05 21:48:49,2025-08-07 20:22:10,1,Q846158
2668,Upper River,80,GM,04,U,GM-U,division,2,,,13.4049977,-14.1495576,Africa/Banjul,2019-10-05 21:48:49,2025-08-07 20:22:12,1,Q824373
2669,Central River,80,GM,03,M,GM-M,division,2,,,13.5750738,-14.7797147,Africa/Banjul,2019-10-05 21:48:49,2025-08-07 20:22:14,1,Q824431
2670,Lower River,80,GM,02,L,GM-L,division,2,,,13.3978304,-15.7263312,Africa/Banjul,2019-10-05 21:48:49,2025-08-07 20:22:16,1,Q824421
2671,North Bank,80,GM,07,N,GM-N,division,2,,,13.4731283,-16.1334359,Africa/Banjul,2019-10-05 21:48:49,2025-08-07 20:22:17,1,Q846161
2672,Beyla,92,GN,01,BE,GN-BE,prefecture,2,2684,,8.909432,-8.3674755,Africa/Conakry,2019-10-05 21:48:49,2025-08-07 20:22:19,1,Q853169
2673,Mandiana,92,GN,37,MD,GN-MD,prefecture,2,2697,,10.6172827,-8.6985716,Africa/Conakry,2019-10-05 21:48:49,2025-08-07 20:22:20,1,Q1470878
2674,Yomou,92,GN,29,YO,GN-YO,prefecture,2,2684,,7.5696279,-9.2591571,Africa/Conakry,2019-10-05 21:48:49,2025-08-07 20:22:22,1,Q623139
2675,Fria,92,GN,11,FR,GN-FR,prefecture,2,2676,,10.3674543,-13.5841871,Africa/Conakry,2019-10-05 21:48:49,2025-08-07 20:22:23,1,Q1456055
2676,Boké,92,GN,B,B,GN-B,administrative region,2,,,11.3406898,-13.9440724,Africa/Conakry,2019-10-05 21:48:49,2025-08-07 20:22:25,1,Q862611
2677,Labé,92,GN,L,L,GN-L,administrative region,2,,,11.3232042,-12.2891314,Africa/Conakry,2019-10-05 21:48:49,2025-08-07 20:22:26,1,Q868515
2678,Nzérékoré,92,GN,24,NZ,GN-NZ,prefecture,2,2684,,7.8932884,-8.8812922,Africa/Conakry,2019-10-05 21:48:49,2025-08-07 20:22:28,1,Q1471203
2679,Dabola,92,GN,05,DB,GN-DB,prefecture,2,5344,,10.742172,-11.106486,Africa/Conakry,2019-10-05 21:48:49,2025-08-07 20:22:30,1,Q1156587
2680,Labé,92,GN,20,LA,GN-LA,prefecture,2,2677,,11.3541939,-12.3463875,Africa/Conakry,2019-10-05 21:48:49,2025-08-07 20:22:31,1,Q1781303
2681,Dubréka,92,GN,08,DU,GN-DU,prefecture,2,2701,,9.7907348,-13.5147735,Africa/Conakry,2019-10-05 21:48:49,2025-08-07 20:22:33,1,Q1263263
2682,Faranah,92,GN,09,FA,GN-FA,prefecture,2,5344,,10.042493,-10.740824,Africa/Conakry,2019-10-05 21:48:49,2025-08-07 20:22:34,1,Q1396210
2683,Forécariah,92,GN,10,FO,GN-FO,prefecture,2,2701,,9.4300088,-13.0833859,Africa/Conakry,2019-10-05 21:48:49,2025-08-07 20:22:36,1,Q1439329
2684,Nzérékoré,92,GN,N,N,GN-N,administrative region,2,,,7.8932884,-8.8812922,Africa/Conakry,2019-10-05 21:48:49,2025-08-07 20:22:38,1,Q870146
2685,Gaoual,92,GN,12,GA,GN-GA,prefecture,2,2676,,11.7243435,-13.2477875,Africa/Conakry,2019-10-05 21:48:49,2025-08-07 20:22:40,1,Q614669
2686,Conakry,92,GN,04,C,GN-C,governorate,2,,,9.5170602,-13.6998434,Africa/Conakry,2019-10-05 21:48:49,2025-08-07 20:22:41,1,Q3733
2687,Télimélé,92,GN,27,TE,GN-TE,prefecture,2,2701,,10.9089364,-13.0299331,Africa/Conakry,2019-10-05 21:48:49,2025-08-07 20:22:43,1,Q922545
2688,Dinguiraye,92,GN,07,DI,GN-DI,prefecture,2,5344,,11.5325439,-10.6727268,Africa/Conakry,2019-10-05 21:48:49,2025-08-07 20:22:45,1,Q1226479
2689,Mamou,92,GN,23,MM,GN-MM,prefecture,2,2698,,10.6619269,-12.1139542,Africa/Conakry,2019-10-05 21:48:49,2025-08-07 20:22:47,1,Q623295
2690,Lélouma,92,GN,35,LE,GN-LE,prefecture,2,2677,,11.4257233,-12.6828521,Africa/Conakry,2019-10-05 21:48:49,2025-08-07 20:22:48,1,Q253661
2691,Kissidougou,92,GN,17,KS,GN-KS,prefecture,2,5344,,9.192389,-10.098269,Africa/Conakry,2019-10-05 21:48:49,2025-08-07 20:22:50,1,Q1470920
2692,Koubia,92,GN,33,KB,GN-KB,prefecture,2,2677,,11.582354,-11.8920237,Africa/Conakry,2019-10-05 21:48:49,2025-08-07 20:22:52,1,Q623409
2693,Kindia,92,GN,16,KD,GN-KD,prefecture,2,2701,,10.0368,-12.8260215,Africa/Conakry,2019-10-05 21:48:49,2025-08-07 20:22:53,1,Q1741960
2694,Pita,92,GN,25,PI,GN-PI,prefecture,2,2698,,10.8994295,-12.636091,Africa/Conakry,2019-10-05 21:48:49,2025-08-07 20:22:55,1,Q736507
2695,Kouroussa,92,GN,19,KO,GN-KO,prefecture,2,2697,,10.6489229,-9.8850586,Africa/Conakry,2019-10-05 21:48:49,2025-08-07 20:22:57,1,Q1471573
2696,Tougué,92,GN,28,TO,GN-TO,prefecture,2,2677,,11.4394566,-11.6629484,Africa/Conakry,2019-10-05 21:48:49,2025-08-07 20:22:59,1,Q1432094
2697,Kankan,92,GN,K,K,GN-K,administrative region,2,,,10.3835169,-9.3069354,Africa/Conakry,2019-10-05 21:48:49,2025-08-07 20:23:00,1,Q870191
2698,Mamou,92,GN,M,M,GN-M,administrative region,2,,,10.6619269,-12.1139542,Africa/Conakry,2019-10-05 21:48:49,2025-08-07 20:23:02,1,Q1043650
2699,Boffa,92,GN,02,BF,GN-BF,prefecture,2,2676,,10.1808254,-14.0391615,Africa/Conakry,2019-10-05 21:48:49,2025-08-07 20:23:03,1,Q890340
2700,Mali,92,GN,22,ML,GN-ML,prefecture,2,2677,,12.0420493,-12.2623061,Africa/Conakry,2019-10-05 21:48:49,2025-08-07 20:23:05,1,Q1781017
2701,Kindia,92,GN,D,D,GN-D,administrative region,2,,,10.0368,-12.8260215,Africa/Conakry,2019-10-05 21:48:49,2025-08-07 20:23:07,1,Q868520
2702,Macenta,92,GN,21,MC,GN-MC,prefecture,2,2684,,8.2948292,-9.2094463,Africa/Conakry,2019-10-05 21:48:49,2025-08-07 20:23:08,1,Q949332
2703,Koundara,92,GN,18,KN,GN-KN,prefecture,2,2676,,12.485154,-13.298509,Africa/Conakry,2019-10-05 21:48:49,2025-08-07 20:23:10,1,Q1781312
2704,Kankan,92,GN,14,KA,GN-KA,prefecture,2,2697,,10.3835169,-9.3069354,Africa/Conakry,2019-10-05 21:48:49,2025-08-07 20:23:12,1,Q581719
2705,Coyah,92,GN,30,CO,GN-CO,prefecture,2,2701,,9.709041,-13.388956,Africa/Conakry,2019-10-05 21:48:49,2025-08-07 20:23:14,1,Q616816
2706,Dalaba,92,GN,06,DL,GN-DL,prefecture,2,2698,,10.6868176,-12.2490697,Africa/Conakry,2019-10-05 21:48:49,2025-08-07 20:23:15,1,Q623302
2707,Siguiri,92,GN,26,SI,GN-SI,prefecture,2,2697,,11.4148113,-9.1788304,Africa/Conakry,2019-10-05 21:48:49,2025-08-07 20:23:17,1,Q1780649
2708,Lola,92,GN,36,LO,GN-LO,prefecture,2,2684,,8.0166961,-8.3078426,Africa/Conakry,2019-10-05 21:48:49,2025-08-07 20:23:18,1,Q623145
2709,Boké,92,GN,03,BK,GN-BK,prefecture,2,2676,,11.3406898,-13.9440724,Africa/Conakry,2019-10-05 21:48:49,2025-08-07 20:23:20,1,Q891238
2710,Kérouané,92,GN,15,KE,GN-KE,prefecture,2,2697,,9.2705687,-9.0076196,Africa/Conakry,2019-10-05 21:48:49,2025-08-07 20:23:22,1,Q962654
2711,Guéckédou,92,GN,13,GU,GN-GU,prefecture,2,2684,,8.5649688,-10.1311163,Africa/Conakry,2019-10-05 21:48:49,2025-08-07 20:23:24,1,Q623142
2712,Tombali,93,GW,07,TO,GW-TO,region,1,2716,,11.2981082,-15.1170104,Africa/Bissau,2019-10-05 21:48:49,2025-08-07 20:23:25,1,Q1047255
2713,Cacheu,93,GW,06,CA,GW-CA,region,1,2717,,12.1954331,-16.0991895,Africa/Bissau,2019-10-05 21:48:49,2025-08-07 20:23:27,1,Q780838
2714,Biombo,93,GW,12,BM,GW-BM,region,1,2717,,11.8816758,-15.7784496,Africa/Bissau,2019-10-05 21:48:49,2025-08-07 20:23:29,1,Q872228
2715,Quinara,93,GW,02,QU,GW-QU,region,1,2716,,11.6340114,-15.0952685,Africa/Bissau,2019-10-05 21:48:49,2025-08-07 20:23:31,1,Q862617
2716,Sul,93,GW,02,S,GW-S,province,,,,11.4088213,-16.0042494,Africa/Bissau,2019-10-05 21:48:49,2025-08-07 20:23:32,1,Q13378476
2717,Norte,93,GW,02,N,GW-N,province,,,,7.8721811,123.8857747,Asia/Manila,2019-10-05 21:48:49,2025-08-07 20:23:34,1,Q13378475
2718,Oio,93,GW,04,OI,GW-OI,region,1,2717,,12.2876092,-15.3387658,Africa/Bissau,2019-10-05 21:48:49,2025-08-07 20:23:36,1,Q853991
2719,Gabú,93,GW,10,GA,GW-GA,region,1,2721,,12.1170351,-14.1762506,Africa/Bissau,2019-10-05 21:48:49,2025-08-07 20:23:38,1,Q872212
2720,Bafatá,93,GW,01,BA,GW-BA,region,1,2721,,12.1735243,-14.652952,Africa/Bissau,2019-10-05 21:48:49,2025-08-07 20:23:39,1,Q799791
2721,Leste,93,GW,01,L,GW-L,province,1,,,,,,2019-10-05 21:48:49,2025-08-06 19:30:43,1,Q13378473
2722,Bolama,93,GW,05,BL,GW-BL,region,1,2716,,11.2795064,-16.0294425,Africa/Bissau,2019-10-05 21:48:49,2025-08-07 20:23:41,1,Q151909
2723,Woleu-Ntem,79,GA,09,9,GA-9,province,,,,1.2950125,11.8218827,Africa/Libreville,2019-10-05 21:48:49,2025-08-07 20:23:42,1,Q823800
2724,Ogooué-Ivindo,79,GA,06,6,GA-6,province,,,,0.60082,12.6887911,Africa/Libreville,2019-10-05 21:48:49,2025-08-07 20:23:44,1,Q823822
2725,Nyanga,79,GA,05,5,GA-5,province,,,,-3.0080415,10.9964746,Africa/Libreville,2019-10-05 21:48:49,2025-08-07 20:23:46,1,Q846017
2726,Haut-Ogooué,79,GA,02,2,GA-2,province,,,,-1.231544,13.8309713,Africa/Libreville,2019-10-05 21:48:49,2025-08-07 20:23:48,1,Q654438
2727,Estuaire,79,GA,01,1,GA-1,province,,,,0.4302639,9.4655189,Africa/Libreville,2019-10-05 21:48:49,2025-08-07 20:23:49,1,Q281109
2728,Ogooué-Maritime,79,GA,08,8,GA-8,province,,,,-1.4958157,9.5060896,Africa/Libreville,2019-10-05 21:48:49,2025-08-07 20:23:51,1,Q823751
2729,Ogooué-Lolo,79,GA,07,7,GA-7,province,,,,-1.0002904,12.4952424,Africa/Libreville,2019-10-05 21:48:49,2025-08-07 20:23:53,1,Q823762
2730,Moyen-Ogooué,79,GA,03,3,GA-3,province,,,,-0.5003495,10.4991063,Africa/Libreville,2019-10-05 21:48:49,2025-08-07 20:23:55,1,Q590802
2731,Ngounié,79,GA,04,4,GA-4,province,,,,-1.5910727,10.978503,Africa/Libreville,2019-10-05 21:48:49,2025-08-07 20:23:56,1,Q823774
2732,Tshuapa,51,CD,31,TU,CD-TU,province,,,,-0.5875933,22.1544364,Africa/Kinshasa,2019-10-05 21:48:49,2025-08-07 20:23:58,1,Q427246
2733,Tanganyika,51,CD,29,TA,CD-TA,province,,,,-6.7105797,27.9879861,Africa/Lubumbashi,2019-10-05 21:48:50,2025-08-07 20:24:00,1,Q826585
2734,Haut-Uélé,51,CD,16,HU,CD-HU,province,,,,3.3398499,28.789274,Africa/Lubumbashi,2019-10-05 21:48:50,2025-08-07 20:24:02,1,Q751632
2735,Kasaï Oriental,51,CD,04,KE,CD-KE,province,,,,-6.1258942,23.5998111,Africa/Lubumbashi,2019-10-05 21:48:50,2025-08-07 20:24:03,1,Q80953
2738,Sud-Kivu,51,CD,12,SK,CD-SK,province,,,,-3.2968958,28.1674008,Africa/Lubumbashi,2019-10-05 21:48:50,2025-08-07 20:24:05,1,Q488326
2739,Nord-Ubangi,51,CD,26,NU,CD-NU,province,,,,4.0175656,21.3779242,Africa/Kinshasa,2019-10-05 21:48:50,2025-08-07 20:24:06,1,Q843312
2740,Kwango,51,CD,19,KG,CD-KG,province,,,,-6.1822381,17.7711691,Africa/Kinshasa,2019-10-05 21:48:50,2025-08-07 20:24:08,1,Q757095
2741,Kinshasa,51,CD,06,KN,CD-KN,city,,,,-4.32171,15.3122511,Africa/Kinshasa,2019-10-05 21:48:50,2025-08-07 20:24:10,1,Q3838
2742,Kasaï Central,51,CD,05,KC,CD-KC,province,,,,-5.9046896,21.4334417,Africa/Lubumbashi,2019-10-05 21:48:50,2025-08-07 20:24:12,1,Q6702952
2743,Sankuru,51,CD,27,SA,CD-SA,province,,,,-3.5074885,23.5845039,Africa/Lubumbashi,2019-10-05 21:48:50,2025-08-07 20:24:13,1,Q209829
2744,Équateur,51,CD,02,EQ,CD-EQ,province,,,,0.6060154,18.7800729,Africa/Kinshasa,2019-10-05 21:48:50,2025-08-07 20:24:15,1,Q988104
2745,Maniema,51,CD,10,MA,CD-MA,province,,,,-2.9612778,25.9634848,Africa/Lubumbashi,2019-10-05 21:48:50,2025-08-07 20:24:17,1,Q130566
2746,Kongo Central,51,CD,08,BC,CD-BC,province,,,,-5.1778483,14.3909935,Africa/Kinshasa,2019-10-05 21:48:50,2025-08-07 20:24:18,1,Q130588
2747,Lomami,51,CD,21,LO,CD-LO,province,,,,-6.128664,24.4577962,Africa/Lubumbashi,2019-10-05 21:48:50,2025-08-07 20:24:20,1,Q241886
2748,Sud-Ubangi,51,CD,28,SU,CD-SU,province,,,,3.3283335,19.4627581,Africa/Kinshasa,2019-10-05 21:48:50,2025-08-07 20:24:21,1,Q834551
2749,Nord-Kivu,51,CD,11,NK,CD-NK,province,,,,-0.5645647,28.7061945,Africa/Lubumbashi,2019-10-05 21:48:50,2025-08-07 20:24:23,1,Q130625
2750,Haut-Katanga,51,CD,14,HK,CD-HK,province,,,,-10.519718,27.8432804,Africa/Lubumbashi,2019-10-05 21:48:50,2025-08-07 20:24:25,1,Q130268
2751,Ituri,51,CD,17,IT,CD-IT,province,,,,1.8330623,29.4980774,Africa/Lubumbashi,2019-10-05 21:48:50,2025-08-07 20:24:26,1,Q750659
2752,Mongala,51,CD,25,MO,CD-MO,province,,,,2.15406,21.4861221,Africa/Kinshasa,2019-10-05 21:48:50,2025-08-07 20:24:28,1,Q847527
2753,Bas-Uélé,51,CD,13,BU,CD-BU,province,,,,3.6644488,25.2137871,Africa/Lubumbashi,2019-10-05 21:48:50,2025-08-07 20:24:30,1,Q652056
2755,Mai-Ndombe,51,CD,24,MN,CD-MN,province,,,,-2.5406945,18.6065732,Africa/Kinshasa,2019-10-05 21:48:50,2025-08-07 20:24:32,1,Q1163429
2756,Tshopo,51,CD,30,TO,CD-TO,province,,,,0.4991493,25.1651226,Africa/Lubumbashi,2019-10-05 21:48:50,2025-08-07 20:24:33,1,Q630900
2757,Kasaï,51,CD,18,KS,CD-KS,province,,,,-4.8740862,21.1234899,Africa/Lubumbashi,2019-10-05 21:48:50,2025-08-07 20:24:35,1,Q255655
2758,Haut-Lomami,51,CD,15,HL,CD-HL,province,,,,-8.1495036,25.5557963,Africa/Lubumbashi,2019-10-05 21:48:50,2025-08-07 20:24:37,1,Q605672
2759,Kwilu,51,CD,20,KL,CD-KL,province,,,,-4.8108497,18.805534,Africa/Kinshasa,2019-10-05 21:48:50,2025-08-07 20:24:39,1,Q559537
2760,Cuyuni-Mazaruni,94,GY,11,CU,GY-CU,region,,,,6.188854,-59.849737,America/Guyana,2019-10-05 21:48:50,2025-08-07 20:24:40,1,Q1146777
2761,Potaro-Siparuni,94,GY,17,PT,GY-PT,region,,,,4.8622287,-59.4193612,America/Guyana,2019-10-05 21:48:50,2025-08-07 20:24:42,1,Q1454035
2762,Mahaica-Berbice,94,GY,15,MA,GY-MA,region,,,,6.2766898,-57.82391,America/Guyana,2019-10-05 21:48:50,2025-08-07 20:24:44,1,Q1466671
2763,Upper Demerara-Berbice,94,GY,18,UD,GY-UD,region,,,,5.5612677,-58.154152,America/Guyana,2019-10-05 21:48:50,2025-08-07 20:24:45,1,Q1309042
2764,Barima-Waini,94,GY,10,BA,GY-BA,region,,,,7.7559147,-59.7179022,America/Guyana,2019-10-05 21:48:50,2025-08-07 20:24:47,1,Q537740
2765,Pomeroon-Supenaam,94,GY,16,PM,GY-PM,region,,,,7.2049548,-58.8295641,America/Guyana,2019-10-05 21:48:50,2025-08-07 20:24:49,1,Q680382
2766,East Berbice-Corentyne,94,GY,13,EB,GY-EB,region,,,,3.8972611,-58.1383925,America/Guyana,2019-10-05 21:48:50,2025-08-07 20:24:51,1,Q1277758
2767,Demerara-Mahaica,94,GY,12,DE,GY-DE,region,,,,6.4547883,-58.1280676,America/Guyana,2019-10-05 21:48:50,2025-08-07 20:24:52,1,Q1185362
2768,Essequibo Islands-West Demerara,94,GY,14,ES,GY-ES,region,,,,6.8777848,-58.3114218,America/Guyana,2019-10-05 21:48:50,2025-08-07 20:24:54,1,Q1368802
2769,Upper Takutu-Upper Essequibo,94,GY,19,UT,GY-UT,region,,,,2.8449628,-58.9784823,America/Guyana,2019-10-05 21:48:50,2025-08-07 20:24:56,1,Q1516381
2770,Presidente Hayes,172,PY,16,15,PY-15,department,,,,-23.5,-58.833333,America/Asuncion,2019-10-05 21:48:50,2025-08-07 20:24:58,1,Q750551
2771,Canindeyú,172,PY,19,14,PY-14,department,,,,-24.25,-55.25,America/Asuncion,2019-10-05 21:48:50,2025-08-07 20:24:59,1,Q279085
2772,Guairá,172,PY,10,4,PY-4,department,,,,-25.75,-56.5,America/Asuncion,2019-10-05 21:48:50,2025-08-07 20:25:01,1,Q755116
2773,Caaguazú,172,PY,04,5,PY-5,department,,,,-25.4645818,-56.013851,America/Asuncion,2019-10-05 21:48:50,2025-08-07 20:25:03,1,Q880399
2774,Paraguarí,172,PY,15,9,PY-9,department,,,,-25.6262174,-57.1520642,America/Asuncion,2019-10-05 21:48:50,2025-08-07 20:25:05,1,Q240014
2775,Caazapá,172,PY,05,6,PY-6,department,,,,-26.1973302,-56.3666422,America/Asuncion,2019-10-05 21:48:50,2025-08-07 20:25:06,1,Q881839
2776,San Pedro,172,PY,17,2,PY-2,department,,,,-24.25,-56.5,America/Asuncion,2019-10-05 21:48:50,2025-08-07 20:25:08,1,Q526176
2777,Central,172,PY,06,11,PY-11,department,,,,-25.5,-57.5,America/Asuncion,2019-10-05 21:48:50,2025-08-07 20:25:10,1,Q372461
2778,Itapúa,172,PY,11,7,PY-7,department,,,,-26.833333,-55.833333,America/Asuncion,2019-10-05 21:48:50,2025-08-07 20:25:12,1,Q222564
2779,Concepción,172,PY,07,1,PY-1,department,,,,-23.4068281,-57.4427802,America/Asuncion,2019-10-05 21:48:50,2025-08-07 20:25:13,1,Q741009
2780,Boquerón,172,PY,24,19,PY-19,department,,,,-22.6643064,-61.0015877,America/Asuncion,2019-10-05 21:48:50,2025-08-07 20:25:15,1,Q741017
2781,Ñeembucú,172,PY,13,12,PY-12,department,,,,-27,-58,America/Asuncion,2019-10-05 21:48:50,2025-08-07 20:25:17,1,Q755115
2782,Amambay,172,PY,02,13,PY-13,department,,,,-23,-56,America/Asuncion,2019-10-05 21:48:50,2025-08-07 20:25:19,1,Q686586
2783,Cordillera,172,PY,08,3,PY-3,department,,,,-25.25,-57,America/Asuncion,2019-10-05 21:48:50,2025-08-07 20:25:21,1,Q755121
2784,Alto Paraná,172,PY,01,10,PY-10,department,,,,-25.5,-54.833333,America/Asuncion,2019-10-05 21:48:50,2025-08-07 20:25:22,1,Q682654
2785,Alto Paraguay,172,PY,23,16,PY-16,department,,,,-20.5,-59.166667,America/Asuncion,2019-10-05 21:48:50,2025-08-07 20:25:24,1,Q682642
2786,Misiones,172,PY,12,8,PY-8,department,,,,-27,-57,America/Asuncion,2019-10-05 21:48:50,2025-08-07 20:25:25,1,Q591194
2787,Jaffna,208,LK,25,41,LK-41,district,1,2813,,9.665093,80.0093029,Asia/Colombo,2019-10-05 21:48:50,2025-08-07 20:25:27,1,Q1520182
2788,Kandy,208,LK,10,21,LK-21,district,1,2798,,7.2931588,80.6350107,Asia/Colombo,2019-10-05 21:48:50,2025-08-07 20:25:29,1,Q723002
2789,Kalutara,208,LK,09,13,LK-13,district,1,2802,,6.5745305,80.0286312,Asia/Colombo,2019-10-05 21:48:50,2025-08-07 20:25:31,1,Q728935
2790,Badulla,208,LK,03,81,LK-81,district,1,2811,,6.9934009,81.0549815,Asia/Colombo,2019-10-05 21:48:50,2025-08-07 20:25:32,1,Q799713
2791,Hambantota,208,LK,07,33,LK-33,district,1,2801,,6.176392,81.1321195,Asia/Colombo,2019-10-05 21:48:50,2025-08-07 20:25:34,1,Q723006
2792,Galle,208,LK,06,31,LK-31,district,1,2801,,6.0328139,80.214955,Asia/Colombo,2019-10-05 21:48:50,2025-08-07 20:25:35,1,Q647649
2793,Kilinochchi,208,LK,06,42,LK-42,district,1,2813,,9.3840068,80.4087224,Asia/Colombo,2019-10-05 21:48:50,2025-08-07 20:25:37,1,Q1584007
2794,Nuwara Eliya,208,LK,17,23,LK-23,district,1,2798,,6.9738863,80.767127,Asia/Colombo,2019-10-05 21:48:50,2025-08-07 20:25:39,1,Q1583950
2795,Trincomalee,208,LK,21,53,LK-53,district,1,2808,,8.576425,81.2344952,Asia/Colombo,2019-10-05 21:48:50,2025-08-07 20:25:41,1,Q1493318
2796,Puttalam,208,LK,19,62,LK-62,district,1,2817,,8.0301856,79.8286583,Asia/Colombo,2019-10-05 21:48:50,2025-08-07 20:25:42,1,Q1665318
2797,Kegalle,208,LK,11,92,LK-92,district,1,2803,,7.1204053,80.3213106,Asia/Colombo,2019-10-05 21:48:50,2025-08-07 20:25:44,1,Q1737803
2798,Central,208,LK,29,2,LK-2,province,,,,7.381949,80.723428,Asia/Colombo,2019-10-05 21:48:50,2025-08-07 20:25:46,1,Q190716
2799,Ampara,208,LK,01,52,LK-52,district,1,2808,,7.2978118,81.6790194,Asia/Colombo,2019-10-05 21:48:50,2025-08-07 20:25:48,1,Q474395
2800,North Central,208,LK,30,7,LK-7,province,,,,8.2826967,80.4848708,Asia/Colombo,2019-10-05 21:48:50,2025-08-07 20:25:49,1,Q1057124
2801,Southern,208,LK,34,3,LK-3,province,,,,6.149,80.7318178,Asia/Colombo,2019-10-05 21:48:50,2025-08-07 20:25:51,1,Q876308
2802,Western,208,LK,36,1,LK-1,province,,,,6.8275297,79.931296,Asia/Colombo,2019-10-05 21:48:50,2025-08-07 20:25:52,1,Q856686
2803,Sabaragamuwa,208,LK,33,9,LK-9,province,,,,6.8124018,80.3354764,Asia/Colombo,2019-10-05 21:48:50,2025-08-07 20:25:54,1,Q853272
2804,Gampaha,208,LK,24,12,LK-12,district,1,2802,,7.0925595,79.9951396,Asia/Colombo,2019-10-05 21:48:50,2025-08-07 20:25:56,1,Q206344
2805,Mannar,208,LK,26,43,LK-43,district,1,2813,,8.9809531,79.9043975,Asia/Colombo,2019-10-05 21:48:50,2025-08-07 20:25:58,1,Q178003
2806,Matara,208,LK,15,32,LK-32,district,1,2801,,5.9449348,80.5487997,Asia/Colombo,2019-10-05 21:48:50,2025-08-07 20:25:59,1,Q1281285
2807,Ratnapura,208,LK,20,91,LK-91,district,1,2803,,6.6803691,80.4022975,Asia/Colombo,2019-10-05 21:48:50,2025-08-07 20:26:01,1,Q1587175
2808,Eastern,208,LK,37,5,LK-5,province,,,,7.7596435,81.5850205,Asia/Colombo,2019-10-05 21:48:50,2025-08-07 20:26:03,1,Q1046126
2809,Vavuniya,208,LK,28,44,LK-44,district,1,2813,,8.7594739,80.5000334,Asia/Colombo,2019-10-05 21:48:50,2025-08-07 20:26:05,1,Q527980
2810,Matale,208,LK,14,22,LK-22,district,1,2798,,7.4659646,80.6234259,Asia/Colombo,2019-10-05 21:48:50,2025-08-07 20:26:06,1,Q787421
2811,Uva,208,LK,35,8,LK-8,province,,,,6.9609465,81.2394711,Asia/Colombo,2019-10-05 21:48:50,2025-08-08 13:05:37,1,Q876293
2812,Polonnaruwa,208,LK,18,72,LK-72,district,1,2800,,7.9395567,81.0003403,Asia/Colombo,2019-10-05 21:48:50,2025-08-08 13:05:39,1,Q931057
2813,Northern,208,LK,38,4,LK-4,province,,,,9.28,80.2827753,Asia/Colombo,2019-10-05 21:48:50,2025-08-08 13:05:40,1,Q598745
2814,Mullaitivu,208,LK,27,45,LK-45,district,1,2813,,9.2675388,80.8128254,Asia/Colombo,2019-10-05 21:48:50,2025-08-08 13:05:42,1,Q1587508
2815,Colombo,208,LK,23,11,LK-11,district,1,2802,,6.9388614,79.8542005,Asia/Colombo,2019-10-05 21:48:50,2025-08-08 13:05:44,1,Q606287
2816,Anuradhapura,208,LK,02,71,LK-71,district,1,2800,,8.3318305,80.4029017,Asia/Colombo,2019-10-05 21:48:50,2025-08-08 13:05:46,1,Q612614
2817,North Western,208,LK,32,6,LK-6,province,,,,7.9745867,79.9720053,Asia/Colombo,2019-10-05 21:48:50,2025-08-08 13:05:47,1,Q876339
2818,Batticaloa,208,LK,04,51,LK-51,district,1,2808,,7.8381021,81.5567533,Asia/Colombo,2019-10-05 21:48:50,2025-08-08 13:05:49,1,Q810960
2819,Monaragala,208,LK,16,82,LK-82,district,1,2811,,6.8727781,81.3506832,Asia/Colombo,2019-10-05 21:48:50,2025-08-08 13:05:50,1,Q923420
2820,Mohéli,49,KM,03,M,KM-M,island,,,,-12.3204573,43.7204313,Indian/Comoro,2019-10-05 21:48:50,2025-08-08 13:05:52,1,Q271797
2821,Anjouan,49,KM,01,A,KM-A,island,,,,-12.2265681,44.4107049,Indian/Comoro,2019-10-05 21:48:50,2025-08-08 13:05:54,1,Q231324
2822,Grande Comore,49,KM,02,G,KM-G,island,,,,-11.6525688,43.3309706,Indian/Comoro,2019-10-05 21:48:50,2025-08-08 13:05:56,1,Q244978
2823,Atacama,44,CL,05,AT,CL-AT,region,,,,-27.5571783,-70.0156882,America/Santiago,2019-10-05 21:48:50,2025-08-08 13:05:57,1,Q2120
2824,Región Metropolitana de Santiago,44,CL,12,RM,CL-RM,region,,,,-33.5739341,-70.6205518,America/Santiago,2019-10-05 21:48:50,2025-08-08 13:05:59,1,Q2131
2825,Coquimbo,44,CL,07,CO,CL-CO,region,,,,-30.7546652,-70.9005536,America/Santiago,2019-10-05 21:48:50,2025-08-08 13:06:01,1,Q2121
2826,La Araucanía,44,CL,04,AR,CL-AR,region,,,,-40.9071314,-73.157326,America/Santiago,2019-10-05 21:48:50,2025-08-08 13:06:03,1,Q2176
2827,Biobío,44,CL,06,BI,CL-BI,region,,,,-37.3391407,-72.4106825,America/Santiago,2019-10-05 21:48:50,2025-08-08 13:06:04,1,Q2170
2828,Aisén del General Carlos Ibañez del Campo,44,CL,02,AI,CL-AI,region,,,,-46.4590147,-72.6718386,America/Santiago,2019-10-05 21:48:50,2025-08-08 13:06:06,1,Q2181
2829,Arica y Parinacota,44,CL,16,AP,CL-AP,region,,,,-18.5713496,-69.7884774,America/Santiago,2019-10-05 21:48:50,2025-08-08 13:06:07,1,Q2109
2830,Valparaíso,44,CL,01,VS,CL-VS,region,,,,-33.047238,-71.6126885,America/Santiago,2019-10-05 21:48:50,2025-08-08 13:06:09,1,Q219458
2831,Ñuble,44,CL,18,NB,CL-NB,region,,,,-36.6331577,-71.9384821,America/Santiago,2019-10-05 21:48:50,2025-08-08 13:06:11,1,Q24076693
2832,Antofagasta,44,CL,03,AN,CL-AN,region,,,,-23.6041314,-69.0842783,America/Santiago,2019-10-05 21:48:50,2025-08-08 13:06:13,1,Q2118
2833,Maule,44,CL,11,ML,CL-ML,region,,,,-35.521347,-71.6918891,America/Santiago,2019-10-05 21:48:50,2025-08-08 13:06:14,1,Q2166
2834,Los Ríos,44,CL,17,LR,CL-LR,region,,,,-39.9742747,-72.6677006,America/Santiago,2019-10-05 21:48:50,2025-08-08 13:06:16,1,Q2177
2835,Los Lagos,44,CL,14,LL,CL-LL,region,,,,-42.300844,-73.105387,America/Santiago,2019-10-05 21:48:50,2025-08-08 13:06:18,1,Q2178
2836,Magallanes y de la Antártica Chilena,44,CL,10,MA,CL-MA,region,,,,-53.3527518,-71.5547782,America/Punta_Arenas,2019-10-05 21:48:50,2025-08-08 13:06:19,1,Q2189
2837,Tarapacá,44,CL,15,TA,CL-TA,region,,,,-20.1636672,-69.5463448,America/Santiago,2019-10-05 21:48:50,2025-08-08 13:06:21,1,Q2114
2838,Libertador General Bernardo O'Higgins,44,CL,08,LI,CL-LI,region,,,,-34.534538,-71.0354822,America/Santiago,2019-10-05 21:48:50,2025-08-08 13:06:23,1,Q2133
2839,Commewijne,210,SR,11,CM,SR-CM,district,,,,5.8401198,-54.9244431,America/Paramaribo,2019-10-05 21:48:50,2025-08-08 13:06:25,1,Q952510
2840,Nickerie,210,SR,14,NI,SR-NI,district,,,,5.7183925,-56.8775105,America/Paramaribo,2019-10-05 21:48:50,2025-08-08 13:06:27,1,Q1147515
2841,Para,210,SR,15,PR,SR-PR,district,,,,5.3430413,-55.581341,America/Paramaribo,2019-10-05 21:48:50,2025-08-08 13:06:28,1,Q1140891
2842,Coronie,210,SR,12,CR,SR-CR,district,,,,5.7468563,-56.2455162,America/Paramaribo,2019-10-05 21:48:50,2025-08-08 13:06:30,1,Q1130141
2843,Paramaribo,210,SR,16,PM,SR-PM,district,,,,5.8247628,-55.1703941,America/Paramaribo,2019-10-05 21:48:50,2025-08-08 13:06:32,1,Q1130134
2844,Wanica,210,SR,19,WA,SR-WA,district,,,,5.75,-55.25,America/Paramaribo,2019-10-05 21:48:50,2025-08-08 13:06:34,1,Q1147524
2845,Marowijne,210,SR,13,MA,SR-MA,district,,,,5.7083272,-54.35369,America/Paramaribo,2019-10-05 21:48:50,2025-08-08 13:06:35,1,Q1140897
2846,Brokopondo,210,SR,10,BR,SR-BR,district,,,,4.6851643,-55.061093,America/Paramaribo,2019-10-05 21:48:50,2025-08-08 13:06:37,1,Q847680
2847,Sipaliwini,210,SR,18,SI,SR-SI,district,,,,3.6815086,-55.961246,America/Paramaribo,2019-10-05 21:48:50,2025-08-08 13:06:39,1,Q1130138
2848,Saramacca,210,SR,17,SA,SR-SA,district,,,,5.7870805,-55.6064574,America/Paramaribo,2019-10-05 21:48:50,2025-08-08 13:06:40,1,Q1351157
2849,Riyadh,194,SA,10,01,SA-01,region,,,,23.333333,45.333333,Asia/Riyadh,2019-10-05 21:48:50,2025-08-08 13:06:42,1,Q1249255
2850,Makkah,194,SA,14,02,SA-02,region,,,,21.6698063,41.4996029,Asia/Riyadh,2019-10-05 21:48:50,2025-08-08 13:06:44,1,Q234167
2851,Al Madinah,194,SA,05,03,SA-03,region,,,,25.1354363,39.162594,Asia/Riyadh,2019-10-05 21:48:50,2025-08-08 13:06:45,1,Q236027
2852,Tabuk,194,SA,19,07,SA-07,region,,,,28.3251866,37.6328648,Asia/Riyadh,2019-10-05 21:48:50,2025-08-08 13:06:47,1,Q1315953
2853,'Asir,194,SA,11,14,SA-14,region,,,,19.166667,43.166667,Asia/Riyadh,2019-10-05 21:48:50,2025-08-08 13:06:49,1,Q779855
2854,Northern Borders,194,SA,15,08,SA-08,region,,,,30,42.666667,Asia/Riyadh,2019-10-05 21:48:50,2025-08-08 13:06:50,1,Q201781
2855,Ha'il,194,SA,13,06,SA-06,region,,,,26.9920987,41.4892578,Asia/Riyadh,2019-10-05 21:48:50,2025-08-08 13:06:52,1,Q243656
2856,Eastern Province,194,SA,06,04,SA-04,region,,,,23.3036077,50.1258804,Asia/Riyadh,2019-10-05 21:48:50,2025-08-08 13:06:54,1,Q953508
2857,Al Jawf,194,SA,20,12,SA-12,region,,,,29.7673818,39.5629883,Asia/Riyadh,2019-10-05 21:48:50,2025-08-08 13:06:56,1,Q1471266
2858,Jizan,194,SA,17,09,SA-09,region,,,,17.333333,42.666667,Asia/Riyadh,2019-10-05 21:48:50,2025-08-08 13:06:57,1,Q269973
2859,Al Bahah,194,SA,02,11,SA-11,region,,,,20.2372671,41.4615479,Asia/Riyadh,2019-10-05 21:48:50,2025-08-08 13:06:59,1,Q852774
2860,Najran,194,SA,16,10,SA-10,region,,,,18,45.666667,Asia/Riyadh,2019-10-05 21:48:50,2025-08-08 13:07:00,1,Q464718
2861,Al-Qassim,194,SA,08,05,SA-05,region,,,,26.1942235,43.4565711,Asia/Riyadh,2019-10-05 21:48:50,2025-08-08 13:07:02,1,Q1105411
2862,Plateaux,50,CG,08,14,CG-14,department,,,,-2.1709644,15.2286129,Africa/Brazzaville,2019-10-05 21:48:50,2025-08-08 13:07:03,1,Q765370
2863,Pointe-Noire,50,CG,15,16,CG-16,department,,,,-4.7975373,11.8503297,Africa/Brazzaville,2019-10-05 21:48:50,2025-08-08 13:07:05,1,Q7208306
2864,Cuvette,50,CG,13,8,CG-8,department,,,,-0.4936855,16.1602013,Africa/Brazzaville,2019-10-05 21:48:50,2025-08-08 13:07:07,1,Q780884
2865,Likouala,50,CG,06,7,CG-7,department,,,,1.6788828,17.4747723,Africa/Brazzaville,2019-10-05 21:48:50,2025-08-08 13:07:09,1,Q863554
2866,Bouenza,50,CG,01,11,CG-11,department,,,,-4.2868653,13.3972129,Africa/Brazzaville,2019-10-05 21:48:50,2025-08-08 13:07:10,1,Q827015
2867,Kouilou,50,CG,04,5,CG-5,department,,,,-4.1960964,11.9104388,Africa/Brazzaville,2019-10-05 21:48:50,2025-08-08 13:07:12,1,Q855327
2868,Lékoumou,50,CG,05,2,CG-2,department,,,,-3.2315605,13.5211721,Africa/Brazzaville,2019-10-05 21:48:50,2025-08-08 13:07:13,1,Q862753
2869,Cuvette-Ouest,50,CG,14,15,CG-15,department,,,,0.280252,14.5292599,Africa/Brazzaville,2019-10-05 21:48:50,2025-08-08 13:07:15,1,Q125711
2870,Brazzaville,50,CG,12,BZV,CG-BZV,department,,,,-4.2694407,15.2712256,Africa/Brazzaville,2019-10-05 21:48:50,2025-08-08 13:07:17,1,Q3844
2871,Sangha,50,CG,10,13,CG-13,department,,,,1.4284362,15.4222522,Africa/Brazzaville,2019-10-05 21:48:50,2025-08-08 13:07:19,1,Q775410
2872,Niari,50,CG,07,9,CG-9,department,,,,-2.9077055,12.3298313,Africa/Brazzaville,2019-10-05 21:48:50,2025-08-08 13:07:20,1,Q969317
2873,Pool,50,CG,11,12,CG-12,department,,,,-3.7298545,15.053872,Africa/Brazzaville,2019-10-05 21:48:50,2025-08-08 13:07:22,1,Q864647
2874,Quindío,48,CO,23,QUI,CO-QUI,department,,,,4.4028313,-75.7025795,America/Bogota,2019-10-05 21:48:50,2025-08-08 13:07:24,1,Q13995
2875,Cundinamarca,48,CO,33,CUN,CO-CUN,department,,,,5.1096596,-74.0995854,America/Bogota,2019-10-05 21:48:51,2025-08-08 13:07:25,1,Q232564
2876,Chocó,48,CO,11,CHO,CO-CHO,department,,,,6.0000085,-77.0000086,America/Bogota,2019-10-05 21:48:51,2025-08-08 13:07:27,1,Q230584
2877,Norte de Santander,48,CO,21,NSA,CO-NSA,department,,,,8.4417924,-73.0492505,America/Bogota,2019-10-05 21:48:51,2025-08-08 13:07:29,1,Q233058
2878,Meta,48,CO,19,MET,CO-MET,department,,,,5.1554448,-70.8653784,America/Bogota,2019-10-05 21:48:51,2025-08-08 13:07:30,1,Q238629
2879,Risaralda,48,CO,24,RIS,CO-RIS,department,,,,5.2102948,-75.9842236,America/Bogota,2019-10-05 21:48:51,2025-08-08 13:07:32,1,Q13993
2880,Atlántico,48,CO,04,ATL,CO-ATL,department,,,,10.6773422,-74.9718666,America/Bogota,2019-10-05 21:48:51,2025-08-08 13:07:34,1,Q230882
2881,Arauca,48,CO,03,ARA,CO-ARA,department,,,,6.6666755,-71.0000086,America/Bogota,2019-10-05 21:48:51,2025-08-08 13:07:35,1,Q230223
2882,Guainía,48,CO,15,GUA,CO-GUA,department,,,,2.5000086,-69.0000086,America/Bogota,2019-10-05 21:48:51,2025-08-08 13:07:37,1,Q238645
2883,Tolima,48,CO,28,TOL,CO-TOL,department,,,,4.0355786,-75.2086642,America/Bogota,2019-10-05 21:48:51,2025-08-08 13:07:38,1,Q234501
2884,Cauca,48,CO,09,CAU,CO-CAU,department,,,,2.715645,-76.662665,America/Bogota,2019-10-05 21:48:51,2025-08-08 13:07:40,1,Q230602
2885,Vaupés,48,CO,30,VAU,CO-VAU,department,,,,0.4228124,-70.9468372,America/Bogota,2019-10-05 21:48:51,2025-08-08 13:07:42,1,Q234505
2886,Magdalena,48,CO,38,MAG,CO-MAG,department,,,,10.5808075,-74.0685669,America/Bogota,2019-10-05 21:48:51,2025-08-08 13:07:44,1,Q199910
2887,Caldas,48,CO,37,CAL,CO-CAL,department,,,,5.3302514,-75.2873471,America/Bogota,2019-10-05 21:48:51,2025-08-08 13:07:45,1,Q230607
2888,Guaviare,48,CO,14,GUV,CO-GUV,department,,,,1.7899198,-72.3761784,America/Bogota,2019-10-05 21:48:51,2025-08-08 13:07:47,1,Q272885
2889,La Guajira,48,CO,17,LAG,CO-LAG,department,,,,11.4354118,-72.9002161,America/Bogota,2019-10-05 21:48:51,2025-08-08 13:07:49,1,Q272747
2890,Antioquia,48,CO,02,ANT,CO-ANT,department,,,,7.0000085,-75.5000086,America/Bogota,2019-10-05 21:48:51,2025-08-08 13:07:51,1,Q123304
2891,Caquetá,48,CO,08,CAQ,CO-CAQ,department,,,,1.1153385,-74.1056838,America/Bogota,2019-10-05 21:48:51,2025-08-08 13:07:52,1,Q13985
2892,Casanare,48,CO,32,CAS,CO-CAS,department,,,,5.5000085,-71.5000086,America/Bogota,2019-10-05 21:48:51,2025-08-08 13:07:54,1,Q13984
2893,Bolívar,48,CO,35,BOL,CO-BOL,department,,,,9.3660477,-74.8023636,America/Bogota,2019-10-05 21:48:51,2025-08-08 13:07:56,1,Q230597
2894,Vichada,48,CO,31,VID,CO-VID,department,,,,4.8686613,-69.3736658,America/Bogota,2019-10-05 21:48:51,2025-08-08 13:07:57,1,Q268729
2895,Amazonas,48,CO,01,AMA,CO-AMA,department,,,,-1.305299,-71.4659212,America/Bogota,2019-10-05 21:48:51,2025-08-08 13:07:58,1,Q44724
2896,Putumayo,48,CO,22,PUT,CO-PUT,department,,,,0.5000086,-76.0000086,America/Bogota,2019-10-05 21:48:51,2025-08-08 13:08:00,1,Q232953
2897,Nariño,48,CO,20,NAR,CO-NAR,department,,,,1.289151,-77.35794,America/Bogota,2019-10-05 21:48:51,2025-08-08 13:08:02,1,Q230217
2898,Córdoba,48,CO,12,COR,CO-COR,department,,,,8.3344713,-75.6666238,America/Bogota,2019-10-05 21:48:51,2025-08-08 13:08:03,1,Q234912
2899,Cesar,48,CO,10,CES,CO-CES,department,,,,9.3333415,-73.5000086,America/Bogota,2019-10-05 21:48:51,2025-08-08 13:08:05,1,Q234916
2900,"San Andrés, Providencia y Santa Catalina",48,CO,25,SAP,CO-SAP,department,,,,12.5375979,-81.7204155,America/Bogota,2019-10-05 21:48:51,2025-08-08 13:08:07,1,Q26855
2901,Santander,48,CO,26,SAN,CO-SAN,department,,,,7.0000085,-73.2500086,America/Bogota,2019-10-05 21:48:51,2025-08-08 13:08:09,1,Q235166
2902,Sucre,48,CO,27,SUC,CO-SUC,department,,,,9,-75,America/Bogota,2019-10-05 21:48:51,2025-08-08 13:08:10,1,Q235188
2903,Boyacá,48,CO,36,BOY,CO-BOY,department,,,,5.4428193,-73.3745224,America/Bogota,2019-10-05 21:48:51,2025-08-08 13:08:12,1,Q121233
2904,Valle del Cauca,48,CO,29,VAC,CO-VAC,department,,,,3.6984053,-76.5501996,America/Bogota,2019-10-05 21:48:51,2025-08-08 13:08:13,1,Q13990
2905,Galápagos,64,EC,01,W,EC-W,province,,,,-0.0606899,-90.673898,Pacific/Galapagos,2019-10-05 21:48:51,2025-08-08 13:08:15,1,Q475038
2906,Sucumbíos,64,EC,22,U,EC-U,province,,,,-0.039138,-76.5119678,America/Guayaquil,2019-10-05 21:48:51,2025-08-08 13:08:17,1,Q499456
2907,Pastaza,64,EC,17,Y,EC-Y,province,,,,-1.916667,-77,America/Guayaquil,2019-10-05 21:48:51,2025-08-08 13:08:19,1,Q214814
2908,Tungurahua,64,EC,19,T,EC-T,province,,,,-1.2765895,-78.4754667,America/Guayaquil,2019-10-05 21:48:51,2025-08-08 13:08:20,1,Q504252
2909,Zamora Chinchipe,64,EC,20,Z,EC-Z,province,,,,-4.0620183,-78.7751588,America/Guayaquil,2019-10-05 21:48:51,2025-08-08 13:08:22,1,Q744670
2910,Los Ríos,64,EC,13,R,EC-R,province,,,,-1.4941273,-79.5542485,America/Guayaquil,2019-10-05 21:48:51,2025-08-08 13:08:24,1,Q504260
2911,Imbabura,64,EC,11,I,EC-I,province,,,,0.2542902,-78.1803913,America/Guayaquil,2019-10-05 21:48:51,2025-08-08 13:08:26,1,Q321863
2912,Santa Elena,64,EC,25,SE,EC-SE,province,,,,-2.2267105,-80.859499,America/Guayaquil,2019-10-05 21:48:51,2025-08-08 13:08:27,1,Q1124125
2913,Manabí,64,EC,14,M,EC-M,province,,,,-0.7588025,-80.0612131,America/Guayaquil,2019-10-05 21:48:51,2025-08-08 13:08:29,1,Q504666
2914,Guayas,64,EC,10,G,EC-G,province,,,,-2,-80,America/Guayaquil,2019-10-05 21:48:51,2025-08-08 13:08:31,1,Q335464
2915,Carchi,64,EC,05,C,EC-C,province,,,,0.8375163,-78.2075154,America/Guayaquil,2019-10-05 21:48:51,2025-08-08 13:08:33,1,Q321729
2916,Napo,64,EC,23,N,EC-N,province,,,,-0.6081965,-77.9520341,America/Guayaquil,2019-10-05 21:48:51,2025-08-08 13:08:34,1,Q211900
2917,Cañar,64,EC,04,F,EC-F,province,,,,-2.574484,-78.9804678,America/Guayaquil,2019-10-05 21:48:51,2025-08-08 13:08:36,1,Q335471
2918,Morona-Santiago,64,EC,15,S,EC-S,province,,,,-2.6232969,-78.0048106,America/Guayaquil,2019-10-05 21:48:51,2025-08-08 13:08:38,1,Q549522
2919,Santo Domingo de los Tsáchilas,64,EC,26,SD,EC-SD,province,,,,-0.2546212,-79.1686724,America/Guayaquil,2019-10-05 21:48:51,2025-08-08 13:08:39,1,Q1123208
2920,Bolívar,64,EC,03,B,EC-B,province,,,,-1.5392733,-79.0816505,America/Guayaquil,2019-10-05 21:48:51,2025-08-08 13:08:41,1,Q261165
2921,Cotopaxi,64,EC,07,X,EC-X,province,,,,-0.8268521,-78.8937757,America/Guayaquil,2019-10-05 21:48:51,2025-08-08 13:08:43,1,Q241140
2922,Esmeraldas,64,EC,09,E,EC-E,province,,,,0.9681789,-79.6517202,America/Guayaquil,2019-10-05 21:48:51,2025-08-08 13:08:45,1,Q335526
2923,Azuay,64,EC,02,A,EC-A,province,,,,-3.0524451,-79.2395135,America/Guayaquil,2019-10-05 21:48:51,2025-08-08 13:08:46,1,Q220451
2924,El Oro,64,EC,08,O,EC-O,province,,,,-3.5311093,-79.8333234,America/Guayaquil,2019-10-05 21:48:51,2025-08-08 13:08:48,1,Q466019
2925,Chimborazo,64,EC,06,H,EC-H,province,,,,-1.4680988,-78.8155589,America/Guayaquil,2019-10-05 21:48:51,2025-08-08 13:08:50,1,Q238492
2926,Orellana,64,EC,24,D,EC-D,province,,,,-0.78618,-76.4803184,America/Guayaquil,2019-10-05 21:48:51,2025-08-08 13:08:52,1,Q499475
2927,Pichincha,64,EC,18,P,EC-P,province,,,,-0.0584893,-78.3284371,America/Guayaquil,2019-10-05 21:48:51,2025-08-08 13:08:53,1,Q272586
2928,Obock,60,DJ,04,OB,DJ-OB,region,,,,12.2111051,43.1685809,Africa/Djibouti,2019-10-05 21:48:51,2025-08-08 13:08:55,1,Q844929
2929,Djibouti,60,DJ,07,DJ,DJ-DJ,city,,,,11.8145966,42.8453061,Africa/Djibouti,2019-10-05 21:48:51,2025-08-08 13:08:57,1,Q3604
2930,Dikhil,60,DJ,06,DI,DJ-DI,region,,,,11.1054336,42.3704744,Africa/Djibouti,2019-10-05 21:48:51,2025-08-08 13:08:59,1,Q283979
2931,Tadjourah,60,DJ,05,TA,DJ-TA,region,,,,12.0358121,42.5174505,Africa/Djibouti,2019-10-05 21:48:51,2025-08-08 13:09:00,1,Q645896
2932,Arta,60,DJ,08,AR,DJ-AR,region,,,,11.5219459,42.8393629,Africa/Djibouti,2019-10-05 21:48:51,2025-08-08 13:09:02,1,Q705941
2933,Ali Sabieh,60,DJ,01,AS,DJ-AS,region,,,,11.2133809,42.8699249,Africa/Djibouti,2019-10-05 21:48:51,2025-08-08 13:09:04,1,Q821008
2934,Hama,215,SY,10,HM,SY-HM,province,,,,35.309489,37.2704222,Asia/Damascus,2019-10-05 21:48:51,2025-08-08 13:09:06,1,Q232355
2935,Rif Dimashq,215,SY,08,RD,SY-RD,province,,,,33.4708234,37.647632,Asia/Damascus,2019-10-05 21:48:51,2025-08-08 13:09:07,1,Q232399
2936,As-Suwayda,215,SY,05,SU,SY-SU,province,,,,32.77055,36.8776335,Asia/Damascus,2019-10-05 21:48:51,2025-08-08 13:09:09,1,Q236797
2937,Deir ez-Zor,215,SY,07,DY,SY-DY,province,,,,35.2693236,40.2401172,Asia/Damascus,2019-10-05 21:48:51,2025-08-08 13:09:11,1,Q232387
2938,Latakia,215,SY,02,LA,SY-LA,province,,,,35.5786198,35.9814691,Asia/Damascus,2019-10-05 21:48:51,2025-08-08 13:09:13,1,Q233236
2939,Damascus,215,SY,13,DI,SY-DI,province,,,,33.5130695,36.3095814,Asia/Damascus,2019-10-05 21:48:51,2025-08-08 13:09:14,1,Q2007044
2940,Idlib,215,SY,12,ID,SY-ID,province,,,,35.8595974,36.5713701,Asia/Damascus,2019-10-05 21:48:51,2025-08-08 13:09:16,1,Q233218
2941,Al-Hasakah,215,SY,01,HA,SY-HA,province,,,,36.4364544,40.5793816,Asia/Damascus,2019-10-05 21:48:51,2025-08-08 13:09:17,1,Q233914
2942,Homs,215,SY,11,HI,SY-HI,province,,,,34.4709821,38.1502622,Asia/Damascus,2019-10-05 21:48:51,2025-08-08 13:09:19,1,Q214094
2943,Quneitra,215,SY,03,QU,SY-QU,province,,,,33.0537759,35.9047094,Asia/Damascus,2019-10-05 21:48:51,2025-08-08 13:09:21,1,Q219690
2944,Al-Raqqah,215,SY,04,RA,SY-RA,province,,,,35.949678,39.0089212,Asia/Damascus,2019-10-05 21:48:51,2025-08-08 13:09:22,1,Q235563
2945,Daraa,215,SY,06,DR,SY-DR,province,,,,32.8284685,36.1055602,Asia/Damascus,2019-10-05 21:48:51,2025-08-08 13:09:24,1,Q1689560
2946,Aleppo,215,SY,09,HL,SY-HL,province,,,,36.1517479,37.3935,Asia/Damascus,2019-10-05 21:48:51,2025-08-08 13:09:26,1,Q214064
2947,Tartus,215,SY,14,TA,SY-TA,province,,,,34.9452553,36.0753261,Asia/Damascus,2019-10-05 21:48:51,2025-08-08 13:09:28,1,Q232382
2948,Fianarantsoa,130,MG,02,F,MG-F,province,,,,-21.91742,46.8709851,Indian/Antananarivo,2019-10-05 21:48:51,2025-08-08 13:09:29,1,Q841197
2949,Toliara,130,MG,06,U,MG-U,province,,,,-23.354173,43.66966,Indian/Antananarivo,2019-10-05 21:48:51,2025-08-08 13:09:31,1,Q162020
2950,Antsiranana,130,MG,31,D,MG-D,province,,,,-13.7229722,49.1801836,Indian/Antananarivo,2019-10-05 21:48:51,2025-08-08 13:09:33,1,Q656073
2951,Antananarivo,130,MG,05,T,MG-T,province,,,,-18.9100122,47.5255809,Indian/Antananarivo,2019-10-05 21:48:51,2025-08-08 13:09:34,1,Q489821
2952,Toamasina,130,MG,04,A,MG-A,province,,,,-18.1553985,49.4098352,Indian/Antananarivo,2019-10-05 21:48:51,2025-08-08 13:09:36,1,Q639418
2953,Mahajanga,130,MG,03,M,MG-M,province,,,,-16.5944104,46.1719796,Indian/Antananarivo,2019-10-05 21:48:51,2025-08-08 13:09:37,1,Q669259
2954,Mogilev,21,BY,06,MA,BY-MA,oblast,,,,53.9090245,30.3429838,Europe/Minsk,2019-10-05 21:48:51,2025-08-08 13:09:39,1,Q189822
2955,Gomel,21,BY,02,HO,BY-HO,oblast,,,,52.4238936,31.0131698,Europe/Minsk,2019-10-05 21:48:51,2025-08-08 13:09:41,1,Q188732
2956,Grodno,21,BY,03,HR,BY-HR,oblast,,,,53.6834599,23.8342648,Europe/Minsk,2019-10-05 21:48:51,2025-08-08 13:09:42,1,Q191061
2957,Minsk,21,BY,05,MI,BY-MI,oblast,,,,53.9024716,27.5618225,Europe/Minsk,2019-10-05 21:48:51,2025-08-08 13:09:44,1,Q192959
2958,Minsk,21,BY,04,HM,BY-HM,city,,,,53.9024716,27.5618225,Europe/Minsk,2019-10-05 21:48:51,2025-08-08 13:09:46,1,Q2280
2959,Brest,21,BY,01,BR,BY-BR,oblast,,,,52.093751,23.6851851,Europe/Minsk,2019-10-05 21:48:51,2025-08-08 13:09:48,1,Q173822
2960,Vitebsk,21,BY,07,VI,BY-VI,oblast,,,,55.2381972,28.7742203,Europe/Minsk,2019-10-05 21:48:51,2025-08-08 13:09:49,1,Q185700
2961,Murqub,124,LY,82,MB,LY-MB,popularate,,,,32.4071058,13.8621903,Africa/Tripoli,2019-10-05 21:48:51,2025-08-08 13:09:51,1,Q209778
2962,Nuqat al Khams,124,LY,67,NQ,LY-NQ,popularate,,,,32.7177153,11.9896415,Africa/Tripoli,2019-10-05 21:48:51,2025-08-08 13:09:53,1,Q26161
2963,Zawiya,124,LY,68,ZA,LY-ZA,popularate,,,,32.7630282,12.7364962,Africa/Tripoli,2019-10-05 21:48:51,2025-08-08 13:09:55,1,Q26153
2964,Al Wahat,124,LY,83,WA,LY-WA,popularate,,,,29.1573123,21.7496392,Africa/Tripoli,2019-10-05 21:48:51,2025-08-08 13:09:56,1,Q26000
2965,Sabha,124,LY,75,SB,LY-SB,popularate,,,,27.0365406,14.4290236,Africa/Tripoli,2019-10-05 21:48:51,2025-08-08 13:09:58,1,Q26132
2966,Derna,124,LY,70,DR,LY-DR,popularate,,,,32.755613,22.6377432,Africa/Tripoli,2019-10-05 21:48:51,2025-08-08 13:09:59,1,Q26124
2967,Murzuq,124,LY,73,MQ,LY-MQ,popularate,,,,25.9182262,13.9260001,Africa/Tripoli,2019-10-05 21:48:51,2025-08-08 13:10:01,1,Q48239
2968,Marj,124,LY,66,MJ,LY-MJ,popularate,,,,31.9108728,21.1477877,Africa/Tripoli,2019-10-05 21:48:51,2025-08-08 13:10:03,1,Q26023
2969,Ghat,124,LY,71,GT,LY-GT,popularate,,,,24.9640371,10.1759285,Africa/Tripoli,2019-10-05 21:48:51,2025-08-08 13:10:05,1,Q48236
2970,Jufra,124,LY,64,JU,LY-JU,popularate,,,,28.0055724,16.7430292,Africa/Tripoli,2019-10-05 21:48:51,2025-08-08 13:10:06,1,Q48247
2971,Tripoli,124,LY,77,TB,LY-TB,popularate,,,,32.7733899,13.3318732,Africa/Tripoli,2019-10-05 21:48:51,2025-08-08 13:10:08,1,Q32837
2972,Kufra,124,LY,65,KF,LY-KF,popularate,,,,23.3323776,22.0840331,Africa/Tripoli,2019-10-05 21:48:51,2025-08-08 13:10:10,1,Q48200
2973,Wadi al Hayaa,124,LY,84,WD,LY-WD,popularate,,,,26.4233369,12.7183638,Africa/Tripoli,2019-10-05 21:48:51,2025-08-08 13:10:12,1,Q48233
2974,Jabal al Gharbi,124,LY,80,JG,LY-JG,popularate,,,,30.704649,13.2233859,Africa/Tripoli,2019-10-05 21:48:51,2025-08-08 13:10:13,1,Q25632
2975,Wadi al Shatii,124,LY,78,WS,LY-WS,popularate,,,,27.6023172,12.8637627,Africa/Tripoli,2019-10-05 21:48:51,2025-08-08 13:10:15,1,Q48232
2976,Nalut,124,LY,74,NL,LY-NL,popularate,,,,31.8637865,10.9827903,Africa/Tripoli,2019-10-05 21:48:51,2025-08-08 13:10:17,1,Q27659
2977,Sirte,124,LY,76,SR,LY-SR,popularate,,,,31.2059625,16.5836206,Africa/Tripoli,2019-10-05 21:48:51,2025-08-08 13:10:19,1,Q26417
2978,Misrata,124,LY,72,MI,LY-MI,popularate,,,,32.3745923,15.0905803,Africa/Tripoli,2019-10-05 21:48:51,2025-08-08 13:10:20,1,Q32845
2979,Jafara,124,LY,81,JI,LY-JI,popularate,,,,32.5587916,13.0707024,Africa/Tripoli,2019-10-05 21:48:51,2025-08-08 13:10:22,1,Q329060
2980,Jabal al Akhdar,124,LY,63,JA,LY-JA,popularate,,,,32.4874119,21.7089729,Africa/Tripoli,2019-10-05 21:48:51,2025-08-08 13:10:24,1,Q32841
2981,Benghazi,124,LY,69,BA,LY-BA,popularate,,,,32.1194242,20.0867909,Africa/Tripoli,2019-10-05 21:48:51,2025-08-08 13:10:26,1,Q40816
2982,Ribeira Brava,40,CV,22,RB,CV-RB,municipality,,,,16.615728,-24.2982543,Atlantic/Cape_Verde,2019-10-05 21:48:51,2025-08-08 13:10:27,1,Q747221
2983,Tarrafal,40,CV,20,TA,CV-TA,municipality,,,,15.2760578,-23.7484077,Atlantic/Cape_Verde,2019-10-05 21:48:51,2025-08-08 13:10:29,1,Q499598
2984,Ribeira Grande de Santiago,40,CV,23,RS,CV-RS,municipality,,,,14.9830298,-23.6561725,Atlantic/Cape_Verde,2019-10-05 21:48:51,2025-08-08 13:10:31,1,Q499620
2985,Santa Catarina,40,CV,15,CA,CV-CA,municipality,,,,15.0890754,-23.7134304,Atlantic/Cape_Verde,2019-10-05 21:48:51,2025-08-08 13:10:33,1,Q494882
2986,São Domingos,40,CV,17,SD,CV-SD,municipality,,,,15.0286165,-23.563922,Atlantic/Cape_Verde,2019-10-05 21:48:51,2025-08-08 13:10:34,1,Q499009
2987,Mosteiros,40,CV,13,MO,CV-MO,municipality,,,,15.0347257,-24.3277421,Atlantic/Cape_Verde,2019-10-05 21:48:51,2025-08-08 13:10:36,1,Q516835
2988,Praia,40,CV,14,PR,CV-PR,municipality,,,,14.9481201,-23.5158945,Atlantic/Cape_Verde,2019-10-05 21:48:51,2025-08-08 13:10:38,1,Q497019
2989,Porto Novo,40,CV,21,PN,CV-PN,municipality,,,,17.0193423,-25.0641922,Atlantic/Cape_Verde,2019-10-05 21:48:51,2025-08-08 13:10:39,1,Q1552897
2990,São Miguel,40,CV,19,SM,CV-SM,municipality,,,,15.1899662,-23.6420486,Atlantic/Cape_Verde,2019-10-05 21:48:51,2025-08-08 13:10:41,1,Q494874
2991,Maio,40,CV,04,MA,CV-MA,municipality,,,,15.2272182,-23.1563014,Atlantic/Cape_Verde,2019-10-05 21:48:51,2025-08-08 13:10:43,1,Q2551133
2992,Sotavento Islands,40,CV,04,S,CV-S,geographical region,,,,15.1200758,-23.6348181,Atlantic/Cape_Verde,2019-10-05 21:48:51,2025-08-08 13:10:45,1,Q500453
2993,São Lourenço dos Órgãos,40,CV,25,SO,CV-SO,municipality,,,,15.0709442,-23.5865131,Atlantic/Cape_Verde,2019-10-05 21:48:51,2025-08-08 13:10:46,1,Q494726
2994,Barlavento Islands,40,CV,25,B,CV-B,geographical region,,,,17.0555285,-25.1723049,Atlantic/Cape_Verde,2019-10-05 21:48:51,2025-08-08 13:10:48,1,Q494869
2995,Santa Catarina do Fogo,40,CV,24,CF,CV-CF,municipality,,,,14.9022545,-24.3212579,Atlantic/Cape_Verde,2019-10-05 21:48:51,2025-08-08 13:10:49,1,Q2608046
2996,Brava,40,CV,02,BR,CV-BR,municipality,,,,14.8519426,-24.7086939,Atlantic/Cape_Verde,2019-10-05 21:48:51,2025-08-08 13:10:51,1,Q2571624
2997,Paul,40,CV,05,PA,CV-PA,municipality,,,,17.1150295,-25.0201589,Atlantic/Cape_Verde,2019-10-05 21:48:51,2025-08-08 13:10:53,1,Q1475374
2998,Sal,40,CV,08,SL,CV-SL,municipality,,,,16.7204556,-22.9386761,Atlantic/Cape_Verde,2019-10-05 21:48:51,2025-08-08 13:10:55,1,Q2721003
2999,Boa Vista,40,CV,01,BV,CV-BV,municipality,,,,16.099509,-22.8009411,Atlantic/Cape_Verde,2019-10-05 21:48:51,2025-08-08 13:10:56,1,Q2721025
3000,São Filipe,40,CV,18,SF,CV-SF,municipality,,,,14.8951679,-24.4945636,Atlantic/Cape_Verde,2019-10-05 21:48:51,2025-08-08 13:10:58,1,Q6430079
3001,São Vicente,40,CV,11,SV,CV-SV,municipality,,,,16.8494412,-24.9718792,Atlantic/Cape_Verde,2019-10-05 21:48:51,2025-08-08 13:11:00,1,Q648842
3002,Ribeira Grande,40,CV,07,RG,CV-RG,municipality,,,,17.1833547,-25.0643795,Atlantic/Cape_Verde,2019-10-05 21:48:51,2025-08-08 13:11:02,1,Q1355642
3003,Tarrafal de São Nicolau,40,CV,27,TS,CV-TS,municipality,,,,16.5636498,-24.354942,Atlantic/Cape_Verde,2019-10-05 21:48:51,2025-08-08 13:11:04,1,Q1895853
3004,Santa Cruz,40,CV,16,CR,CV-CR,municipality,,,,15.1323932,-23.5576819,Atlantic/Cape_Verde,2019-10-05 21:48:51,2025-08-08 13:11:05,1,Q497472
3005,Schleswig-Holstein,82,DE,10,SH,DE-SH,land,,,,54.1853998,9.8220089,Europe/Berlin,2019-10-05 21:48:51,2025-08-08 13:11:07,1,Q1194
3006,Baden-Württemberg,82,DE,01,BW,DE-BW,land,,,,48.53775,9.041169,Europe/Berlin,2019-10-05 21:48:51,2025-08-08 13:11:09,1,Q985
3007,Mecklenburg-Vorpommern,82,DE,12,MV,DE-MV,land,,,,53.7735064,12.5755471,Europe/Berlin,2019-10-05 21:48:51,2025-08-08 13:11:10,1,Q1196
3008,Lower Saxony,82,DE,06,NI,DE-NI,land,,,,52.8398531,9.075962,Europe/Berlin,2019-10-05 21:48:51,2025-08-08 13:11:12,1,Q1197
3009,Bavaria,82,DE,02,BY,DE-BY,land,,,,48.9467562,11.4038717,Europe/Berlin,2019-10-05 21:48:51,2025-08-08 13:11:13,1,Q980
3010,Berlin,82,DE,16,BE,DE-BE,land,,,,52.510885,13.3989367,Europe/Berlin,2019-10-05 21:48:51,2025-08-08 13:11:15,1,Q64
3011,Saxony-Anhalt,82,DE,14,ST,DE-ST,land,,,,51.9280976,11.6812243,Europe/Berlin,2019-10-05 21:48:51,2025-08-08 13:11:17,1,Q1206
3013,Brandenburg,82,DE,11,BB,DE-BB,land,,,,52.8455492,13.2461296,Europe/Berlin,2019-10-05 21:48:51,2025-08-08 13:11:19,1,Q1208
3014,Bremen,82,DE,03,HB,DE-HB,land,,,,53.0792962,8.8016936,Europe/Berlin,2019-10-05 21:48:51,2025-08-08 13:11:20,1,Q1209
3015,Thuringia,82,DE,15,TH,DE-TH,land,,,,50.9014721,11.0377839,Europe/Berlin,2019-10-05 21:48:51,2025-08-08 13:11:22,1,Q1205
3016,Hamburg,82,DE,04,HH,DE-HH,land,,,,53.5510846,9.9936819,Europe/Berlin,2019-10-05 21:48:51,2025-08-08 13:11:23,1,Q1055
3017,North Rhine-Westphalia,82,DE,07,NW,DE-NW,land,,,,51.4789205,7.5543751,Europe/Berlin,2019-10-05 21:48:52,2025-08-08 13:11:25,1,Q1198
3018,Hessen,82,DE,05,HE,DE-HE,land,,,,50.6080651,9.0284647,Europe/Berlin,2019-10-05 21:48:52,2025-08-08 13:11:26,1,Q1199
3019,Rhineland-Palatinate,82,DE,08,RP,DE-RP,land,,,,49.9531599,7.310646,Europe/Berlin,2019-10-05 21:48:52,2025-08-08 13:11:28,1,Q1200
3020,Saarland,82,DE,09,SL,DE-SL,land,,,,49.3841872,6.9537369,Europe/Berlin,2019-10-05 21:48:52,2025-08-08 13:11:30,1,Q1201
3021,Saxony,82,DE,13,SN,DE-SN,land,,,,50.9295798,13.4585052,Europe/Berlin,2019-10-05 21:48:52,2025-08-08 13:11:32,1,Q1202
3022,Mafeteng,122,LS,13,E,LS-E,district,,,,-29.7893049,27.4423193,Africa/Maseru,2019-10-05 21:48:52,2025-08-08 13:11:34,1,Q817342
3023,Mohale's Hoek,122,LS,15,F,LS-F,district,,,,-30.1516305,27.4770113,Africa/Maseru,2019-10-05 21:48:52,2025-08-08 13:11:36,1,Q839074
3024,Mokhotlong,122,LS,16,J,LS-J,district,,,,-29.2190697,29.0351369,Africa/Maseru,2019-10-05 21:48:52,2025-08-08 13:11:37,1,Q817340
3025,Qacha's Nek,122,LS,17,H,LS-H,district,,,,-30.1114565,28.678979,Africa/Maseru,2019-10-05 21:48:52,2025-08-08 13:11:39,1,Q850423
3026,Leribe,122,LS,12,C,LS-C,district,,,,-28.866891,28.0579408,Africa/Maseru,2019-10-05 21:48:52,2025-08-08 13:11:41,1,Q819987
3027,Quthing,122,LS,18,G,LS-G,district,,,,-30.4015687,27.7080133,Africa/Maseru,2019-10-05 21:48:52,2025-08-08 13:11:43,1,Q839060
3028,Maseru,122,LS,14,A,LS-A,district,,,,-29.5816942,27.8243208,Africa/Maseru,2019-10-05 21:48:52,2025-08-08 13:11:45,1,Q844921
3029,Butha-Buthe,122,LS,11,B,LS-B,district,,,,-28.7653754,28.2468148,Africa/Maseru,2019-10-05 21:48:52,2025-08-08 13:11:46,1,Q535632
3030,Berea,122,LS,10,D,LS-D,district,,,,-29.1963971,27.9175581,Africa/Maseru,2019-10-05 21:48:52,2025-08-08 13:11:48,1,Q737086
3031,Thaba-Tseka,122,LS,19,K,LS-K,district,,,,-29.5151832,28.6036179,Africa/Maseru,2019-10-05 21:48:52,2025-08-08 13:11:49,1,Q817327
3032,Montserrado,123,LR,14,MO,LR-MO,county,,,,6.4095537,-10.6059403,Africa/Monrovia,2019-10-05 21:48:52,2025-08-08 13:11:51,1,Q862608
3033,River Cess,123,LR,18,RI,LR-RI,county,,,,5.9087331,-9.3938267,Africa/Monrovia,2019-10-05 21:48:52,2025-08-08 13:11:53,1,Q955095
3034,Bong,123,LR,01,BG,LR-BG,county,,,,6.9622195,-9.7134459,Africa/Monrovia,2019-10-05 21:48:52,2025-08-08 13:11:55,1,Q877578
3035,Sinoe,123,LR,10,SI,LR-SI,county,,,,5.3232693,-8.8435955,Africa/Monrovia,2019-10-05 21:48:52,2025-08-08 13:11:56,1,Q1043644
3036,Grand Cape Mount,123,LR,12,CM,LR-CM,county,,,,7.0496206,-11.129843,Africa/Monrovia,2019-10-05 21:48:52,2025-08-08 13:11:58,1,Q1047921
3037,Lofa,123,LR,20,LO,LR-LO,county,,,,7.8824046,-9.9760297,Africa/Monrovia,2019-10-05 21:48:52,2025-08-08 13:12:00,1,Q870130
3038,River Gee,123,LR,22,RG,LR-RG,county,,,,5.2653903,-7.8856203,Africa/Monrovia,2019-10-05 21:48:52,2025-08-08 13:12:02,1,Q1047875
3039,Grand Gedeh,123,LR,19,GG,LR-GG,county,,,,5.8161533,-8.0995537,Africa/Monrovia,2019-10-05 21:48:52,2025-08-08 13:12:04,1,Q950841
3040,Grand Bassa,123,LR,11,GB,LR-GB,county,,,,6.1640621,-9.895669,Africa/Monrovia,2019-10-05 21:48:52,2025-08-08 13:12:05,1,Q1047895
3041,Bomi,123,LR,15,BM,LR-BM,county,,,,6.7177856,-10.7881766,Africa/Monrovia,2019-10-05 21:48:52,2025-08-08 13:12:07,1,Q844127
3042,Maryland,123,LR,13,MY,LR-MY,county,,,,4.6355376,-7.7281669,Africa/Monrovia,2019-10-05 21:48:52,2025-08-08 13:12:08,1,Q870138
3043,Margibi,123,LR,17,MG,LR-MG,county,,,,6.6053676,-10.1758429,Africa/Monrovia,2019-10-05 21:48:52,2025-08-08 13:12:10,1,Q1052737
3044,Gbarpolu,123,LR,21,GP,LR-GP,county,,,,7.2681564,-10.3814771,Africa/Monrovia,2019-10-05 21:48:52,2025-08-08 13:12:12,1,Q592251
3045,Grand Kru,123,LR,16,GK,LR-GK,county,,,,4.84932,-8.3308845,Africa/Monrovia,2019-10-05 21:48:52,2025-08-08 13:12:14,1,Q574952
3046,Nimba,123,LR,09,NI,LR-NI,county,,,,6.8088813,-8.7461448,Africa/Monrovia,2019-10-05 21:48:52,2025-08-08 13:12:16,1,Q868497
3047,Ad Dhahirah,166,OM,09,ZA,OM-ZA,governorate,,,,22.6505232,56.0616295,Asia/Muscat,2019-10-05 21:48:52,2025-08-08 13:12:17,1,Q1468596
3048,Al Batinah North,166,OM,11,BS,OM-BS,governorate,,,,24.2371879,56.5701198,Asia/Muscat,2019-10-05 21:48:52,2025-08-08 13:12:19,1,Q4703564
3049,Al Batinah South,166,OM,02,BJ,OM-BJ,governorate,,,,23.3673911,57.4737863,Asia/Muscat,2019-10-05 21:48:52,2025-08-08 13:12:20,1,Q4703565
3050,Al Batinah Region,166,OM,02,BA,OM-BA,governorate,,,,23.77,57.25,Asia/Muscat,2019-10-05 21:48:52,2025-08-08 13:12:22,1,Q264245
3051,Ash Sharqiyah Region,166,OM,04,SH,OM-SH,governorate,,,,21.4008912,57.6984961,Asia/Muscat,2019-10-05 21:48:52,2025-08-08 13:12:24,1,Q1106416
3052,Musandam,166,OM,07,MU,OM-MU,governorate,,,,26.1523215,56.3294895,Asia/Muscat,2019-10-05 21:48:52,2025-08-08 13:12:25,1,Q372144
3053,Ash Sharqiyah North,166,OM,07,SS,OM-SS,governorate,,,,22.2024738,58.5159072,Asia/Muscat,2019-10-05 21:48:52,2025-08-08 13:12:27,1,Q4501876
3054,Ash Sharqiyah South,166,OM,07,SJ,OM-SJ,governorate,,,,21.909878,59.3078117,Asia/Muscat,2019-10-05 21:48:52,2025-08-08 13:12:29,1,Q4501894
3055,Muscat,166,OM,06,MA,OM-MA,governorate,,,,23.6123628,58.5938134,Asia/Muscat,2019-10-05 21:48:52,2025-08-08 13:12:30,1,Q544762
3056,Al Wusta,166,OM,03,WU,OM-WU,governorate,,,,19.7250347,56.4313671,Asia/Muscat,2019-10-05 21:48:52,2025-08-08 13:12:32,1,Q958518
3057,Dhofar,166,OM,08,ZU,OM-ZU,governorate,,,,18.3368829,54.2092994,Asia/Muscat,2019-10-05 21:48:52,2025-08-08 13:12:34,1,Q1207752
3058,Ad Dakhiliyah,166,OM,01,DA,OM-DA,governorate,,,,22.2259752,57.3692722,Asia/Muscat,2019-10-05 21:48:52,2025-08-08 13:12:35,1,Q792550
3059,Al Buraimi,166,OM,10,BU,OM-BU,governorate,,,,24.1614948,56.1464102,Asia/Muscat,2019-10-05 21:48:52,2025-08-08 13:12:37,1,Q852039
3060,Ngamiland,29,BW,07,NG,BW-NG,city,,,,-19.9875533,23.4267468,Africa/Gaborone,2019-10-05 21:48:52,2025-08-08 13:12:39,1,Q3339267
3061,Ghanzi,29,BW,03,GH,BW-GH,district,,,,-21.6968123,21.6457062,Africa/Gaborone,2019-10-05 21:48:52,2025-08-08 13:12:41,1,Q57571
3062,Kgatleng,29,BW,05,KL,BW-KL,district,,,,-24.134085,26.4177246,Africa/Gaborone,2019-10-05 21:48:52,2025-08-08 13:12:42,1,Q57593
3063,Southern,29,BW,10,SO,BW-SO,district,,,,-24.7998688,24.5800692,Africa/Gaborone,2019-10-05 21:48:52,2025-08-08 13:12:44,1,Q57609
3064,South-East,29,BW,09,SE,BW-SE,district,,,,-24.6563846,26.0575429,Africa/Gaborone,2019-10-05 21:48:52,2025-08-08 13:12:45,1,Q57695
3065,North-West,29,BW,11,NW,BW-NW,district,,,,-19.3893529,23.267951,Africa/Gaborone,2019-10-05 21:48:52,2025-08-08 13:12:47,1,Q57617
3066,Kgalagadi,29,BW,04,KG,BW-KG,district,,,,-24.8490576,21.7883349,Africa/Gaborone,2019-10-05 21:48:52,2025-08-08 13:12:49,1,Q57581
3067,Central,29,BW,01,CE,BW-CE,district,,,,-21.4790187,26.2154174,Africa/Gaborone,2019-10-05 21:48:52,2025-08-08 13:12:51,1,Q57525
3068,North-East,29,BW,08,NE,BW-NE,district,,,,-21.0244816,27.5147504,Africa/Gaborone,2019-10-05 21:48:52,2025-08-08 13:12:52,1,Q57636
3069,Kweneng,29,BW,06,KW,BW-KW,district,,,,-23.9028101,24.9214122,Africa/Gaborone,2019-10-05 21:48:52,2025-08-08 13:12:54,1,Q57599
3070,Collines,24,BJ,11,CO,BJ-CO,department,,,,8.1085479,2.1853101,Africa/Porto-Novo,2019-10-05 21:48:52,2025-08-08 13:12:56,1,Q29141
3071,Kouffo,24,BJ,12,KO,BJ-KO,department,,,,7.1312662,1.7567394,Africa/Porto-Novo,2019-10-05 21:48:52,2025-08-08 13:12:57,1,Q29173
3072,Donga,24,BJ,13,DO,BJ-DO,department,,,,9.2679806,1.7170684,Africa/Porto-Novo,2019-10-05 21:48:52,2025-08-08 13:12:59,1,Q29161
3073,Zou,24,BJ,18,ZO,BJ-ZO,department,,,,7.2834335,2.1227604,Africa/Porto-Novo,2019-10-05 21:48:52,2025-08-08 13:13:01,1,Q29172
3074,Plateau,24,BJ,17,PL,BJ-PL,department,,,,7.1002602,2.6409144,Africa/Porto-Novo,2019-10-05 21:48:52,2025-08-08 13:13:03,1,Q32108
3075,Mono,24,BJ,15,MO,BJ-MO,department,,,,6.457624,1.867408,Africa/Porto-Novo,2019-10-05 21:48:52,2025-08-08 13:13:04,1,Q29135
3076,Atakora,24,BJ,08,AK,BJ-AK,department,,,,10.7160515,1.5331527,Africa/Porto-Novo,2019-10-05 21:48:52,2025-08-08 13:13:06,1,Q29154
3077,Alibori,24,BJ,07,AL,BJ-AL,department,,,,11.4649482,2.7938798,Africa/Porto-Novo,2019-10-05 21:48:52,2025-08-08 13:13:07,1,Q29165
3078,Borgou,24,BJ,10,BO,BJ-BO,department,,,,9.7097453,2.7422648,Africa/Porto-Novo,2019-10-05 21:48:52,2025-08-08 13:13:09,1,Q29136
3079,Atlantique,24,BJ,09,AQ,BJ-AQ,department,,,,6.540829,2.223095,Africa/Porto-Novo,2019-10-05 21:48:52,2025-08-08 13:13:11,1,Q29147
3080,Ouémé,24,BJ,16,OU,BJ-OU,department,,,,6.6013531,2.550566,Africa/Porto-Novo,2019-10-05 21:48:52,2025-08-08 13:13:12,1,Q29169
3081,Littoral,24,BJ,14,LI,BJ-LI,department,,,,6.3663195,2.4170608,Africa/Porto-Novo,2019-10-05 21:48:52,2025-08-08 13:13:14,1,Q29158
3082,Machinga,131,MW,28,MH,MW-MH,district,1,3106,,-14.9094681,35.601696,Africa/Blantyre,2019-10-05 21:48:52,2025-08-08 13:13:16,1,Q198585
3083,Zomba,131,MW,23,ZO,MW-ZO,district,1,3106,,-15.3863208,35.3268273,Africa/Blantyre,2019-10-05 21:48:52,2025-08-08 13:13:18,1,Q1058442
3084,Mwanza,131,MW,25,MW,MW-MW,district,1,3106,,-15.6136031,34.5146595,Africa/Blantyre,2019-10-05 21:48:52,2025-08-08 13:13:19,1,Q797933
3085,Nsanje,131,MW,19,NS,MW-NS,district,1,3106,,-16.7199917,35.1011088,Africa/Blantyre,2019-10-05 21:48:52,2025-08-08 13:13:21,1,Q198587
3086,Salima,131,MW,22,SA,MW-SA,district,1,3092,,-13.7628984,34.45237,Africa/Blantyre,2019-10-05 21:48:52,2025-08-08 13:13:23,1,Q195353
3087,Chitipa,131,MW,04,CT,MW-CT,district,1,3105,,-9.7037655,33.2700253,Africa/Blantyre,2019-10-05 21:48:52,2025-08-08 13:13:25,1,Q1044337
3088,Ntcheu,131,MW,16,NU,MW-NU,district,1,3092,,-14.8227293,34.7687178,Africa/Blantyre,2019-10-05 21:48:52,2025-08-08 13:13:26,1,Q797937
3089,Rumphi,131,MW,21,RU,MW-RU,district,1,3105,,-10.7909326,33.8507118,Africa/Blantyre,2019-10-05 21:48:52,2025-08-08 13:13:27,1,Q1044312
3090,Dowa,131,MW,07,DO,MW-DO,district,1,3092,,-13.5387578,33.778108,Africa/Blantyre,2019-10-05 21:48:52,2025-08-08 13:13:29,1,Q195356
3091,Karonga,131,MW,08,KR,MW-KR,district,1,3105,,-10.0847469,33.8661918,Africa/Blantyre,2019-10-05 21:48:52,2025-08-08 13:13:31,1,Q868819
3092,Central,131,MW,C,C,MW-C,region,,,,-13.7442725,33.7056942,Africa/Blantyre,2019-10-05 21:48:52,2025-08-08 13:13:33,1,Q860758
3093,Likoma,131,MW,27,LK,MW-LK,district,1,3105,,-12.0584005,34.7354031,Africa/Blantyre,2019-10-05 21:48:52,2025-08-08 13:13:34,1,Q740622
3094,Kasungu,131,MW,09,KS,MW-KS,district,1,3092,,-12.9921789,33.4724535,Africa/Blantyre,2019-10-05 21:48:52,2025-08-08 13:13:36,1,Q868778
3095,Nkhata Bay,131,MW,17,NB,MW-NB,district,1,3105,,-11.606995,34.2983907,Africa/Blantyre,2019-10-05 21:48:52,2025-08-08 13:13:38,1,Q1051505
3096,Balaka,131,MW,26,BA,MW-BA,district,1,3106,,-15.0347969,35.0605888,Africa/Blantyre,2019-10-05 21:48:52,2025-08-08 13:13:40,1,Q870044
3097,Dedza,131,MW,06,DE,MW-DE,district,1,3092,,-14.2374479,34.3196514,Africa/Blantyre,2019-10-05 21:48:52,2025-08-08 13:13:41,1,Q667153
3098,Thyolo,131,MW,05,TH,MW-TH,district,1,3106,,-16.1287747,35.1449132,Africa/Blantyre,2019-10-05 21:48:52,2025-08-08 13:13:43,1,Q722515
3099,Mchinji,131,MW,13,MC,MW-MC,district,1,3092,,-13.7828897,33.0204739,Africa/Blantyre,2019-10-05 21:48:52,2025-08-08 13:13:45,1,Q868792
3100,Nkhotakota,131,MW,18,NK,MW-NK,district,1,3092,,-12.8321965,34.0329177,Africa/Blantyre,2019-10-05 21:48:52,2025-08-08 13:13:46,1,Q687248
3101,Lilongwe,131,MW,11,LI,MW-LI,district,1,3092,,-14.0414105,33.7353708,Africa/Blantyre,2019-10-05 21:48:52,2025-08-08 13:13:48,1,Q1058453
3102,Blantyre,131,MW,24,BL,MW-BL,district,1,3106,,-15.6843502,34.9227838,Africa/Blantyre,2019-10-05 21:48:52,2025-08-08 13:13:50,1,Q1059262
3103,Mulanje,131,MW,29,MU,MW-MU,district,1,3106,,-15.91088,35.541255,Africa/Blantyre,2019-10-05 21:48:52,2025-08-08 13:13:52,1,Q509097
3104,Mzimba,131,MW,15,MZ,MW-MZ,district,1,3105,,-11.8458102,33.5578319,Africa/Blantyre,2019-10-05 21:48:52,2025-08-08 13:13:54,1,Q1045435
3105,Northern,131,MW,N,N,MW-N,region,,,,-11.0491652,33.7730261,Africa/Blantyre,2019-10-05 21:48:52,2025-08-08 13:13:55,1,Q868827
3106,Southern,131,MW,S,S,MW-S,region,,,,-15.3062901,35.3283174,Africa/Blantyre,2019-10-05 21:48:52,2025-08-08 13:13:57,1,Q868784
3107,Chikwawa,131,MW,02,CK,MW-CK,district,1,3106,,-16.215382,34.7228393,Africa/Blantyre,2019-10-05 21:48:52,2025-08-08 13:13:59,1,Q722509
3108,Phalombe,131,MW,30,PH,MW-PH,district,1,3106,,-15.6922071,35.6650523,Africa/Blantyre,2019-10-05 21:48:52,2025-08-08 13:14:00,1,Q538991
3109,Chiradzulu,131,MW,03,CR,MW-CR,district,1,3106,,-15.75472,35.2055362,Africa/Blantyre,2019-10-05 21:48:52,2025-08-08 13:14:02,1,Q722501
3110,Mangochi,131,MW,12,MG,MW-MG,district,1,3106,,-14.141111,35.3267495,Africa/Blantyre,2019-10-05 21:48:52,2025-08-08 13:14:03,1,Q722505
3111,Ntchisi,131,MW,20,NI,MW-NI,district,1,3092,,-13.276988,33.8546272,Africa/Blantyre,2019-10-05 21:48:52,2025-08-08 13:14:05,1,Q798235
3112,Kénédougou,35,BF,54,KEN,BF-KEN,province,1,3165,,11.403998,-4.9851028,Africa/Ouagadougou,2019-10-05 21:48:52,2025-08-08 13:14:07,1,Q1150901
3113,Namentenga,35,BF,64,NAM,BF-NAM,province,1,3127,,13.23672,-0.4819343,Africa/Ouagadougou,2019-10-05 21:48:52,2025-08-08 13:14:09,1,Q1142044
3114,Sahel,35,BF,12,12,BF-12,region,1,,,14.0279165,-0.7717776,Africa/Ouagadougou,2019-10-05 21:48:52,2025-08-08 13:14:10,1,Q665514
3115,Centre-Ouest,35,BF,06,06,BF-06,region,1,,,11.9067933,-2.3044801,Africa/Ouagadougou,2019-10-05 21:48:52,2025-08-08 13:14:12,1,Q850075
3116,Nahouri,35,BF,65,NAO,BF-NAO,province,1,3149,,11.2545114,-1.2699821,Africa/Ouagadougou,2019-10-05 21:48:52,2025-08-08 13:14:14,1,Q1142003
3117,Passoré,35,BF,34,PAS,BF-PAS,province,1,3164,,12.8777,-2.2944905,Africa/Ouagadougou,2019-10-05 21:48:52,2025-08-08 13:14:16,1,Q1142008
3118,Zoundwéogo,35,BF,44,ZOU,BF-ZOU,province,1,3149,,11.5525895,-1.0308938,Africa/Ouagadougou,2019-10-05 21:48:52,2025-08-08 13:14:17,1,Q227059
3119,Sissili,35,BF,72,SIS,BF-SIS,province,1,3115,,11.4484064,-2.3912085,Africa/Ouagadougou,2019-10-05 21:48:52,2025-08-08 13:14:19,1,Q964281
3120,Banwa,35,BF,46,BAN,BF-BAN,province,1,3138,,12.2265568,-4.1913344,Africa/Ouagadougou,2019-10-05 21:48:52,2025-08-08 13:14:20,1,Q674664
3121,Bougouriba,35,BF,48,BGR,BF-BGR,province,1,3140,,10.8820933,-3.4306631,Africa/Ouagadougou,2019-10-05 21:48:52,2025-08-08 13:14:22,1,Q676641
3122,Gnagna,35,BF,21,GNA,BF-GNA,province,1,3158,,12.9154574,-0.0659562,Africa/Ouagadougou,2019-10-05 21:48:52,2025-08-08 13:14:24,1,Q1074144
3123,Mouhoun,35,BF,63,MOU,BF-MOU,province,1,3138,,12.2367475,-3.3387562,Africa/Ouagadougou,2019-10-05 21:48:52,2025-08-08 13:14:26,1,Q1142050
3124,Yagha,35,BF,75,YAG,BF-YAG,province,1,3114,,13.4269445,0.6161497,Africa/Ouagadougou,2019-10-05 21:48:52,2025-08-08 13:14:27,1,Q1074466
3125,Plateau-Central,35,BF,11,11,BF-11,region,1,,,12.40414,-0.886416,Africa/Ouagadougou,2019-10-05 21:48:52,2025-08-08 13:14:29,1,Q862606
3126,Sanmatenga,35,BF,70,SMT,BF-SMT,province,1,3127,,13.2405448,-0.9747023,Africa/Ouagadougou,2019-10-05 21:48:52,2025-08-08 13:14:31,1,Q1142039
3127,Centre-Nord,35,BF,05,05,BF-05,region,1,,,13.23871,-1.0349832,Africa/Ouagadougou,2019-10-05 21:48:52,2025-08-08 13:14:33,1,Q850064
3128,Tapoa,35,BF,42,TAP,BF-TAP,province,1,3158,,12.1450627,1.7603025,Africa/Ouagadougou,2019-10-05 21:48:52,2025-08-08 13:14:34,1,Q621983
3129,Houet,35,BF,51,HOU,BF-HOU,province,1,3165,,11.3851056,-4.3273643,Africa/Ouagadougou,2019-10-05 21:48:52,2025-08-08 13:14:36,1,Q1074161
3130,Zondoma,35,BF,78,ZON,BF-ZON,province,1,3164,,13.1975396,-2.3085276,Africa/Ouagadougou,2019-10-05 21:48:52,2025-08-08 13:14:37,1,Q219859
3131,Boulgou,35,BF,49,BLG,BF-BLG,province,1,3162,,11.464625,-0.4089101,Africa/Ouagadougou,2019-10-05 21:48:52,2025-08-08 13:14:39,1,Q895097
3132,Komondjari,35,BF,56,KMD,BF-KMD,province,1,3158,,12.7269113,0.7047083,Africa/Ouagadougou,2019-10-05 21:48:52,2025-08-08 13:14:41,1,Q1074479
3133,Koulpélogo,35,BF,59,KOP,BF-KOP,province,1,3162,,11.4153137,0.149899,Africa/Ouagadougou,2019-10-05 21:48:52,2025-08-08 13:14:42,1,Q934923
3134,Tuy,35,BF,74,TUI,BF-TUI,province,1,3165,,11.4495604,-3.3787653,Africa/Ouagadougou,2019-10-05 21:48:52,2025-08-08 13:14:44,1,Q627844
3135,Ioba,35,BF,52,IOB,BF-IOB,province,1,3140,,11.0343187,-2.9627761,Africa/Ouagadougou,2019-10-05 21:48:52,2025-08-08 13:14:45,1,Q1074154
3136,Centre,35,BF,03,03,BF-03,region,1,,,12.36732,-1.5430869,Africa/Ouagadougou,2019-10-05 21:48:52,2025-08-08 13:14:47,1,Q515655
3137,Sourou,35,BF,73,SOR,BF-SOR,province,1,3138,,13.2311675,-2.962181,Africa/Ouagadougou,2019-10-05 21:48:52,2025-08-08 13:14:48,1,Q558703
3138,Boucle du Mouhoun,35,BF,01,01,BF-01,region,1,,,12.4777805,-3.5879571,Africa/Ouagadougou,2019-10-05 21:48:52,2025-08-08 13:14:50,1,Q527093
3139,Séno,35,BF,71,SEN,BF-SEN,province,1,3114,,13.99508,-0.0992076,Africa/Ouagadougou,2019-10-05 21:48:52,2025-08-08 13:14:52,1,Q1061214
3140,Sud-Ouest,35,BF,13,13,BF-13,region,1,,,10.3869208,-3.2831886,Africa/Ouagadougou,2019-10-05 21:48:52,2025-08-08 13:14:54,1,Q429149
3141,Oubritenga,35,BF,68,OUB,BF-OUB,province,1,3125,,12.59701,-1.252231,Africa/Ouagadougou,2019-10-05 21:48:52,2025-08-08 13:14:55,1,Q1142026
3142,Nayala,35,BF,66,NAY,BF-NAY,province,1,3138,,12.6601866,-2.9891153,Africa/Ouagadougou,2019-10-05 21:48:52,2025-08-08 13:14:57,1,Q1141776
3143,Gourma,35,BF,50,GOU,BF-GOU,province,1,3158,,12.2278267,0.5472078,Africa/Ouagadougou,2019-10-05 21:48:52,2025-08-08 13:14:58,1,Q432317
3144,Oudalan,35,BF,33,OUD,BF-OUD,province,1,3114,,14.6253063,-0.3333471,Africa/Ouagadougou,2019-10-05 21:48:52,2025-08-08 13:15:00,1,Q514173
3145,Ziro,35,BF,77,ZIR,BF-ZIR,province,1,3115,,11.675305,-1.9146626,Africa/Ouagadougou,2019-10-05 21:48:52,2025-08-08 13:15:01,1,Q206019
3146,Kossi,35,BF,58,KOS,BF-KOS,province,1,3138,,12.9593346,-3.8436797,Africa/Ouagadougou,2019-10-05 21:48:52,2025-08-08 13:15:03,1,Q1074485
3147,Kourwéogo,35,BF,60,KOW,BF-KOW,province,1,3125,,12.6004222,-1.7598561,Africa/Ouagadougou,2019-10-05 21:48:52,2025-08-08 13:15:04,1,Q661376
3148,Ganzourgou,35,BF,20,GAN,BF-GAN,province,1,3125,,12.2899154,-0.8083429,Africa/Ouagadougou,2019-10-05 21:48:52,2025-08-08 13:15:06,1,Q182889
3149,Centre-Sud,35,BF,07,07,BF-07,region,1,,,11.5833646,-1.0556301,Africa/Ouagadougou,2019-10-05 21:48:52,2025-08-08 13:15:08,1,Q853405
3150,Yatenga,35,BF,76,YAT,BF-YAT,province,1,3164,,13.5942938,-2.5249513,Africa/Ouagadougou,2019-10-05 21:48:52,2025-08-08 13:15:10,1,Q1074521
3151,Loroum,35,BF,62,LOR,BF-LOR,province,1,3164,,13.9463767,-2.10554,Africa/Ouagadougou,2019-10-05 21:48:52,2025-08-08 13:15:11,1,Q1142054
3152,Bazèga,35,BF,47,BAZ,BF-BAZ,province,1,3149,,11.8922276,-1.4593762,Africa/Ouagadougou,2019-10-05 21:48:52,2025-08-08 13:15:13,1,Q619764
3153,Cascades,35,BF,02,02,BF-02,region,1,,,10.3071812,-4.4351893,Africa/Ouagadougou,2019-10-05 21:48:52,2025-08-08 13:15:14,1,Q850043
3154,Sanguié,35,BF,36,SNG,BF-SNG,province,1,3115,,12.2101561,-2.6421059,Africa/Ouagadougou,2019-10-05 21:48:52,2025-08-08 13:15:16,1,Q1142014
3155,Bam,35,BF,15,BAM,BF-BAM,province,1,3127,,13.468115,-1.5986637,Africa/Ouagadougou,2019-10-05 21:48:52,2025-08-08 13:15:17,1,Q620710
3156,Noumbiel,35,BF,67,NOU,BF-NOU,province,1,3140,,9.7967453,-2.9265543,Africa/Ouagadougou,2019-10-05 21:48:52,2025-08-08 13:15:19,1,Q646647
3157,Kompienga,35,BF,57,KMP,BF-KMP,province,1,3158,,11.4487592,0.9770378,Africa/Ouagadougou,2019-10-05 21:48:52,2025-08-08 13:15:21,1,Q1142059
3158,Est,35,BF,57,08,BF-08,region,1,,,12.2527495,0.8736106,Africa/Ouagadougou,2019-10-05 21:48:52,2025-08-08 13:15:23,1,Q850088
3159,Léraba,35,BF,61,LER,BF-LER,province,1,3153,,10.6520035,-5.2116858,Africa/Ouagadougou,2019-10-05 21:48:53,2025-08-08 13:15:24,1,Q977607
3160,Balé,35,BF,45,BAL,BF-BAL,province,1,3138,,11.658145,-3.0541022,Africa/Ouagadougou,2019-10-05 21:48:53,2025-08-08 13:15:26,1,Q805913
3161,Kouritenga,35,BF,28,KOT,BF-KOT,province,1,3162,,12.185035,-0.244848,Africa/Ouagadougou,2019-10-05 21:48:53,2025-08-08 13:15:27,1,Q1141767
3162,Centre-Est,35,BF,28,04,BF-04,region,1,,,11.734933,-0.2921056,Africa/Ouagadougou,2019-10-05 21:48:53,2025-08-08 13:15:29,1,Q543006
3163,Poni,35,BF,69,PON,BF-PON,province,1,3140,,10.3085943,-3.3016811,Africa/Ouagadougou,2019-10-05 21:48:53,2025-08-08 13:15:30,1,Q953657
3164,Nord,35,BF,69,10,BF-10,region,1,,,13.45911,-2.2496367,Africa/Ouagadougou,2019-10-05 21:48:53,2025-08-08 13:15:32,1,Q502320
3165,Hauts-Bassins,35,BF,09,09,BF-09,region,1,,,11.3890275,-4.041365,Africa/Ouagadougou,2019-10-05 21:48:53,2025-08-08 13:15:34,1,Q845303
3166,Soum,35,BF,40,SOM,BF-SOM,province,1,3114,,14.2861443,-1.3452326,Africa/Ouagadougou,2019-10-05 21:48:53,2025-08-08 13:15:36,1,Q385973
3167,Comoé,35,BF,55,COM,BF-COM,province,1,3153,,10.2419897,-4.4268875,Africa/Ouagadougou,2019-10-05 21:48:53,2025-08-08 13:15:37,1,Q1074496
3168,Kadiogo,35,BF,53,KAD,BF-KAD,province,1,3136,,12.36732,-1.5430869,Africa/Ouagadougou,2019-10-05 21:48:53,2025-08-08 13:15:39,1,Q1074530
3169,Islamabad,167,PK,08,IS,PK-IS,federal capital territory,,,,33.6938118,73.0651511,Asia/Karachi,2019-10-05 21:48:53,2025-08-08 13:15:41,1,Q848613
3170,Gilgit-Baltistan,167,PK,07,GB,PK-GB,administered area,,,,35.9999972,75.0000023,Asia/Karachi,2019-10-05 21:48:53,2025-08-08 13:15:43,1,Q200697
3171,Khyber Pakhtunkhwa,167,PK,03,KP,PK-KP,province,,,,33.712802,71.2678805,Asia/Karachi,2019-10-05 21:48:53,2025-08-08 13:15:44,1,Q183314
3172,Azad Kashmir,167,PK,06,JK,PK-JK,administered area,,,,33.84412,73.796642,Asia/Karachi,2019-10-05 21:48:53,2025-08-08 13:15:46,1,Q200130
3173,Federally Administered Tribal Areas,167,PK,01,TA,PK-TA,administered area,,,,33.0216939,70.00844,Asia/Karachi,2019-10-05 21:48:53,2025-08-08 13:15:48,1,Q208270
3174,Balochistan,167,PK,02,BA,PK-BA,province,,,,28,66,Asia/Karachi,2019-10-05 21:48:53,2025-08-08 13:15:50,1,Q163239
3175,Sindh,167,PK,05,SD,PK-SD,province,,,,25.5,69,Asia/Karachi,2019-10-05 21:48:53,2025-08-08 13:15:51,1,Q37211
3176,Punjab,167,PK,04,PB,PK-PB,province,,,,31,72,Asia/Karachi,2019-10-05 21:48:53,2025-08-08 13:15:53,1,Q4478
3177,Al Rayyan,179,QA,06,RA,QA-RA,municipality,,,,24.9304741,50.9776888,Asia/Qatar,2019-10-05 21:48:53,2025-08-08 13:15:55,1,Q311272
3178,Al-Shahaniya,179,QA,14,SH,QA-SH,municipality,,,,25.3717421,51.227109,Asia/Qatar,2019-10-05 21:48:53,2025-08-08 13:15:57,1,Q12188815
3179,Al Wakrah,179,QA,10,WA,QA-WA,municipality,,,,25.1566623,51.6013212,Asia/Qatar,2019-10-05 21:48:53,2025-08-08 13:15:58,1,Q310893
3180,Madinat ash Shamal,179,QA,08,MS,QA-MS,municipality,,,,26.1182743,51.2157265,Asia/Qatar,2019-10-05 21:48:53,2025-08-08 13:16:00,1,Q310872
3181,Doha,179,QA,01,DA,QA-DA,municipality,,,,25.2854473,51.5310398,Asia/Qatar,2019-10-05 21:48:53,2025-08-08 13:16:02,1,Q3861
3182,Al Daayen,179,QA,01,ZA,QA-ZA,municipality,,,,25.5097419,51.4422699,Asia/Qatar,2019-10-05 21:48:53,2025-08-08 13:16:04,1,Q310786
3183,Al Khor,179,QA,04,KH,QA-KH,municipality,,,,25.6804078,51.4968502,Asia/Qatar,2019-10-05 21:48:53,2025-08-08 13:16:05,1,Q1156471
3184,Umm Salal,179,QA,09,US,QA-US,municipality,,,,25.4647654,51.3383996,Asia/Qatar,2019-10-05 21:48:53,2025-08-08 13:16:07,1,Q990414
3185,Rumonge,36,BI,26,RM,BI-RM,province,,,,-3.9754049,29.4388014,Africa/Bujumbura,2019-10-05 21:48:53,2025-08-08 13:16:09,1,Q20669646
3186,Muyinga,36,BI,18,MY,BI-MY,province,,,,-2.7335985,30.3171441,Africa/Bujumbura,2019-10-05 21:48:53,2025-08-08 13:16:11,1,Q822571
3187,Mwaro,36,BI,23,MW,BI-MW,province,,,,-3.4650043,29.6708508,Africa/Bujumbura,2019-10-05 21:48:53,2025-08-08 13:16:12,1,Q847718
3188,Makamba,36,BI,17,MA,BI-MA,province,,,,-4.1978315,29.8073996,Africa/Bujumbura,2019-10-05 21:48:53,2025-08-08 13:16:14,1,Q823740
3189,Rutana,36,BI,20,RT,BI-RT,province,,,,-3.8618714,30.0676979,Africa/Bujumbura,2019-10-05 21:48:53,2025-08-08 13:16:16,1,Q822566
3190,Cibitoke,36,BI,12,CI,BI-CI,province,,,,-2.8477341,29.261662,Africa/Bujumbura,2019-10-05 21:48:53,2025-08-08 13:16:17,1,Q505596
3191,Ruyigi,36,BI,21,RY,BI-RY,province,,,,-3.4733471,30.2501278,Africa/Bujumbura,2019-10-05 21:48:53,2025-08-08 13:16:19,1,Q822578
3192,Kayanza,36,BI,15,KY,BI-KY,province,,,,-3.0214816,29.6458034,Africa/Bujumbura,2019-10-05 21:48:53,2025-08-08 13:16:21,1,Q720848
3193,Muramvya,36,BI,22,MU,BI-MU,province,,,,-3.2751181,29.6307855,Africa/Bujumbura,2019-10-05 21:48:53,2025-08-08 13:16:23,1,Q671086
3194,Karuzi,36,BI,14,KR,BI-KR,province,,,,-3.1255377,30.0978347,Africa/Bujumbura,2019-10-05 21:48:53,2025-08-08 13:16:24,1,Q735463
3195,Kirundo,36,BI,16,KI,BI-KI,province,,,,-2.5853872,30.0933449,Africa/Bujumbura,2019-10-05 21:48:53,2025-08-08 13:16:25,1,Q600840
3196,Bubanza,36,BI,09,BB,BI-BB,province,,,,-3.1112787,29.3828358,Africa/Bujumbura,2019-10-05 21:48:53,2025-08-08 13:16:27,1,Q460538
3197,Gitega,36,BI,13,GI,BI-GI,province,,,,-3.5382336,29.910701,Africa/Bujumbura,2019-10-05 21:48:53,2025-08-08 13:16:28,1,Q720843
3198,Bujumbura Mairie,36,BI,24,BM,BI-BM,province,,,,-3.3493959,29.3631843,Africa/Bujumbura,2019-10-05 21:48:53,2025-08-08 13:16:29,1,Q1816580
3199,Ngozi,36,BI,19,NG,BI-NG,province,,,,-2.8776895,29.8994986,Africa/Bujumbura,2019-10-05 21:48:53,2025-08-08 13:16:31,1,Q720852
3200,Bujumbura Rural,36,BI,25,BL,BI-BL,province,,,,-3.4759817,29.4535702,Africa/Bujumbura,2019-10-05 21:48:53,2025-08-08 13:16:33,1,Q645043
3201,Cankuzo,36,BI,11,CA,BI-CA,province,,,,-3.1450876,30.58987,Africa/Bujumbura,2019-10-05 21:48:53,2025-08-08 13:16:35,1,Q645033
3202,Bururi,36,BI,10,BR,BI-BR,province,,,,-3.8581592,29.584379,Africa/Bujumbura,2019-10-05 21:48:53,2025-08-08 13:16:36,1,Q431385
3203,Flores,235,UY,06,FS,UY-FS,department,,,,-33.6518845,-56.8393553,America/Montevideo,2019-10-05 21:48:53,2025-08-08 13:16:38,1,Q16578
3204,San José,235,UY,16,SJ,UY-SJ,department,,,,-34.3396521,-56.7143155,America/Montevideo,2019-10-05 21:48:53,2025-08-08 13:16:40,1,Q16579
3205,Artigas,235,UY,01,AR,UY-AR,department,,,,-30.6170756,-56.9373451,America/Montevideo,2019-10-05 21:48:53,2025-08-08 13:16:42,1,Q16603
3206,Maldonado,235,UY,09,MA,UY-MA,department,,,,-34.666667,-54.916667,America/Montevideo,2019-10-05 21:48:53,2025-08-08 13:16:43,1,Q331196
3207,Rivera,235,UY,13,RV,UY-RV,department,,,,-31.5,-55.25,America/Montevideo,2019-10-05 21:48:53,2025-08-08 13:16:45,1,Q16609
3208,Colonia,235,UY,04,CO,UY-CO,department,,,,-34.1664516,-57.4993268,America/Montevideo,2019-10-05 21:48:53,2025-08-08 13:16:46,1,Q16580
3209,Durazno,235,UY,05,DU,UY-DU,department,,,,-33.0833329,-56.0833331,America/Montevideo,2019-10-05 21:48:53,2025-08-08 13:16:48,1,Q16591
3210,Río Negro,235,UY,12,RN,UY-RN,department,,,,-32.7257419,-57.387578,America/Montevideo,2019-10-05 21:48:53,2025-08-08 13:16:50,1,Q16596
3211,Cerro Largo,235,UY,03,CL,UY-CL,department,,,,-32.333333,-54.333333,America/Montevideo,2019-10-05 21:48:53,2025-08-08 13:16:51,1,Q16575
3212,Paysandú,235,UY,11,PA,UY-PA,department,,,,-32,-57.25,America/Montevideo,2019-10-05 21:48:53,2025-08-08 13:16:53,1,Q16576
3213,Canelones,235,UY,02,CA,UY-CA,department,,,,-34.6222482,-55.9903797,America/Montevideo,2019-10-05 21:48:53,2025-08-08 13:16:55,1,Q16577
3214,Treinta y Tres,235,UY,19,TT,UY-TT,department,,,,-33,-54.25,America/Montevideo,2019-10-05 21:48:53,2025-08-08 13:16:57,1,Q16610
3215,Lavalleja,235,UY,08,LA,UY-LA,department,,,,-33.9971964,-54.9992242,America/Montevideo,2019-10-05 21:48:53,2025-08-08 13:16:58,1,Q460435
3216,Rocha,235,UY,14,RO,UY-RO,department,,,,-34,-54,America/Montevideo,2019-10-05 21:48:53,2025-08-08 13:17:00,1,Q16582
3217,Florida,235,UY,07,FD,UY-FD,department,,,,-33.833333,-55.916667,America/Montevideo,2019-10-05 21:48:53,2025-08-08 13:17:01,1,Q16593
3218,Montevideo,235,UY,10,MO,UY-MO,department,,,,-34.8652724,-56.1819512,America/Montevideo,2019-10-05 21:48:53,2025-08-08 13:17:03,1,Q16594
3219,Soriano,235,UY,17,SO,UY-SO,department,,,,-33.4921266,-57.7893105,America/Montevideo,2019-10-05 21:48:53,2025-08-08 13:17:05,1,Q16584
3220,Salto,235,UY,15,SA,UY-SA,department,,,,-31.388028,-57.9612455,America/Montevideo,2019-10-05 21:48:53,2025-08-08 13:17:07,1,Q16595
3221,Tacuarembó,235,UY,18,TA,UY-TA,department,,,,-31.7110183,-55.9788762,America/Montevideo,2019-10-05 21:48:53,2025-08-08 13:17:08,1,Q16587
3222,Kafr El-Sheikh,65,EG,21,KFS,EG-KFS,governorate,,,,31.3814765,30.8513566,Africa/Cairo,2019-10-05 21:48:53,2025-08-08 13:17:10,1,Q30946
3223,Cairo,65,EG,11,C,EG-C,governorate,,,,30.0332516,31.5621651,Africa/Cairo,2019-10-05 21:48:53,2025-08-08 13:17:11,1,Q30805
3224,Damietta,65,EG,20,DT,EG-DT,governorate,,,,31.4113331,31.7557072,Africa/Cairo,2019-10-05 21:48:53,2025-08-08 13:17:13,1,Q30644
3225,Aswan,65,EG,16,ASN,EG-ASN,governorate,,,,23.6675287,32.6916477,Africa/Cairo,2019-10-05 21:48:53,2025-08-08 13:17:15,1,Q29937
3226,Sohag,65,EG,24,SHG,EG-SHG,governorate,,,,26.7624628,32.0909936,Africa/Cairo,2019-10-05 21:48:53,2025-08-08 13:17:17,1,Q30669
3227,North Sinai,65,EG,27,SIN,EG-SIN,governorate,,,,30.5042803,33.591006,Africa/Cairo,2019-10-05 21:48:53,2025-08-08 13:17:18,1,Q30662
3228,Monufia,65,EG,09,MNF,EG-MNF,governorate,,,,30.4370098,30.7466852,Africa/Cairo,2019-10-05 21:48:53,2025-08-08 13:17:20,1,Q30786
3229,Port Said,65,EG,19,PTS,EG-PTS,governorate,,,,31.1821275,32.372582,Africa/Cairo,2019-10-05 21:48:53,2025-08-08 13:17:21,1,Q31079
3230,Beni Suef,65,EG,18,BNS,EG-BNS,governorate,,,,29.0729812,31.0982562,Africa/Cairo,2019-10-05 21:48:53,2025-08-08 13:17:23,1,Q30683
3231,Matrouh,65,EG,22,MT,EG-MT,governorate,,,,29.7876385,27.427041,Africa/Cairo,2019-10-05 21:48:53,2025-08-08 13:17:25,1,Q30682
3232,Qalyubia,65,EG,12,KB,EG-KB,governorate,,,,30.3292368,31.2168466,Africa/Cairo,2019-10-05 21:48:53,2025-08-08 13:17:27,1,Q31075
3233,Suez,65,EG,15,SUZ,EG-SUZ,governorate,,,,29.4165427,32.1490967,Africa/Cairo,2019-10-05 21:48:53,2025-08-08 13:17:28,1,Q31070
3234,Gharbia,65,EG,05,GH,EG-GH,governorate,,,,30.8391947,31.0016072,Africa/Cairo,2019-10-05 21:48:53,2025-08-08 13:17:30,1,Q30835
3235,Alexandria,65,EG,06,ALX,EG-ALX,governorate,,,,30.9432983,29.765645,Africa/Cairo,2019-10-05 21:48:53,2025-08-08 13:17:32,1,Q29943
3236,Asyut,65,EG,17,AST,EG-AST,governorate,,,,27.2065132,31.5500282,Africa/Cairo,2019-10-05 21:48:53,2025-08-08 13:17:34,1,Q29965
3237,South Sinai,65,EG,26,JS,EG-JS,governorate,,,,28.6449564,33.8711313,Africa/Cairo,2019-10-05 21:48:53,2025-08-08 13:17:35,1,Q30815
3238,Faiyum,65,EG,04,FYM,EG-FYM,governorate,,,,29.3084021,30.8428497,Africa/Cairo,2019-10-05 21:48:53,2025-08-08 13:17:37,1,Q30656
3239,Giza,65,EG,08,GZ,EG-GZ,governorate,,,,29.0540357,29.4190807,Africa/Cairo,2019-10-05 21:48:53,2025-08-08 13:17:39,1,Q30832
3240,Red Sea,65,EG,02,BA,EG-BA,governorate,,,,25.5867279,34.1694641,Africa/Cairo,2019-10-05 21:48:53,2025-08-08 13:17:41,1,Q30831
3241,Beheira,65,EG,03,BH,EG-BH,governorate,,,,30.7915206,30.3465488,Africa/Cairo,2019-10-05 21:48:53,2025-08-08 13:17:43,1,Q30630
3242,Luxor,65,EG,28,LX,EG-LX,governorate,,,,25.702096,32.647186,Africa/Cairo,2019-10-05 21:48:53,2025-08-08 13:17:45,1,Q30797
3243,Minya,65,EG,10,MN,EG-MN,governorate,,,,28.0893325,30.7570623,Africa/Cairo,2019-10-05 21:48:53,2025-08-08 13:17:46,1,Q30675
3244,Ismailia,65,EG,07,IS,EG-IS,governorate,,,,30.6043775,32.2770825,Africa/Cairo,2019-10-05 21:48:53,2025-08-08 13:17:48,1,Q31067
3245,Dakahlia,65,EG,01,DK,EG-DK,governorate,,,,31.1380046,31.8882499,Africa/Cairo,2019-10-05 21:48:53,2025-08-08 13:17:50,1,Q31068
3246,New Valley,65,EG,13,WAD,EG-WAD,governorate,,,,24.8766665,28.7757345,Africa/Cairo,2019-10-05 21:48:53,2025-08-08 13:17:51,1,Q30650
3247,Qena,65,EG,23,KN,EG-KN,governorate,,,,26.1593097,32.7162855,Africa/Cairo,2019-10-05 21:48:53,2025-08-08 13:17:53,1,Q31065
3248,Agalega Islands,140,MU,21,AG,MU-AG,dependency,,,,-10.3848578,56.6123525,Indian/Mauritius,2019-10-05 21:48:53,2025-08-08 13:17:54,1,Q196042
3249,Rodrigues Island,140,MU,23,RO,MU-RO,dependency,,,,-19.7195149,63.4175938,Indian/Mauritius,2019-10-05 21:48:53,2025-08-08 13:17:56,1,Q208668
3250,Pamplemousses,140,MU,16,PA,MU-PA,district,,,,-20.1136008,57.575926,Indian/Mauritius,2019-10-05 21:48:53,2025-08-08 13:17:58,1,Q934126
3251,Saint Brandon Islands,140,MU,22,CC,MU-CC,dependency,,,,-16.583333,59.616667,Indian/Mauritius,2019-10-05 21:48:53,2025-08-08 13:18:00,1,Q511859
3253,Moka,140,MU,15,MO,MU-MO,district,,,,-20.2521392,57.5872245,Indian/Mauritius,2019-10-05 21:48:53,2025-08-08 13:18:01,1,Q911643
3254,Flacq,140,MU,13,FL,MU-FL,district,,,,-20.2217312,57.7223251,Indian/Mauritius,2019-10-05 21:48:53,2025-08-08 13:18:03,1,Q911651
3257,Savanne,140,MU,20,SA,MU-SA,district,,,,-20.458386,57.4893297,Indian/Mauritius,2019-10-05 21:48:53,2025-08-08 13:18:05,1,Q1053600
3259,Black River,140,MU,12,BL,MU-BL,district,,,,-20.3264792,57.4155785,Indian/Mauritius,2019-10-05 21:48:53,2025-08-08 13:18:07,1,Q873740
3260,Port Louis,140,MU,18,PL,MU-PL,district,,,,-20.1608912,57.5012222,Indian/Mauritius,2019-10-05 21:48:53,2025-08-08 13:18:08,1,Q960645
3261,Rivière du Rempart,140,MU,19,RR,MU-RR,district,,,,-20.0669943,57.65063,Indian/Mauritius,2019-10-05 21:48:53,2025-08-08 13:18:10,1,Q1053565
3263,Plaines Wilhems,140,MU,17,PW,MU-PW,district,,,,-20.3053896,57.4959619,Indian/Mauritius,2019-10-05 21:48:53,2025-08-08 13:18:12,1,Q1053595
3264,Grand Port,140,MU,14,GP,MU-GP,district,,,,-20.3897284,57.6160762,Indian/Mauritius,2019-10-05 21:48:53,2025-08-08 13:18:13,1,Q911635
3265,Guelmim,149,MA,10,GUE,MA-GUE,province,1,3305,,28.9883659,-10.0527498,Africa/Casablanca,2019-10-05 21:48:53,2025-08-08 13:18:15,1,Q923219
3266,Aousserd (EH),149,MA,12,AOU,MA-AOU,province,1,3306,,22.5521538,-14.3297353,Africa/El_Aaiun,2019-10-05 21:48:53,2025-08-08 13:18:17,1,Q972665
3267,Al Hoceïma,149,MA,01,HOC,MA-HOC,province,1,3324,,35.2445589,-3.9317468,Africa/Casablanca,2019-10-05 21:48:53,2025-08-08 13:18:19,1,Q1969619
3268,Larache,149,MA,01,LAR,MA-LAR,province,1,3324,,35.1952327,-6.152913,Africa/Casablanca,2019-10-05 21:48:53,2025-08-08 13:18:20,1,Q1759567
3269,Ouarzazate,149,MA,08,OUA,MA-OUA,province,1,3290,,30.920193,-6.910923,Africa/Casablanca,2019-10-05 21:48:53,2025-08-08 13:18:22,1,Q1629229
3270,Boulemane,149,MA,03,BOM,MA-BOM,province,1,3313,,33.3625159,-4.7303397,Africa/Casablanca,2019-10-05 21:48:53,2025-08-08 13:18:24,1,Q895063
3271,L'Oriental,149,MA,02,02,MA-02,region,1,,,34.6808997,-1.9407196,Africa/Casablanca,2019-10-05 21:48:53,2025-08-08 13:18:25,1,Q23048167
3272,Béni Mellal,149,MA,05,BEM,MA-BEM,province,1,3278,,32.334193,-6.353335,Africa/Casablanca,2019-10-05 21:48:53,2025-08-08 13:18:27,1,Q1019461
3274,Chichaoua,149,MA,07,CHI,MA-CHI,province,1,3288,,31.5383581,-8.7646388,Africa/Casablanca,2019-10-05 21:48:53,2025-08-08 13:18:28,1,Q1072085
3275,Boujdour (EH),149,MA,11,BOD,MA-BOD,province,1,3298,,26.1252493,-14.4847347,Africa/El_Aaiun,2019-10-05 21:48:53,2025-08-08 13:18:30,1,Q895028
3276,Khémisset,149,MA,04,KHE,MA-KHE,province,1,4927,,33.830287,-6.072605,Africa/Casablanca,2019-10-05 21:48:53,2025-08-08 13:18:32,1,Q1740735
3277,Tiznit,149,MA,09,TIZ,MA-TIZ,province,1,3295,,29.693392,-9.732157,Africa/Casablanca,2019-10-05 21:48:53,2025-08-08 13:18:33,1,Q2339589
3278,Béni Mellal-Khénifra,149,MA,05,05,MA-05,region,1,,,32.6407498,-6.207105,Africa/Casablanca,2019-10-05 21:48:53,2025-08-08 13:18:35,1,Q19953016
3279,Sidi Kacem,149,MA,04,SIK,MA-SIK,province,1,4927,,34.2260172,-5.7129164,Africa/Casablanca,2019-10-05 21:48:53,2025-08-08 13:18:36,1,Q1969542
3280,El Jadida,149,MA,06,JDI,MA-JDI,province,1,3303,,33.2316326,-8.5007116,Africa/Casablanca,2019-10-05 21:48:53,2025-08-08 13:18:38,1,Q599606
3281,Nador,149,MA,02,NAD,MA-NAD,province,1,3271,,35.1739922,-2.9281198,Africa/Casablanca,2019-10-05 21:48:53,2025-08-08 13:18:39,1,Q367864
3282,Settat,149,MA,06,SET,MA-SET,province,1,3303,,33.002397,-7.619867,Africa/Casablanca,2019-10-05 21:48:53,2025-08-08 13:18:41,1,Q1523840
3283,Zagora,149,MA,08,ZAG,MA-ZAG,province,1,3290,,30.3279053,-5.8369957,Africa/Casablanca,2019-10-05 21:48:53,2025-08-08 13:18:42,1,Q2265471
3284,Médiouna,149,MA,06,MED,MA-MED,province,1,3303,,33.4540939,-7.516602,Africa/Casablanca,2019-10-05 21:48:53,2025-08-08 13:18:44,1,Q1957680
3285,Berkane,149,MA,02,BER,MA-BER,province,1,3271,,34.9266755,-2.3294087,Africa/Casablanca,2019-10-05 21:48:53,2025-08-08 13:18:46,1,Q820802
3286,Tan-Tan (EH-partial),149,MA,10,TNT,MA-TNT,province,1,3305,,28.03012,-11.1617356,Africa/Casablanca,2019-10-05 21:48:53,2025-08-08 13:18:47,1,Q972535
3287,Nouaceur,149,MA,04,NOU,MA-NOU,province,1,4927,,33.3670393,-7.5732537,Africa/Casablanca,2019-10-05 21:48:53,2025-08-08 13:18:49,1,Q516261
3288,Marrakesh-Safi,149,MA,07,07,MA-07,region,1,,,31.6258257,-7.9891608,Africa/Casablanca,2019-10-05 21:48:53,2025-08-08 13:18:51,1,Q19951125
3289,Sefrou,149,MA,03,SEF,MA-SEF,province,1,3313,,33.8305244,-4.8353154,Africa/Casablanca,2019-10-05 21:48:53,2025-08-08 13:18:52,1,Q1969535
3290,Drâa-Tafilalet,149,MA,08,08,MA-08,region,1,,,31.1835432,-5.1395435,Africa/Casablanca,2019-10-05 21:48:53,2025-08-08 13:18:54,1,Q19950954
3291,El Hajeb,149,MA,03,HAJ,MA-HAJ,province,1,3313,,33.685735,-5.3677844,Africa/Casablanca,2019-10-05 21:48:53,2025-08-08 13:18:56,1,Q2540509
3292,Es-Semara (EH-partial),149,MA,11,ESM,MA-ESM,province,1,3298,,26.741856,-11.6783671,Africa/El_Aaiun,2019-10-05 21:48:53,2025-08-08 13:18:58,1,Q1366420
3293,Laâyoune (EH),149,MA,11,LAA,MA-LAA,province,1,3298,,27.1500384,-13.1990758,Africa/El_Aaiun,2019-10-05 21:48:53,2025-08-08 13:18:59,1,Q631610
3294,Inezgane-Ait Melloul,149,MA,09,INE,MA-INE,prefecture,2,3295,,30.3469172,-9.4408492,Africa/Casablanca,2019-10-05 21:48:54,2025-08-08 13:19:01,1,Q1662264
3295,Souss-Massa,149,MA,09,09,MA-09,region,1,,,30.187722,-8.6322498,Africa/Casablanca,2019-10-05 21:48:54,2025-08-08 13:19:03,1,Q20652586
3296,Taza,149,MA,03,TAZ,MA-TAZ,province,1,3313,,34.230155,-4.010104,Africa/Casablanca,2019-10-05 21:48:54,2025-08-08 13:19:05,1,Q1819589
3297,Assa-Zag (EH-partial),149,MA,10,ASZ,MA-ASZ,province,1,3305,,28.1402395,-9.7232673,Africa/Casablanca,2019-10-05 21:48:54,2025-08-08 13:19:06,1,Q180994
3298,Laâyoune-Sakia El Hamra (EH-partial),149,MA,11,11,MA-11,region,1,,,27.8683194,-11.9804613,Africa/Casablanca,2019-10-05 21:48:54,2025-08-08 13:19:08,1,Q19951088
3299,Errachidia,149,MA,08,ERR,MA-ERR,province,1,3290,,31.929089,-4.4340807,Africa/Casablanca,2019-10-05 21:48:54,2025-08-08 13:19:10,1,Q2024447
3300,Fahs-Anjra,149,MA,01,FAH,MA-FAH,province,1,3324,,35.7518235,-5.5864652,Africa/Casablanca,2019-10-05 21:48:54,2025-08-08 13:19:12,1,Q2013946
3301,Figuig,149,MA,02,FIG,MA-FIG,province,1,3271,,32.1092613,-1.229806,Africa/Casablanca,2019-10-05 21:48:54,2025-08-08 13:19:13,1,Q1412034
3302,Chtouka-Ait Baha,149,MA,06,CHT,MA-CHT,province,1,3303,,30.0080601,-9.3334413,Africa/Casablanca,2019-10-05 21:48:54,2025-08-08 13:19:15,1,Q2424820
3303,Casablanca-Settat,149,MA,06,06,MA-06,region,1,,,33.2627128,-7.9639028,Africa/Casablanca,2019-10-05 21:48:54,2025-08-08 13:19:16,1,Q19843788
3304,Benslimane,149,MA,06,BES,MA-BES,province,1,3303,,33.6189698,-7.1305536,Africa/Casablanca,2019-10-05 21:48:54,2025-08-08 13:19:18,1,Q15198365
3305,Guelmim-Oued Noun (EH-partial),149,MA,10,10,MA-10,region,1,,,28.4844281,-10.0807298,Africa/Casablanca,2019-10-05 21:48:54,2025-08-08 13:19:20,1,Q19951051
3306,Dakhla-Oued Ed-Dahab (EH),149,MA,12,12,MA-12,region,1,,,22.6043973,-19.8348241,Etc/GMT+1,2019-10-05 21:48:54,2025-08-08 13:19:22,1,Q21235104
3307,Jerada,149,MA,02,JRA,MA-JRA,province,1,3271,,34.310531,-2.159979,Africa/Casablanca,2019-10-05 21:48:54,2025-08-08 13:19:23,1,Q1687516
3308,Kénitra,149,MA,04,KEN,MA-KEN,province,1,4927,,34.26457,-6.570169,Africa/Casablanca,2019-10-05 21:48:54,2025-08-08 13:19:25,1,Q284878
3309,El Kelâa des Sraghna,149,MA,07,KES,MA-KES,province,1,3288,,32.0538921,-7.4068642,Africa/Casablanca,2019-10-05 21:48:54,2025-08-08 13:19:27,1,Q970179
3310,Chefchaouen,149,MA,01,CHE,MA-CHE,province,1,3324,,35.1687748,-5.2683454,Africa/Casablanca,2019-10-05 21:48:54,2025-08-08 13:19:28,1,Q2354922
3311,Safi,149,MA,07,SAF,MA-SAF,province,1,3288,,32.2650776,-9.230554,Africa/Casablanca,2019-10-05 21:48:54,2025-08-08 13:19:29,1,Q637778
3312,Tata,149,MA,09,TAT,MA-TAT,province,1,3295,,29.750877,-7.9756343,Africa/Casablanca,2019-10-05 21:48:54,2025-08-08 13:19:31,1,Q546437
3313,Fès-Meknès,149,MA,03,03,MA-03,region,1,,,33.8333136,-4.8556382,Africa/Casablanca,2019-10-05 21:48:54,2025-08-08 13:19:33,1,Q19951027
3314,Taroudannt,149,MA,09,TAR,MA-TAR,province,1,3295,,30.4727126,-8.8748765,Africa/Casablanca,2019-10-05 21:48:54,2025-08-08 13:19:35,1,Q2092298
3315,Moulay Yacoub,149,MA,03,MOU,MA-MOU,province,1,3313,,34.0874479,-5.1784019,Africa/Casablanca,2019-10-05 21:48:54,2025-08-08 13:19:36,1,Q1950226
3316,Essaouira,149,MA,07,ESI,MA-ESI,province,1,3288,,31.5084926,-9.7595041,Africa/Casablanca,2019-10-05 21:48:54,2025-08-08 13:19:38,1,Q1368543
3317,Khénifra,149,MA,05,KHN,MA-KHN,province,1,3278,,32.9340471,-5.661571,Africa/Casablanca,2019-10-05 21:48:54,2025-08-08 13:19:40,1,Q1820589
3318,Tétouan,149,MA,01,TET,MA-TET,province,1,3324,,35.570175,-5.3742776,Africa/Casablanca,2019-10-05 21:48:54,2025-08-08 13:21:25,1,Q1257443
3319,Oued Ed-Dahab (EH),149,MA,12,OUD,MA-OUD,province,1,3306,,22.7337892,-14.2861116,Africa/El_Aaiun,2019-10-05 21:48:54,2025-08-08 13:21:26,1,Q2410368
3320,Al Haouz,149,MA,07,HAO,MA-HAO,province,1,3288,,31.2806715,-7.9251771,Africa/Casablanca,2019-10-05 21:48:54,2025-08-08 13:21:28,1,Q2150989
3321,Azilal,149,MA,05,AZI,MA-AZI,province,1,3278,,31.959295,-6.570991,Africa/Casablanca,2019-10-05 21:48:54,2025-08-08 13:21:30,1,Q793763
3322,Taourirt,149,MA,02,TAI,MA-TAI,province,1,3271,,34.413438,-2.893825,Africa/Casablanca,2019-10-05 21:48:54,2025-08-08 13:21:31,1,Q2165392
3323,Taounate,149,MA,03,TAO,MA-TAO,province,1,3313,,34.536917,-4.6398693,Africa/Casablanca,2019-10-05 21:48:54,2025-08-08 13:21:33,1,Q1969671
3324,Tanger-Tétouan-Al Hoceïma,149,MA,01,01,MA-01,region,1,,,35.202941,-5.5510167,Africa/Casablanca,2019-10-05 21:48:54,2025-08-08 13:21:35,1,Q19951300
3325,Ifrane,149,MA,03,IFR,MA-IFR,province,1,3313,,33.5228062,-5.1109552,Africa/Casablanca,2019-10-05 21:48:54,2025-08-08 13:21:37,1,Q2301648
3326,Khouribga,149,MA,05,KHO,MA-KHO,province,1,3278,,32.8856482,-6.908798,Africa/Casablanca,2019-10-05 21:48:54,2025-08-08 13:21:38,1,Q1740686
3327,Cabo Delgado,150,MZ,01,P,MZ-P,province,,,,-12.4254942,39.4168743,Africa/Maputo,2019-10-05 21:48:54,2025-08-08 13:21:40,1,Q466538
3328,Zambezia,150,MZ,09,Q,MZ-Q,province,,,,-16.6460178,36.991932,Africa/Maputo,2019-10-05 21:48:54,2025-08-08 13:21:42,1,Q622803
3329,Gaza,150,MZ,02,G,MZ-G,province,,,,-23.328398,32.8066057,Africa/Maputo,2019-10-05 21:48:54,2025-08-08 13:21:44,1,Q466526
3330,Inhambane,150,MZ,03,I,MZ-I,province,,,,-22.779116,34.5661741,Africa/Maputo,2019-10-05 21:48:54,2025-08-08 13:21:45,1,Q466547
3331,Sofala,150,MZ,05,S,MZ-S,province,,,,-19.0771666,34.7164804,Africa/Maputo,2019-10-05 21:48:54,2025-08-08 13:21:47,1,Q622801
3332,Maputo,150,MZ,04,L,MZ-L,province,,,,-25.5445167,32.4578753,Africa/Maputo,2019-10-05 21:48:54,2025-08-08 13:21:48,1,Q379658
3333,Niassa,150,MZ,07,A,MZ-A,province,,,,-13.0638577,36.4669964,Africa/Maputo,2019-10-05 21:48:54,2025-08-08 13:21:50,1,Q622799
3334,Tete,150,MZ,08,T,MZ-T,province,,,,-15.5205193,32.7682742,Africa/Maputo,2019-10-05 21:48:54,2025-08-08 13:21:52,1,Q605787
3335,Maputo,150,MZ,11,MPM,MZ-MPM,city,,,,-25.5445167,32.4578753,Africa/Maputo,2019-10-05 21:48:54,2025-08-08 13:21:54,1,Q3889
3336,Nampula,150,MZ,06,N,MZ-N,province,,,,-14.966969,39.2707752,Africa/Maputo,2019-10-05 21:48:54,2025-08-08 13:21:56,1,Q622794
3337,Manica,150,MZ,10,B,MZ-B,province,,,,-19.0400995,33.4318137,Africa/Maputo,2019-10-05 21:48:54,2025-08-08 13:21:57,1,Q622792
3338,Hodh Ech Chargui,139,MR,01,01,MR-01,region,,,,18.1941112,-7.0921652,Africa/Nouakchott,2019-10-05 21:48:54,2025-08-08 13:21:59,1,Q12621
3339,Brakna,139,MR,05,05,MR-05,region,,,,17.2475638,-13.4037714,Africa/Nouakchott,2019-10-05 21:48:54,2025-08-08 13:22:01,1,Q12632
3340,Tiris Zemmour,139,MR,11,11,MR-11,region,,,,24.1951392,-9.6664199,Africa/Nouakchott,2019-10-05 21:48:54,2025-08-08 13:22:02,1,Q859567
3341,Gorgol,139,MR,04,04,MR-04,region,,,,16.0062275,-12.8360834,Africa/Nouakchott,2019-10-05 21:48:54,2025-08-08 13:22:04,1,Q859831
3342,Inchiri,139,MR,12,12,MR-12,region,,,,19.9922766,-15.113767,Africa/Nouakchott,2019-10-05 21:48:54,2025-08-08 13:22:05,1,Q850022
3343,Nouakchott-Nord,139,MR,14,14,MR-14,region,,,,18.1024945,-15.9192819,Africa/Nouakchott,2019-10-05 21:48:54,2025-08-08 13:22:07,1,Q20669647
3344,Adrar,139,MR,07,07,MR-07,region,,,,21.0090623,-10.2207449,Africa/Nouakchott,2019-10-05 21:48:54,2025-08-08 13:22:09,1,Q366626
3345,Tagant,139,MR,09,09,MR-09,region,,,,18.5729893,-10.3937926,Africa/Nouakchott,2019-10-05 21:48:54,2025-08-08 13:22:11,1,Q843903
3346,Dakhlet Nouadhibou,139,MR,08,08,MR-08,region,,,,20.8019537,-16.0012708,Africa/Nouakchott,2019-10-05 21:48:54,2025-08-08 13:22:12,1,Q859573
3347,Nouakchott-Sud,139,MR,15,15,MR-15,region,,,,18.0033945,-15.965829,Africa/Nouakchott,2019-10-05 21:48:54,2025-08-08 13:22:14,1,Q20669653
3348,Trarza,139,MR,06,06,MR-06,region,,,,17.922642,-14.8476017,Africa/Nouakchott,2019-10-05 21:48:54,2025-08-08 13:22:16,1,Q859581
3349,Assaba,139,MR,03,03,MR-03,region,,,,16.5809185,-11.5363724,Africa/Nouakchott,2019-10-05 21:48:54,2025-08-08 13:22:18,1,Q738546
3350,Guidimaka,139,MR,10,10,MR-10,region,,,,15.3766896,-12.124663,Africa/Nouakchott,2019-10-05 21:48:54,2025-08-08 13:22:19,1,Q768119
3351,Hodh El Gharbi,139,MR,02,02,MR-02,region,,,,16.5693922,-9.8322366,Africa/Nouakchott,2019-10-05 21:48:54,2025-08-08 13:22:21,1,Q850435
3352,Nouakchott-Ouest,139,MR,13,13,MR-13,region,,,,18.1127945,-15.9930276,Africa/Nouakchott,2019-10-05 21:48:54,2025-08-08 13:22:23,1,Q20669651
3353,Western Tobago,223,TT,03,WTO,TT-WTO,region,,,,11.1572885,-60.8165013,America/Port_of_Spain,2019-10-05 21:48:54,2025-08-08 13:22:24,1,Q13365874
3354,Couva-Tabaquite-Talparo,223,TT,CTT,CTT,TT-CTT,region,,,,10.4497669,-61.3443881,America/Port_of_Spain,2019-10-05 21:48:54,2025-08-08 13:22:26,1,Q2679127
3355,Eastern Tobago,223,TT,11,ETO,TT-ETO,region,,,,11.2832232,-60.6925066,America/Port_of_Spain,2019-10-05 21:48:54,2025-08-08 13:22:28,1,Q13365873
3356,Rio Claro-Mayaro,223,TT,11,MRC,TT-MRC,region,,,,10.2597016,-61.0923503,America/Port_of_Spain,2019-10-05 21:48:54,2025-08-08 13:22:30,1,Q2487249
3357,San Juan-Laventille,223,TT,SJL,SJL,TT-SJL,region,,,,10.6756066,-61.4710154,America/Port_of_Spain,2019-10-05 21:48:54,2025-08-08 13:22:32,1,Q979608
3358,Tunapuna-Piarco,223,TT,TUP,TUP,TT-TUP,region,,,,10.6854333,-61.3205274,America/Port_of_Spain,2019-10-05 21:48:54,2025-08-08 13:22:33,1,Q1899163
3359,San Fernando,223,TT,10,SFO,TT-SFO,region,,,,10.2807069,-61.4645896,America/Port_of_Spain,2019-10-05 21:48:54,2025-08-08 13:22:35,1,Q1023712
3360,Point Fortin,223,TT,PTF,PTF,TT-PTF,borough,,,,10.1759283,-61.6827286,America/Port_of_Spain,2019-10-05 21:48:54,2025-08-08 13:22:37,1,Q786957
3361,Sangre Grande,223,TT,SGE,SGE,TT-SGE,region,,,,10.6375402,-61.1177499,America/Port_of_Spain,2019-10-05 21:48:54,2025-08-08 13:22:39,1,Q290292
3362,Arima,223,TT,01,ARI,TT-ARI,borough,,,,10.6372057,-61.2829762,America/Port_of_Spain,2019-10-05 21:48:54,2025-08-08 13:22:40,1,Q661405
3363,Port of Spain,223,TT,05,POS,TT-POS,city,,,,10.6572678,-61.5180173,America/Port_of_Spain,2019-10-05 21:48:54,2025-08-08 13:22:42,1,Q39178
3364,Siparia,223,TT,SIP,SIP,TT-SIP,region,,,,10.1471607,-61.5787032,America/Port_of_Spain,2019-10-05 21:48:54,2025-08-08 13:22:44,1,Q2679119
3365,Penal-Debe,223,TT,PED,PED,TT-PED,region,,,,10.1649187,-61.4286325,America/Port_of_Spain,2019-10-05 21:48:54,2025-08-08 13:22:46,1,Q2056273
3366,Chaguanas,223,TT,CHA,CHA,TT-CHA,borough,,,,10.5168387,-61.4114482,America/Port_of_Spain,2019-10-05 21:48:54,2025-08-08 13:22:48,1,Q1444575
3367,Diego Martin,223,TT,DMN,DMN,TT-DMN,region,,,,10.7138596,-61.5793555,America/Port_of_Spain,2019-10-05 21:48:54,2025-08-08 13:22:49,1,Q2679107
3368,Princes Town,223,TT,PRT,PRT,TT-PRT,region,,,,10.2048003,-61.2806186,America/Port_of_Spain,2019-10-05 21:48:54,2025-08-08 13:22:51,1,Q2228167
3369,Mary,226,TM,05,M,TM-M,region,,,,37.1302916,62.4019513,Asia/Ashgabat,2019-10-05 21:48:54,2025-08-08 13:22:53,1,Q487401
3370,Lebap,226,TM,04,L,TM-L,region,,,,38.8131139,63.0513218,Asia/Ashgabat,2019-10-05 21:48:54,2025-08-08 13:22:55,1,Q487389
3371,Ashgabat,226,TM,S,S,TM-S,city,,,,37.9404648,58.3823487,Asia/Ashgabat,2019-10-05 21:48:54,2025-08-08 13:22:56,1,Q23438
3372,Balkan,226,TM,02,B,TM-B,region,,,,39.9353714,54.9120055,Asia/Ashgabat,2019-10-05 21:48:54,2025-08-08 13:22:58,1,Q486073
3373,Daşoguz,226,TM,03,D,TM-D,region,,,,41.8368737,59.9651904,Asia/Ashgabat,2019-10-05 21:48:54,2025-08-08 13:23:00,1,Q487393
3374,Ahal,226,TM,01,A,TM-A,region,,,,38.8395548,58.8610186,Asia/Ashgabat,2019-10-05 21:48:54,2025-08-08 13:23:01,1,Q399899
3375,Beni,27,BO,03,B,BO-B,department,,,,-14,-65,America/La_Paz,2019-10-05 21:48:54,2025-08-08 13:23:03,1,Q233169
3376,Oruro,27,BO,05,O,BO-O,department,,,,-18.666667,-67.666667,America/La_Paz,2019-10-05 21:48:54,2025-08-08 13:23:05,1,Q1061368
3377,Santa Cruz,27,BO,08,S,BO-S,department,,,,-17.333333,-61.5,America/La_Paz,2019-10-05 21:48:54,2025-08-08 13:23:07,1,Q235106
3378,Tarija,27,BO,09,T,BO-T,department,,,,-21.583333,-63.833333,America/La_Paz,2019-10-05 21:48:54,2025-08-08 13:23:08,1,Q233933
3379,Pando,27,BO,06,N,BO-N,department,,,,-11.183333,-67.183333,America/La_Paz,2019-10-05 21:48:54,2025-08-08 13:23:10,1,Q235362
3380,La Paz,27,BO,04,L,BO-L,department,,,,-15,-68.333333,America/La_Paz,2019-10-05 21:48:54,2025-08-08 13:23:12,1,Q272784
3381,Cochabamba,27,BO,02,C,BO-C,department,,,,-17.3330142,-65.5010931,America/La_Paz,2019-10-05 21:48:54,2025-08-08 13:23:13,1,Q233917
3382,Chuquisaca,27,BO,01,H,BO-H,department,,,,-20,-64.416667,America/La_Paz,2019-10-05 21:48:54,2025-08-08 13:23:15,1,Q235110
3383,Potosí,27,BO,07,P,BO-P,department,,,,-20.666667,-66.666667,America/La_Paz,2019-10-05 21:48:54,2025-08-08 13:23:17,1,Q238079
3384,Saint George,188,VC,04,04,VC-04,parish,,,,13.166295,-61.1878512,America/St_Vincent,2019-10-05 21:48:54,2025-08-08 13:23:18,1,Q2300294
3385,Saint Patrick,188,VC,05,05,VC-05,parish,,,,13.2380793,-61.2364184,America/St_Vincent,2019-10-05 21:48:54,2025-08-08 13:23:20,1,Q1864637
3386,Saint Andrew,188,VC,02,02,VC-02,parish,,,,13.1942695,-61.2399866,America/St_Vincent,2019-10-05 21:48:54,2025-08-08 13:23:22,1,Q2305115
3387,Saint David,188,VC,03,03,VC-03,parish,,,,13.318364,-61.2008786,America/St_Vincent,2019-10-05 21:48:54,2025-08-08 13:23:23,1,Q2412394
3388,Grenadines,188,VC,06,06,VC-06,parish,,,,12.90447,-61.2765569,America/St_Vincent,2019-10-05 21:48:54,2025-08-08 13:23:25,1,Q2545297
3389,Charlotte,188,VC,01,01,VC-01,parish,,,,13.2750872,-61.1462327,America/St_Vincent,2019-10-05 21:48:54,2025-08-08 13:23:27,1,Q2075188
3390,Sharjah,231,AE,06,SH,AE-SH,emirate,,,,25.3461498,55.4210633,Asia/Dubai,2019-10-05 21:48:54,2025-08-07 20:00:30,1,Q188810
3391,Dubai,231,AE,03,DU,AE-DU,emirate,,,,25.2647227,55.2924146,Asia/Dubai,2019-10-05 21:48:54,2025-08-07 20:00:30,1,Q613
3392,Umm Al Quwain,231,AE,07,UQ,AE-UQ,emirate,,,,25.6112488,55.6174631,Asia/Dubai,2019-10-05 21:48:54,2025-08-07 20:00:30,1,Q175021
3393,Fujairah,231,AE,04,FU,AE-FU,emirate,,,,25.1244604,56.3355085,Asia/Dubai,2019-10-05 21:48:54,2025-08-07 20:00:30,1,Q4091
3394,Ras Al Khaimah,231,AE,05,RK,AE-RK,emirate,,,,25.7386349,55.9249224,Asia/Dubai,2019-10-05 21:48:54,2025-08-07 20:00:30,1,Q170024
3395,Ajman,231,AE,02,AJ,AE-AJ,emirate,,,,25.3936557,55.4451432,Asia/Dubai,2019-10-05 21:48:54,2025-08-07 20:00:30,1,Q159477
3396,Abu Dhabi,231,AE,01,AZ,AE-AZ,emirate,,,,24.453884,54.3773438,Asia/Dubai,2019-10-05 21:48:54,2025-08-07 17:18:53,1,Q187712
3397,Nohiyahoi Tobei Jumhurí ,217,TJ,RR,RA,TJ-RA,districts under republic administration,,,,39.0857902,70.2408325,Asia/Dushanbe,2019-10-05 21:48:54,2025-08-08 13:23:28,1,Q633490
3398,Khatlon,217,TJ,02,KT,TJ-KT,region,,,,37.8804734,69.2636923,Asia/Dushanbe,2019-10-05 21:48:54,2025-08-08 13:23:30,1,Q633511
3399,Gorno-Badakhshan,217,TJ,01,GB,TJ-GB,autonomous region,,,,38.3492457,72.9988168,Asia/Dushanbe,2019-10-05 21:48:54,2025-08-08 13:23:32,1,Q207319
3400,Sughd ,217,TJ,03,SU,TJ-SU,region,,,,39.3548602,68.8268012,Asia/Dushanbe,2019-10-05 21:48:54,2025-08-08 13:23:34,1,Q241582
3402,Yilan,216,TW,03,ILA,TW-ILA,county,,,,24.7302791,121.7631149,Asia/Taipei,2019-10-05 21:48:54,2025-08-08 13:23:35,1,Q237258
3403,Penghu,216,TW,03,PEN,TW-PEN,county,,,,23.569694,119.5664543,Asia/Taipei,2019-10-05 21:48:54,2025-08-08 13:23:37,1,Q198525
3404,Changhua,216,TW,03,CHA,TW-CHA,county,,,,24.0755667,120.5444667,Asia/Taipei,2019-10-05 21:48:54,2025-08-08 13:23:39,1,Q133865
3405,Pingtung,216,TW,03,PIF,TW-PIF,county,,,,22.6628468,120.4915677,Asia/Taipei,2019-10-05 21:48:54,2025-08-08 13:23:40,1,Q194989
3406,Taichung,216,TW,03,TXG,TW-TXG,special municipality,,,,24.163162,120.6478282,Asia/Taipei,2019-10-05 21:48:54,2025-08-08 13:23:42,1,Q245023
3407,Nantou,216,TW,03,NAN,TW-NAN,county,,,,23.90235,120.6909167,Asia/Taipei,2019-10-05 21:48:54,2025-08-08 13:23:44,1,Q82357
3408,Chiayi,216,TW,03,CYI,TW-CYI,city,,,,23.4591664,120.2930004,Asia/Taipei,2019-10-05 21:48:54,2025-08-08 13:23:46,1,Q166977
3410,Taitung,216,TW,03,TTT,TW-TTT,county,,,,22.7560447,121.1456538,Asia/Taipei,2019-10-05 21:48:54,2025-08-08 13:23:47,1,Q249904
3411,Hualien,216,TW,03,HUA,TW-HUA,county,,,,23.9871589,121.6015714,Asia/Taipei,2019-10-05 21:48:54,2025-08-08 13:23:49,1,Q249868
3412,Kaohsiung,216,TW,02,KHH,TW-KHH,special municipality,,,,22.6203348,120.3120375,Asia/Taipei,2019-10-05 21:48:54,2025-08-08 13:23:51,1,Q181557
3413,Miaoli,216,TW,02,MIA,TW-MIA,county,,,,24.560159,120.8214265,Asia/Taipei,2019-10-05 21:48:54,2025-08-08 13:23:52,1,Q63706
3415,Kinmen,216,TW,02,KIN,TW-KIN,county,,,,24.4367638,118.3186435,Asia/Taipei,2019-10-05 21:48:54,2025-08-08 13:23:54,1,Q249870
3416,Yunlin,216,TW,02,YUN,TW-YUN,county,,,,23.6990775,120.5245511,Asia/Taipei,2019-10-05 21:48:54,2025-08-08 13:23:56,1,Q153221
3417,Hsinchu,216,TW,02,HSZ,TW-HSZ,city,,,,24.8138287,120.9674798,Asia/Taipei,2019-10-05 21:48:54,2025-08-08 13:23:57,1,Q249994
3418,Chiayi,216,TW,02,CYQ,TW-CYQ,county,,,,23.4591664,120.2930004,Asia/Taipei,2019-10-05 21:48:54,2025-08-08 13:23:59,1,Q249995
3419,Taoyuan,216,TW,02,TAO,TW-TAO,special municipality,,,,24.9936281,121.3009798,Asia/Taipei,2019-10-05 21:48:54,2025-08-08 13:24:01,1,Q115256
3420,Lienchiang,216,TW,02,LIE,TW-LIE,county,,,,26.1577951,119.9519756,Asia/Taipei,2019-10-05 21:48:54,2025-08-08 13:24:03,1,Q249872
3421,Tainan,216,TW,02,TNN,TW-TNN,special municipality,,,,22.9912348,120.184982,Asia/Taipei,2019-10-05 21:48:54,2025-08-08 13:24:05,1,Q140631
3422,Taipei,216,TW,03,TPE,TW-TPE,special municipality,,,,25.0329694,121.5654177,Asia/Taipei,2019-10-05 21:48:54,2025-08-08 13:24:06,1,Q1867
3423,Hsinchu,216,TW,03,HSQ,TW-HSQ,county,,,,24.8387226,121.0177246,Asia/Taipei,2019-10-05 21:48:54,2025-08-08 13:24:08,1,Q74054
3424,Northern Red Sea,68,ER,06,SK,ER-SK,region,,,,16,39,Africa/Asmara,2019-10-05 21:48:54,2025-08-08 13:24:09,1,Q27910
3425,Anseba,68,ER,01,AN,ER-AN,region,,,,16.5000101,37.5000048,Africa/Asmara,2019-10-05 21:48:54,2025-08-08 13:24:11,1,Q569468
3426,Maekel,68,ER,05,MA,ER-MA,region,,,,15.333333,38.916667,Africa/Asmara,2019-10-05 21:48:54,2025-08-08 13:24:13,1,Q27710
3427,Debub,68,ER,02,DU,ER-DU,region,,,,14.9099667,38.8150692,Africa/Asmara,2019-10-05 21:48:54,2025-08-08 13:24:15,1,Q27728
3428,Gash-Barka,68,ER,04,GB,ER-GB,region,,,,15.25,37.5,Africa/Asmara,2019-10-05 21:48:54,2025-08-08 13:24:16,1,Q873012
3429,Southern Red Sea,68,ER,03,DK,ER-DK,region,,,,13.75,41.5,Africa/Asmara,2019-10-05 21:48:54,2025-08-08 13:24:18,1,Q27928
3430,Southern Peninsula,100,IS,43,2,IS-2,region,,,,63.9415014,-22.2018627,Atlantic/Reykjavik,2019-10-05 21:48:54,2025-08-08 13:24:19,1,Q212768
3431,Capital,100,IS,39,1,IS-1,region,,,,64.1727137,-21.5667575,Atlantic/Reykjavik,2019-10-05 21:48:54,2025-08-08 13:24:21,1,Q203304
3432,Westfjords,100,IS,44,4,IS-4,region,,,,65.9082049,-21.8078883,Atlantic/Reykjavik,2019-10-05 21:48:54,2025-08-08 13:24:23,1,Q727267
3433,Eastern,100,IS,38,7,IS-7,region,,,,65.1940668,-15.0924209,Atlantic/Reykjavik,2019-10-05 21:48:54,2025-08-08 13:24:24,1,Q220663
3434,Southern,100,IS,42,8,IS-8,region,,,,63.9415014,-22.2018627,Atlantic/Reykjavik,2019-10-05 21:48:54,2025-08-08 13:24:26,1,Q204796
3435,Northwestern,100,IS,41,5,IS-5,region,,,,65.4622189,-19.8471016,Atlantic/Reykjavik,2019-10-05 21:48:54,2025-08-08 13:24:27,1,Q210866
3436,Western,100,IS,45,3,IS-3,region,,,,52.6241496,-1.153756,Europe/London,2019-10-05 21:48:54,2025-08-08 13:24:29,1,Q221791
3437,Northeastern,100,IS,40,6,IS-6,region,,,,65.4735997,-17.4433339,Atlantic/Reykjavik,2019-10-05 21:48:54,2025-08-08 13:24:30,1,Q241551
3438,Río Muni,67,GQ,40,C,GQ-C,region,,,,1.0570951,9.6532917,Africa/Malabo,2019-10-05 21:48:54,2025-08-08 13:24:32,1,Q845368
3439,Kié-Ntem,67,GQ,07,KN,GQ-KN,province,,,,2.0579266,10.9855916,Africa/Malabo,2019-10-05 21:48:55,2025-08-08 13:24:34,1,Q853393
3440,Wele-Nzas,67,GQ,09,WN,GQ-WN,province,,,,1.4648719,11.131676,Africa/Malabo,2019-10-05 21:48:55,2025-08-08 13:24:36,1,Q853400
3441,Litoral,67,GQ,08,LI,GQ-LI,province,,,,1.6026374,9.841569,Africa/Malabo,2019-10-05 21:48:55,2025-08-08 13:24:38,1,Q203873
3442,Insular,67,GQ,08,I,GQ-I,region,,,,3.4986523,8.7136062,Africa/Malabo,2019-10-05 21:48:55,2025-08-08 13:24:39,1,Q3040071
3443,Bioko Sur,67,GQ,05,BS,GQ-BS,province,,,,3.4245254,8.6646092,Africa/Malabo,2019-10-05 21:48:55,2025-08-08 13:24:41,1,Q845817
3444,Annobón,67,GQ,03,AN,GQ-AN,province,,,,-1.4268782,5.6352801,Africa/Malabo,2019-10-05 21:48:55,2025-08-08 13:24:43,1,Q3736616
3445,Centro Sur,67,GQ,06,CS,GQ-CS,province,,,,1.3969966,10.4538528,Africa/Malabo,2019-10-05 21:48:55,2025-08-08 13:24:44,1,Q845823
3446,Bioko Norte,67,GQ,04,BN,GQ-BN,province,,,,3.6484594,8.7851155,Africa/Malabo,2019-10-05 21:48:55,2025-08-08 13:24:46,1,Q845834
3447,Chihuahua,142,MX,06,CHH,MX-CHH,state,,,,28.6329957,-106.0691004,America/Chihuahua,2019-10-05 21:48:55,2025-08-08 13:24:47,1,Q655
3448,Oaxaca,142,MX,20,OAX,MX-OAX,state,,,,17,-96.5,America/Mexico_City,2019-10-05 21:48:55,2025-08-08 13:24:49,1,Q34110
3449,Sinaloa,142,MX,25,SIN,MX-SIN,state,,,,25.0000001,-107.5000001,America/Mazatlan,2019-10-05 21:48:55,2025-08-08 13:24:51,1,Q80252
3450,Estado de México,142,MX,15,MEX,MX-MEX,state,,,,19.4839446,-99.6899716,America/Mexico_City,2019-10-05 21:48:55,2025-08-08 13:24:52,1,Q82112
3451,Chiapas,142,MX,05,CHP,MX-CHP,state,,,,16.5000001,-92.5000001,America/Mexico_City,2019-10-05 21:48:55,2025-08-08 13:24:54,1,Q60123
3452,Nuevo León,142,MX,19,NLE,MX-NLE,state,,,,26.2384363,-99.8873,America/Monterrey,2019-10-05 21:48:55,2025-08-08 13:24:56,1,Q15282
3453,Durango,142,MX,10,DUR,MX-DUR,state,,,,24.833333,-104.833333,America/Monterrey,2019-10-05 21:48:55,2025-08-08 13:24:58,1,Q79918
3454,Tabasco,142,MX,27,TAB,MX-TAB,state,,,,17.9999288,-92.6681659,America/Mexico_City,2019-10-05 21:48:55,2025-08-08 13:24:59,1,Q80914
3455,Querétaro,142,MX,22,QUE,MX-QUE,state,,,,20.5887932,-100.3898881,America/Mexico_City,2019-10-05 21:48:55,2025-08-08 13:25:01,1,Q79754
3456,Aguascalientes,142,MX,01,AGU,MX-AGU,state,,,,21.8852562,-102.2915677,America/Mexico_City,2019-10-05 21:48:55,2025-08-08 13:25:03,1,Q79952
3457,Baja California,142,MX,02,BCN,MX-BCN,state,,,,30.0338923,-115.1425107,America/Tijuana,2019-10-05 21:48:55,2025-08-08 13:25:05,1,Q58731
3458,Tlaxcala,142,MX,29,TLA,MX-TLA,state,,,,19.318154,-98.2374954,America/Mexico_City,2019-10-05 21:48:55,2025-08-08 13:25:06,1,Q82681
3459,Guerrero,142,MX,12,GRO,MX-GRO,state,,,,17.666667,-100,America/Mexico_City,2019-10-05 21:48:55,2025-08-08 13:25:08,1,Q60158
3460,Baja California Sur,142,MX,03,BCS,MX-BCS,state,,,,25.5818014,-111.5706164,America/Mazatlan,2019-10-05 21:48:55,2025-08-08 13:25:09,1,Q46508
3461,San Luis Potosí,142,MX,24,SLP,MX-SLP,state,,,,22.1516472,-100.9763993,America/Mexico_City,2019-10-05 21:48:55,2025-08-08 13:25:11,1,Q78980
3462,Zacatecas,142,MX,32,ZAC,MX-ZAC,state,,,,22.7753891,-102.5722706,America/Mexico_City,2019-10-05 21:48:55,2025-08-08 13:25:13,1,Q80269
3463,Tamaulipas,142,MX,28,TAM,MX-TAM,state,,,,23.9891553,-98.7026825,America/Monterrey,2019-10-05 21:48:55,2025-08-08 13:25:14,1,Q80007
3464,Veracruz de Ignacio de la Llave,142,MX,30,VER,MX-VER,state,,,,19.333333,-96.666667,America/Mexico_City,2019-10-05 21:48:55,2025-08-08 13:25:16,1,Q60130
3465,Morelos,142,MX,17,MOR,MX-MOR,state,,,,18.75,-99,America/Mexico_City,2019-10-05 21:48:55,2025-08-08 13:25:18,1,Q66117
3466,Yucatán,142,MX,31,YUC,MX-YUC,state,,,,20.6845957,-88.8755669,America/Merida,2019-10-05 21:48:55,2025-08-08 13:25:19,1,Q60176
3467,Quintana Roo,142,MX,23,ROO,MX-ROO,state,,,,19.6666671,-88.5000001,America/Cancun,2019-10-05 21:48:55,2025-08-08 13:25:21,1,Q80245
3468,Sonora,142,MX,26,SON,MX-SON,state,,,,29.3333331,-110.6666671,America/Hermosillo,2019-10-05 21:48:55,2025-08-08 13:25:23,1,Q46422
3469,Guanajuato,142,MX,11,GUA,MX-GUA,state,,,,21.0190145,-101.2573586,America/Mexico_City,2019-10-05 21:48:55,2025-08-08 13:25:25,1,Q46475
3470,Hidalgo,142,MX,13,HID,MX-HID,state,,,,24.1685545,-99.3873729,America/Monterrey,2019-10-05 21:48:55,2025-08-08 13:25:26,1,Q80903
3471,Coahuila de Zaragoza,142,MX,07,COA,MX-COA,state,,,,27.3333331,-102.0000001,America/Matamoros,2019-10-05 21:48:55,2025-08-08 13:25:28,1,Q53079
3472,Colima,142,MX,08,COL,MX-COL,state,,,,19.2452342,-103.7240868,America/Mexico_City,2019-10-05 21:48:55,2025-08-08 13:25:30,1,Q61309
3473,Ciudad de México,142,MX,09,CMX,MX-CMX,federal district,,,,19.4326077,-99.133208,America/Mexico_City,2019-10-05 21:48:55,2025-08-08 13:25:32,1,Q1489
3474,Michoacán de Ocampo,142,MX,16,MIC,MX-MIC,state,,,,19.207098,-101.878113,America/Mexico_City,2019-10-05 21:48:55,2025-08-08 13:25:33,1,Q79861
3475,Campeche,142,MX,04,CAM,MX-CAM,state,,,,19.8381215,-90.5198253,America/Merida,2019-10-05 21:48:55,2025-08-08 13:25:35,1,Q80908
3476,Puebla,142,MX,21,PUE,MX-PUE,state,,,,19.0414398,-98.2062727,America/Mexico_City,2019-10-05 21:48:55,2025-08-08 13:25:36,1,Q79923
3477,Nayarit,142,MX,18,NAY,MX-NAY,state,,,,22.0000001,-105.0000001,America/Mazatlan,2019-10-05 21:48:55,2025-08-08 13:25:38,1,Q79920
3478,Krabi,219,TH,63,81,TH-81,province,,,,8.0634637,98.9162345,Asia/Bangkok,2019-10-05 21:48:55,2025-08-08 13:25:40,1,Q236769
3479,Ranong,219,TH,59,85,TH-85,province,,,,9.964128,98.6340038,Asia/Bangkok,2019-10-05 21:48:55,2025-08-08 13:25:42,1,Q236802
3480,Nong Bua Lam Phu,219,TH,79,39,TH-39,province,,,,17.2022252,102.440702,Asia/Bangkok,2019-10-05 21:48:55,2025-08-08 13:25:43,1,Q261241
3481,Samut Prakan,219,TH,42,11,TH-11,province,,,,13.6531651,100.8182578,Asia/Bangkok,2019-10-05 21:48:55,2025-08-08 13:25:45,1,Q271529
3482,Surat Thani,219,TH,60,84,TH-84,province,,,,9.1404136,99.3241347,Asia/Bangkok,2019-10-05 21:48:55,2025-08-08 13:25:47,1,Q240463
3483,Lamphun,219,TH,05,51,TH-51,province,,,,18.5744606,99.0087221,Asia/Bangkok,2019-10-05 21:48:55,2025-08-08 13:25:49,1,Q240540
3484,Nong Khai,219,TH,17,43,TH-43,province,,,,17.8782803,102.7412638,Asia/Bangkok,2019-10-05 21:48:55,2025-08-08 13:25:50,1,Q327737
3485,Khon Kaen,219,TH,22,40,TH-40,province,,,,16.4303916,102.8355904,Asia/Bangkok,2019-10-05 21:48:55,2025-08-08 13:25:52,1,Q327533
3486,Chanthaburi,219,TH,48,22,TH-22,province,,,,12.6112485,102.1037806,Asia/Bangkok,2019-10-05 21:48:55,2025-08-08 13:25:54,1,Q327730
3487,Saraburi,219,TH,37,19,TH-19,province,,,,14.5289154,100.9101421,Asia/Bangkok,2019-10-05 21:48:55,2025-08-08 13:25:56,1,Q337627
3488,Phatthalung,219,TH,66,93,TH-93,province,,,,7.6166823,100.0740231,Asia/Bangkok,2019-10-05 21:48:55,2025-08-08 13:25:57,1,Q243808
3489,Uttaradit,219,TH,10,53,TH-53,province,,,,17.6200886,100.0992942,Asia/Bangkok,2019-10-05 21:48:55,2025-08-08 13:25:59,1,Q273794
3490,Sing Buri,219,TH,33,17,TH-17,province,,,,14.8936253,100.3967314,Asia/Bangkok,2019-10-05 21:48:55,2025-08-08 13:26:01,1,Q334836
3491,Chiang Mai,219,TH,02,50,TH-50,province,,,,18.7883439,98.9853008,Asia/Bangkok,2019-10-05 21:48:55,2025-08-08 13:26:02,1,Q233588
3492,Nakhon Sawan,219,TH,16,60,TH-60,province,,,,15.705783,100.1330046,Asia/Bangkok,2019-10-05 21:48:55,2025-08-08 13:26:04,1,Q239844
3493,Yala,219,TH,70,95,TH-95,province,,,,6.5567245,101.2902517,Asia/Bangkok,2019-10-05 21:48:55,2025-08-08 13:26:06,1,Q242977
3494,Phra Nakhon Si Ayutthaya,219,TH,36,14,TH-14,province,,,,14.3535427,100.5645684,Asia/Bangkok,2019-10-05 21:48:55,2025-08-08 13:26:07,1,Q476222
3495,Nonthaburi,219,TH,38,12,TH-12,province,,,,13.8428962,100.4937886,Asia/Bangkok,2019-10-05 21:48:55,2025-08-08 13:26:09,1,Q242932
3496,Trat,219,TH,49,23,TH-23,province,,,,12.2427563,102.5174734,Asia/Bangkok,2019-10-05 21:48:55,2025-08-08 13:26:11,1,Q241884
3497,Nakhon Ratchasima,219,TH,27,30,TH-30,province,,,,14.9747339,102.0981161,Asia/Bangkok,2019-10-05 21:48:55,2025-08-08 13:26:12,1,Q271737
3498,Chiang Rai,219,TH,03,57,TH-57,province,,,,19.9104798,99.840576,Asia/Bangkok,2019-10-05 21:48:55,2025-08-08 13:26:14,1,Q236419
3499,Ratchaburi,219,TH,52,70,TH-70,province,,,,13.539067,99.8197035,Asia/Bangkok,2019-10-05 21:48:55,2025-08-08 13:26:16,1,Q335492
3500,Pathum Thani,219,TH,39,13,TH-13,province,,,,14.0208391,100.5250276,Asia/Bangkok,2019-10-05 21:48:55,2025-08-08 13:26:18,1,Q459748
3501,Sakon Nakhon,219,TH,20,47,TH-47,province,,,,17.1664211,104.1486055,Asia/Bangkok,2019-10-05 21:48:55,2025-08-08 13:26:20,1,Q382125
3502,Samut Songkhram,219,TH,54,75,TH-75,province,,,,13.4098217,100.0022645,Asia/Bangkok,2019-10-05 21:48:55,2025-08-08 13:26:21,1,Q459742
3503,Nakhon Pathom,219,TH,53,73,TH-73,province,,,,13.8341476,100.0502775,Asia/Bangkok,2019-10-05 21:48:55,2025-08-08 13:26:23,1,Q334841
3504,Samut Sakhon,219,TH,55,74,TH-74,province,,,,13.5475216,100.2743956,Asia/Bangkok,2019-10-05 21:48:55,2025-08-08 13:26:24,1,Q334686
3505,Mae Hong Son,219,TH,01,58,TH-58,province,,,,19.3020296,97.9654368,Asia/Bangkok,2019-10-05 21:48:55,2025-08-08 13:26:26,1,Q269270
3506,Phitsanulok,219,TH,12,65,TH-65,province,,,,16.8211238,100.2658516,Asia/Bangkok,2019-10-05 21:48:55,2025-08-08 13:26:28,1,Q275781
3507,Pattaya,219,TH,12,S,TH-S,metropolitan administration,,,,12.9366924,100.8865002,Asia/Bangkok,2019-10-05 21:48:55,2025-08-08 13:26:30,1,Q170919
3508,Prachuap Khiri Khan,219,TH,57,77,TH-77,province,,,,11.8057688,99.7967271,Asia/Bangkok,2019-10-05 21:48:55,2025-08-08 13:26:32,1,Q244628
3509,Loei,219,TH,18,42,TH-42,province,,,,17.4860232,101.7223002,Asia/Bangkok,2019-10-05 21:48:55,2025-08-08 13:26:34,1,Q275388
3510,Roi Et,219,TH,25,45,TH-45,province,,,,16.0538196,103.6520036,Asia/Bangkok,2019-10-05 21:48:55,2025-08-08 13:26:35,1,Q625463
3511,Kanchanaburi,219,TH,50,71,TH-71,province,,,,14.0342066,99.5256113,Asia/Bangkok,2019-10-05 21:48:55,2025-08-08 13:26:37,1,Q275740
3512,Ubon Ratchathani,219,TH,75,34,TH-34,province,,,,15.2274235,104.8589462,Asia/Bangkok,2019-10-05 21:48:55,2025-08-08 13:26:39,1,Q629024
3513,Chon Buri,219,TH,46,20,TH-20,province,,,,13.1857117,101.1210777,Asia/Bangkok,2019-10-05 21:48:55,2025-08-08 13:26:41,1,Q207068
3514,Phichit,219,TH,13,66,TH-66,province,,,,16.4428085,100.3438228,Asia/Bangkok,2019-10-05 21:48:55,2025-08-08 13:26:42,1,Q237874
3515,Phetchabun,219,TH,14,67,TH-67,province,,,,16.418027,101.1556825,Asia/Bangkok,2019-10-05 21:48:55,2025-08-08 13:26:44,1,Q240520
3516,Kamphaeng Phet,219,TH,11,62,TH-62,province,,,,16.4748045,99.5280072,Asia/Bangkok,2019-10-05 21:48:55,2025-08-08 13:26:46,1,Q273807
3517,Maha Sarakham,219,TH,24,44,TH-44,province,,,,15.9041448,103.0840638,Asia/Bangkok,2019-10-05 21:48:55,2025-08-08 13:26:48,1,Q468554
3518,Rayong,219,TH,47,21,TH-21,province,,,,12.6813957,101.2816261,Asia/Bangkok,2019-10-05 21:48:55,2025-08-08 13:26:49,1,Q335221
3519,Ang Thong,219,TH,35,15,TH-15,province,,,,14.5896054,100.455052,Asia/Bangkok,2019-10-05 21:48:55,2025-08-08 13:26:50,1,Q243795
3520,Nakhon Si Thammarat,219,TH,64,80,TH-80,province,,,,8.4324831,99.9599033,Asia/Bangkok,2019-10-05 21:48:55,2025-08-08 13:26:52,1,Q244691
3521,Yasothon,219,TH,72,35,TH-35,province,,,,15.792641,104.1452827,Asia/Bangkok,2019-10-05 21:48:55,2025-08-08 13:26:54,1,Q506598
3522,Chai Nat,219,TH,32,18,TH-18,province,,,,15.1851971,100.125125,Asia/Bangkok,2019-10-05 21:48:55,2025-08-08 13:26:56,1,Q459759
3523,Amnat Charoen,219,TH,77,37,TH-37,province,,,,15.8656783,104.6257774,Asia/Bangkok,2019-10-05 21:48:55,2025-08-08 13:26:57,1,Q243791
3524,Suphan Buri,219,TH,51,72,TH-72,province,,,,14.4744892,100.1177128,Asia/Bangkok,2019-10-05 21:48:55,2025-08-08 13:26:59,1,Q272247
3525,Tak,219,TH,08,63,TH-63,province,,,,17.1053568,98.9953943,Asia/Bangkok,2019-10-05 21:48:55,2025-08-08 13:27:01,1,Q275758
3526,Chumphon,219,TH,58,86,TH-86,province,,,,10.4930496,99.1800199,Asia/Bangkok,2019-10-05 21:48:55,2025-08-08 13:27:03,1,Q244695
3527,Udon Thani,219,TH,76,41,TH-41,province,,,,17.3907364,102.7773582,Asia/Bangkok,2019-10-05 21:48:55,2025-08-08 13:27:04,1,Q380752
3528,Phrae,219,TH,07,54,TH-54,province,,,,18.1445774,100.1402831,Asia/Bangkok,2019-10-05 21:48:55,2025-08-08 13:27:06,1,Q244652
3529,Sa Kaeo,219,TH,80,27,TH-27,province,,,,13.824038,102.0645839,Asia/Bangkok,2019-10-05 21:48:55,2025-08-08 13:27:08,1,Q381889
3530,Nan,219,TH,04,55,TH-55,province,,,,18.7778874,100.773732,Asia/Bangkok,2019-10-05 21:48:55,2025-08-08 13:27:09,1,Q244698
3531,Surin,219,TH,29,32,TH-32,province,,,,15.0610142,103.7613123,Asia/Bangkok,2019-10-05 21:48:55,2025-08-08 13:27:11,1,Q380757
3532,Phetchaburi,219,TH,56,76,TH-76,province,,,,13.0692869,99.6044376,Asia/Bangkok,2019-10-05 21:48:55,2025-08-08 13:27:13,1,Q244699
3533,Bueng Kan,219,TH,81,38,TH-38,province,,,,18.3609104,103.6464463,Asia/Bangkok,2019-10-05 21:48:55,2025-08-08 13:27:15,1,Q1001862
3534,Buri Ram,219,TH,28,31,TH-31,province,,,,14.9951003,103.1115915,Asia/Bangkok,2019-10-05 21:48:55,2025-08-08 13:27:16,1,Q327510
3535,Nakhon Nayok,219,TH,43,26,TH-26,province,,,,14.2069466,101.2130511,Asia/Bangkok,2019-10-05 21:48:55,2025-08-08 13:27:18,1,Q466212
3536,Phuket,219,TH,62,83,TH-83,province,,,,7.8804479,98.3922504,Asia/Bangkok,2019-10-05 21:48:55,2025-08-08 13:27:20,1,Q182565
3537,Satun,219,TH,67,91,TH-91,province,,,,6.6238158,100.0673744,Asia/Bangkok,2019-10-05 21:48:55,2025-08-08 13:27:22,1,Q236263
3538,Phayao,219,TH,41,56,TH-56,province,,,,19.341673,100.1854539,Asia/Bangkok,2019-10-05 21:48:55,2025-08-08 13:27:24,1,Q244618
3539,Songkhla,219,TH,68,90,TH-90,province,,,,7.1897659,100.5953813,Asia/Bangkok,2019-10-05 21:48:55,2025-08-08 13:27:25,1,Q235574
3540,Pattani,219,TH,69,94,TH-94,province,,,,6.6997443,101.3989917,Asia/Bangkok,2019-10-05 21:48:55,2025-08-08 13:27:27,1,Q236781
3541,Trang,219,TH,65,92,TH-92,province,,,,7.5557778,99.6076502,Asia/Bangkok,2019-10-05 21:48:55,2025-08-08 13:27:29,1,Q243805
3542,Prachin Buri,219,TH,74,25,TH-25,province,,,,14.1542055,101.5547823,Asia/Bangkok,2019-10-05 21:48:55,2025-08-08 13:27:31,1,Q321324
3543,Lop Buri,219,TH,34,16,TH-16,province,,,,14.8023289,100.6146858,Asia/Bangkok,2019-10-05 21:48:55,2025-08-08 13:27:32,1,Q336122
3544,Lampang,219,TH,06,52,TH-52,province,,,,18.2899489,99.4958526,Asia/Bangkok,2019-10-05 21:48:55,2025-08-08 13:27:34,1,Q240495
3545,Sukhothai,219,TH,09,64,TH-64,province,,,,17.1446985,99.4375845,Asia/Bangkok,2019-10-05 21:48:55,2025-08-08 13:27:36,1,Q380764
3546,Mukdahan,219,TH,78,49,TH-49,province,,,,16.5414065,104.7290699,Asia/Bangkok,2019-10-05 21:48:55,2025-08-08 13:27:37,1,Q335119
3547,Si Sa Ket,219,TH,30,33,TH-33,province,,,,15.1186009,104.3220095,Asia/Bangkok,2019-10-05 21:48:55,2025-08-08 13:27:39,1,Q380761
3548,Nakhon Phanom,219,TH,73,48,TH-48,province,,,,17.4032326,104.7853098,Asia/Bangkok,2019-10-05 21:48:55,2025-08-08 13:27:41,1,Q468547
3549,Phangnga,219,TH,61,82,TH-82,province,,,,8.5010944,98.5068054,Asia/Bangkok,2019-10-05 21:48:55,2025-08-08 13:27:43,1,Q273306
3550,Kalasin,219,TH,23,46,TH-46,province,,,,16.438508,103.5060994,Asia/Bangkok,2019-10-05 21:48:55,2025-08-08 13:27:44,1,Q382144
3551,Uthai Thani,219,TH,15,61,TH-61,province,,,,15.3835001,100.0245527,Asia/Bangkok,2019-10-05 21:48:55,2025-08-08 13:27:46,1,Q244649
3552,Chachoengsao,219,TH,44,24,TH-24,province,,,,13.6904194,101.0779596,Asia/Bangkok,2019-10-05 21:48:55,2025-08-08 13:27:48,1,Q334906
3553,Narathiwat,219,TH,31,96,TH-96,province,,,,6.4350352,101.8228923,Asia/Bangkok,2019-10-05 21:48:55,2025-08-08 13:27:49,1,Q271442
3554,Bangkok,219,TH,40,10,TH-10,metropolitan administration,,,,13.7563309,100.5017651,Asia/Bangkok,2019-10-05 21:48:55,2025-08-08 13:27:51,1,Q1861
3555,Hiiu,69,EE,02,39,EE-39,county,,,,59.3830236,24.6703848,Europe/Tallinn,2019-10-05 21:48:55,2025-08-08 13:27:53,1,Q1466462
3556,Viljandi,69,EE,20,84,EE-84,county,,,,58.36454,25.5878074,Europe/Tallinn,2019-10-05 21:48:55,2025-08-08 13:27:55,1,Q192061
3557,Tartu,69,EE,18,78,EE-78,county,,,,58.3801207,26.72245,Europe/Tallinn,2019-10-05 21:48:55,2025-08-08 13:27:56,1,Q192370
3558,Valga,69,EE,19,82,EE-82,county,,,,57.777034,26.0315628,Europe/Tallinn,2019-10-05 21:48:55,2025-08-08 13:27:58,1,Q192362
3559,Rapla,69,EE,13,70,EE-70,county,,,,58.9419781,24.6984042,Europe/Tallinn,2019-10-05 21:48:55,2025-08-08 13:28:00,1,Q192352
3560,Võru,69,EE,21,86,EE-86,county,,,,57.8132607,26.9847576,Europe/Tallinn,2019-10-05 21:48:55,2025-08-08 13:28:02,1,Q188076
3561,Saare,69,EE,14,74,EE-74,county,,,,58.3697219,23.8358031,Europe/Tallinn,2019-10-05 21:48:55,2025-08-08 13:28:04,1,Q203272
3562,Pärnu,69,EE,11,67,EE-67,county,,,,58.3870833,24.502831,Europe/Tallinn,2019-10-05 21:48:55,2025-08-08 13:28:05,1,Q185036
3563,Põlva,69,EE,12,65,EE-65,county,,,,58.1694924,27.1567066,Europe/Tallinn,2019-10-05 21:48:55,2025-08-08 13:28:07,1,Q191813
3564,Lääne-Viru,69,EE,08,59,EE-59,county,,,,59.4075666,26.309987,Europe/Tallinn,2019-10-05 21:48:55,2025-08-08 13:28:09,1,Q189952
3565,Jõgeva,69,EE,05,49,EE-49,county,,,,58.7441059,26.3872444,Europe/Tallinn,2019-10-05 21:48:55,2025-08-08 13:28:10,1,Q189974
3566,Järva,69,EE,04,51,EE-51,county,,,,58.4133357,24.647735,Europe/Tallinn,2019-10-05 21:48:55,2025-08-08 13:28:12,1,Q188068
3567,Harju,69,EE,01,37,EE-37,county,,,,58.9529979,22.8981063,Europe/Tallinn,2019-10-05 21:48:55,2025-08-08 13:28:14,1,Q180200
3568,Lääne,69,EE,07,57,EE-57,county,,,,58.674124,25.8106102,Europe/Tallinn,2019-10-05 21:48:55,2025-08-08 13:28:15,1,Q189968
3569,Ida-Viru,69,EE,03,44,EE-44,county,,,,59.219803,27.3905162,Europe/Tallinn,2019-10-05 21:48:55,2025-08-08 13:28:17,1,Q189963
3570,Moyen-Chari,43,TD,17,MC,TD-MC,province,,,,9.4407768,18.8160927,Africa/Ndjamena,2019-10-05 21:48:55,2025-08-08 13:28:19,1,Q177799
3571,Mayo-Kebbi Ouest,43,TD,20,MO,TD-MO,province,,,,9.2640383,14.7151598,Africa/Ndjamena,2019-10-05 21:48:55,2025-08-08 13:28:21,1,Q910393
3572,Sila,43,TD,25,SI,TD-SI,province,,,,12.11786,21.4458848,Africa/Ndjamena,2019-10-05 21:48:55,2025-08-08 13:28:23,1,Q1149611
3573,Hadjer-Lamis,43,TD,18,HL,TD-HL,province,,,,12.6903906,16.3352648,Africa/Ndjamena,2019-10-05 21:48:55,2025-08-08 13:28:24,1,Q1042437
3574,Borkou,43,TD,23,BO,TD-BO,province,,,,17.2658129,18.3695288,Africa/Ndjamena,2019-10-05 21:48:55,2025-08-08 13:28:26,1,Q1139666
3575,Ennedi-Est,43,TD,27,EE,TD-EE,province,,,,17.6219737,23.3133676,Africa/Ndjamena,2019-10-05 21:48:55,2025-08-08 13:28:27,1,Q16632169
3576,Guéra,43,TD,05,GR,TD-GR,province,,,,11.6753817,18.4910031,Africa/Ndjamena,2019-10-05 21:48:55,2025-08-08 13:28:29,1,Q175706
3577,Lac,43,TD,07,LC,TD-LC,province,,,,13.5820827,14.3788329,Africa/Ndjamena,2019-10-05 21:48:55,2025-08-08 13:28:31,1,Q867869
3579,Tandjilé,43,TD,14,TA,TD-TA,province,,,,9.5713051,16.5294956,Africa/Ndjamena,2019-10-05 21:48:55,2025-08-08 13:28:33,1,Q867856
3580,Mayo-Kebbi Est,43,TD,16,ME,TD-ME,province,,,,10.126618,15.818345,Africa/Ndjamena,2019-10-05 21:48:55,2025-08-08 13:28:34,1,Q911421
3581,Wadi Fira,43,TD,02,WF,TD-WF,province,,,,15.0191449,21.467319,Africa/Ndjamena,2019-10-05 21:48:55,2025-08-08 13:28:36,1,Q860813
3582,Ouaddaï,43,TD,12,OD,TD-OD,province,,,,13.4613569,21.288445,Africa/Ndjamena,2019-10-05 21:48:55,2025-08-08 13:28:37,1,Q841338
3583,Bahr el Gazel,43,TD,22,BG,TD-BG,province,,,,14.4682468,16.9416836,Africa/Ndjamena,2019-10-05 21:48:55,2025-08-08 13:28:39,1,Q1050621
3584,Ennedi-Ouest,43,TD,28,EO,TD-EO,province,,,,18.1636803,21.5082709,Africa/Ndjamena,2019-10-05 21:48:55,2025-08-08 13:28:41,1,Q16632172
3585,Logone Occidental,43,TD,08,LO,TD-LO,province,,,,8.7795637,15.9126749,Africa/Ndjamena,2019-10-05 21:48:55,2025-08-08 13:28:43,1,Q305257
3586,N'Djamena,43,TD,21,ND,TD-ND,province,,,,12.1191543,15.0502758,Africa/Ndjamena,2019-10-05 21:48:55,2025-08-08 13:28:45,1,Q3659
3587,Tibesti,43,TD,26,TI,TD-TI,province,,,,21.4007391,17.4742763,Africa/Ndjamena,2019-10-05 21:48:55,2025-08-08 13:28:46,1,Q737711
3588,Kanem,43,TD,06,KA,TD-KA,province,,,,15.2264398,15.3151191,Africa/Ndjamena,2019-10-05 21:48:55,2025-08-08 13:28:48,1,Q849841
3589,Mandoul,43,TD,19,MA,TD-MA,province,,,,8.72751,17.5841771,Africa/Ndjamena,2019-10-05 21:48:55,2025-08-08 13:28:50,1,Q597410
3590,Batha,43,TD,01,BA,TD-BA,province,,,,13.8367731,18.9649806,Africa/Ndjamena,2019-10-05 21:48:55,2025-08-08 13:28:51,1,Q180414
3591,Logone Oriental,43,TD,09,LR,TD-LR,province,,,,8.2047152,16.470181,Africa/Ndjamena,2019-10-05 21:48:55,2025-08-08 13:28:53,1,Q167514
3592,Salamat,43,TD,13,SA,TD-SA,province,,,,10.7575596,20.6934116,Africa/Ndjamena,2019-10-05 21:48:55,2025-08-08 13:28:54,1,Q385584
3593,Berry Islands,17,BS,32,BY,BS-BY,district,,,,25.5905,-77.7261006,America/Nassau,2019-10-05 21:48:55,2025-08-08 13:28:56,1,Q827173
3594,Nichollstown and Berry Islands,17,BS,32,NB,BS-NB,district,,,,25.7236234,-77.8310104,America/Nassau,2019-10-05 21:48:55,2025-08-08 13:28:58,1,Q15478152
3595,Green Turtle Cay,17,BS,28,GT,BS-GT,district,,,,26.7747107,-77.3295708,America/Nassau,2019-10-05 21:48:55,2025-08-08 13:29:00,1,Q3249446
3596,Central Eleuthera,17,BS,39,CE,BS-CE,district,,,,25.239,-76.3291621,America/Nassau,2019-10-05 21:48:55,2025-08-08 13:29:01,1,Q938518
3597,Governor's Harbour,17,BS,27,GH,BS-GH,district,,,,25.1948096,-76.2439622,America/Nassau,2019-10-05 21:48:55,2025-08-08 13:29:03,1,Q5589465
3598,High Rock,17,BS,29,HR,BS-HR,district,,,,26.6264927,-78.2832236,America/Nassau,2019-10-05 21:48:55,2025-08-08 13:29:05,1,Q1771787
3599,West Grand Bahama,17,BS,54,WG,BS-WG,district,,,,26.744,-78.8788685,America/Nassau,2019-10-05 21:48:55,2025-08-08 13:29:06,1,Q2702338
3600,Rum Cay,17,BS,49,RC,BS-RC,district,,,,23.8263065,-74.9326829,America/Nassau,2019-10-05 21:48:55,2025-08-08 13:29:08,1,Q21713441
3601,Acklins,17,BS,24,AK,BS-AK,district,,,,22.4145,-74.0606831,America/Nassau,2019-10-05 21:48:55,2025-08-08 13:29:10,1,Q341919
3602,North Eleuthera,17,BS,48,NE,BS-NE,district,,,,25.3776694,-76.7842655,America/Nassau,2019-10-05 21:48:55,2025-08-08 13:29:12,1,Q2705535
3603,Central Abaco,17,BS,37,CO,BS-CO,district,,,,26.5255105,-77.2838118,America/Nassau,2019-10-05 21:48:55,2025-08-08 13:29:13,1,Q2525371
3604,Marsh Harbour,17,BS,31,MH,BS-MH,district,,,,26.5382728,-77.0610382,America/Nassau,2019-10-05 21:48:55,2025-08-08 13:29:15,1,Q1337651
3605,Black Point,17,BS,36,BP,BS-BP,district,,,,24.0962598,-76.4022591,America/Nassau,2019-10-05 21:48:55,2025-08-08 13:29:17,1,Q2525298
3606,Sandy Point,17,BS,34,SP,BS-SP,district,,,,26.0257329,-77.3993408,America/Nassau,2019-10-05 21:48:55,2025-08-08 13:29:19,1,Q7417405
3607,South Eleuthera,17,BS,52,SE,BS-SE,district,,,,24.7310794,-76.2926928,America/Nassau,2019-10-05 21:48:55,2025-08-08 13:29:20,1,Q2699715
3608,South Abaco,17,BS,50,SO,BS-SO,district,,,,26.004,-77.3567072,America/Nassau,2019-10-05 21:48:55,2025-08-08 13:29:22,1,Q2703192
3609,Inagua,17,BS,13,IN,BS-IN,district,,,,21.2325,-73.3096213,America/Nassau,2019-10-05 21:48:55,2025-08-08 13:29:24,1,Q1353668
3610,Long Island,17,BS,15,LI,BS-LI,district,,,,23.303,-75.1058782,America/Nassau,2019-10-05 21:48:55,2025-08-08 13:29:25,1,Q890879
3611,Cat Island,17,BS,06,CI,BS-CI,district,,,,24.3385,-75.6149932,America/Nassau,2019-10-05 21:48:55,2025-08-08 13:29:27,1,Q1050154
3612,Exuma,17,BS,10,EX,BS-EX,district,,,,23.9685,-76.1799049,America/Nassau,2019-10-05 21:48:55,2025-08-08 13:29:29,1,Q1385577
3613,Harbour Island,17,BS,22,HI,BS-HI,district,,,,25.50011,-76.6340511,America/Nassau,2019-10-05 21:48:55,2025-08-08 13:29:30,1,Q2357510
3614,East Grand Bahama,17,BS,41,EG,BS-EG,district,,,,26.6772229,-78.0134521,America/Nassau,2019-10-05 21:48:55,2025-08-08 13:29:32,1,Q2630334
3615,Ragged Island,17,BS,18,RI,BS-RI,district,,,,22.4765594,-75.8020934,America/Nassau,2019-10-05 21:48:55,2025-08-08 13:29:33,1,Q1532634
3616,North Abaco,17,BS,46,NO,BS-NO,district,,,,26.9383943,-77.6838221,America/Nassau,2019-10-05 21:48:55,2025-08-08 13:29:35,1,Q623327
3617,North Andros,17,BS,47,NS,BS-NS,district,,,,24.8875,-78.0811619,America/Nassau,2019-10-05 21:48:55,2025-08-08 13:29:37,1,Q2699411
3618,Kemps Bay,17,BS,30,KB,BS-KB,district,,,,24.0946811,-77.5485933,America/Nassau,2019-10-05 21:48:55,2025-08-08 13:29:39,1,Q9291041
3619,Fresh Creek,17,BS,26,FC,BS-FC,district,,,,24.7249161,-77.7857673,America/Nassau,2019-10-05 21:48:55,2025-08-08 13:29:40,1,Q14209513
3620,San Salvador and Rum Cay,17,BS,35,SR,BS-SR,district,,,,23.6854676,-74.8390162,America/Nassau,2019-10-05 21:48:55,2025-08-08 13:29:42,1,Q7415283
3621,Crooked Island,17,BS,40,CK,BS-CK,district,,,,22.7486959,-74.2386163,America/Nassau,2019-10-05 21:48:55,2025-08-08 13:29:44,1,Q1140993
3622,South Andros,17,BS,51,SA,BS-SA,district,,,,23.8985,-77.4565404,America/Nassau,2019-10-05 21:48:55,2025-08-08 13:29:46,1,Q2408672
3623,Rock Sound,17,BS,33,RS,BS-RS,district,,,,24.8644542,-76.1584835,America/Nassau,2019-10-05 21:48:55,2025-08-08 13:29:47,1,Q1771799
3624,Hope Town,17,BS,43,HT,BS-HT,district,,,,26.5407116,-76.9594379,America/Nassau,2019-10-05 21:48:55,2025-08-08 13:29:49,1,Q2699709
3625,Mangrove Cay,17,BS,44,MC,BS-MC,district,,,,24.2188205,-77.7176145,America/Nassau,2019-10-05 21:48:55,2025-08-08 13:29:50,1,Q2702334
3626,Freeport,17,BS,25,FP,BS-FP,district,,,,26.535681,-78.6953623,America/Nassau,2019-10-05 21:48:55,2025-08-08 13:29:52,1,Q867573
3627,San Salvador Island,17,BS,35,SS,BS-SS,district,,,,24.0343816,-74.4851373,America/Nassau,2019-10-05 21:48:55,2025-08-08 13:29:53,1,Q845540
3628,Acklins and Crooked Islands,17,BS,24,AC,BS-AC,district,,,,22.5076424,-74.4417041,America/Nassau,2019-10-05 21:48:55,2025-08-08 13:29:55,1,Q4674283
3629,Bimini,17,BS,05,BI,BS-BI,district,,,,25.7032538,-79.2733449,America/Nassau,2019-10-05 21:48:55,2025-08-08 13:29:56,1,Q863476
3630,Spanish Wells,17,BS,53,SW,BS-SW,district,,,,25.5402336,-76.9606233,America/Nassau,2019-10-05 21:48:55,2025-08-08 13:29:58,1,Q1771681
3631,Central Andros,17,BS,38,CS,BS-CS,district,,,,24.4343749,-77.7934077,America/Nassau,2019-10-05 21:48:55,2025-08-08 13:30:00,1,Q2096558
3632,Grand Cay,17,BS,42,GC,BS-GC,district,,,,27.2287191,-78.3324366,America/Nassau,2019-10-05 21:48:55,2025-08-08 13:30:02,1,Q2524373
3633,Mayaguana,17,BS,16,MG,BS-MG,district,,,,22.3698426,-72.8876816,America/Nassau,2019-10-05 21:48:55,2025-08-08 13:30:03,1,Q21712462
3634,San Juan,11,AR,18,J,AR-J,province,,,,-31.5370909,-68.5251802,America/Argentina/San_Juan,2019-10-05 21:48:55,2025-08-08 13:30:05,1,Q44805
3635,Santiago del Estero,11,AR,22,G,AR-G,province,,,,-27.7833574,-64.264167,America/Argentina/Cordoba,2019-10-05 21:48:55,2025-08-08 13:30:07,1,Q44827
3636,San Luis,11,AR,19,D,AR-D,province,,,,-33.2962042,-66.3294948,America/Argentina/San_Luis,2019-10-05 21:48:55,2025-08-08 13:30:09,1,Q44818
3637,Tucumán,11,AR,24,T,AR-T,province,,,,-26.8303703,-65.2038133,America/Argentina/Tucuman,2019-10-05 21:48:55,2025-08-08 13:30:10,1,Q44829
3638,Corrientes,11,AR,06,W,AR-W,province,,,,-27.4818684,-58.7955872,America/Argentina/Cordoba,2019-10-05 21:48:55,2025-08-08 13:30:12,1,Q44758
3639,Río Negro,11,AR,16,R,AR-R,province,,,,-39.7296321,-65.3418189,America/Argentina/Salta,2019-10-05 21:48:55,2025-08-08 13:30:14,1,Q44802
3640,Chaco,11,AR,03,H,AR-H,province,,,,-26.3829647,-60.8816092,America/Argentina/Cordoba,2019-10-05 21:48:55,2025-08-08 13:30:16,1,Q44757
3641,Santa Fe,11,AR,21,S,AR-S,province,,,,-31.6186951,-60.7019561,America/Argentina/Cordoba,2019-10-05 21:48:55,2025-08-08 13:30:17,1,Q44823
3642,Córdoba,11,AR,05,X,AR-X,province,,,,-31.4166867,-64.1834193,America/Argentina/Cordoba,2019-10-05 21:48:55,2025-08-08 13:30:19,1,Q44759
3643,Salta,11,AR,17,A,AR-A,province,,,,-24.7892946,-65.4103194,America/Argentina/Salta,2019-10-05 21:48:55,2025-08-08 13:30:21,1,Q44803
3644,Misiones,11,AR,14,N,AR-N,province,,,,-26.737224,-54.4315257,America/Argentina/Cordoba,2019-10-05 21:48:55,2025-08-08 13:30:23,1,Q44798
3645,Jujuy,11,AR,10,Y,AR-Y,province,,,,-23.3161458,-65.7595288,America/Argentina/Jujuy,2019-10-05 21:48:55,2025-08-08 13:30:24,1,Q44764
3646,Mendoza,11,AR,13,M,AR-M,province,,,,-32.8894587,-68.8458386,America/Argentina/Mendoza,2019-10-05 21:48:55,2025-08-08 13:30:26,1,Q44797
3647,Catamarca,11,AR,02,K,AR-K,province,,,,-28.4715877,-65.7877209,America/Argentina/Catamarca,2019-10-05 21:48:55,2025-08-08 13:30:28,1,Q44756
3648,Neuquén,11,AR,15,Q,AR-Q,province,,,,-38.9519679,-68.0591741,America/Argentina/Salta,2019-10-05 21:48:55,2025-08-08 13:30:30,1,Q44800
3649,Santa Cruz,11,AR,20,Z,AR-Z,province,,,,-48.5693327,-70.1606767,America/Argentina/Rio_Gallegos,2019-10-05 21:48:55,2025-08-08 13:30:31,1,Q44821
3650,Tierra del Fuego,11,AR,23,V,AR-V,province,,,,-54.4071064,-67.8974895,America/Argentina/Ushuaia,2019-10-05 21:48:55,2025-08-08 13:30:33,1,Q44832
3651,Chubut,11,AR,04,U,AR-U,province,,,,-43.7128356,-68.7461817,America/Argentina/Catamarca,2019-10-05 21:48:55,2025-08-08 13:30:35,1,Q45007
3652,Formosa,11,AR,09,P,AR-P,province,,,,-26.1852983,-58.1744976,America/Argentina/Cordoba,2019-10-05 21:48:55,2025-08-08 13:30:36,1,Q44761
3653,La Rioja,11,AR,12,F,AR-F,province,,,,-29.4193793,-66.8559932,America/Argentina/La_Rioja,2019-10-05 21:48:55,2025-08-08 13:30:38,1,Q44796
3654,Entre Ríos,11,AR,08,E,AR-E,province,,,,-31.6252842,-59.3539578,America/Argentina/Cordoba,2019-10-05 21:48:55,2025-08-08 13:30:40,1,Q44762
3655,La Pampa,11,AR,11,L,AR-L,province,,,,-37.2314643,-65.3972948,America/Argentina/Salta,2019-10-05 21:48:55,2025-08-08 13:30:41,1,Q44795
3656,Buenos Aires,11,AR,07,B,AR-B,province,,,,-37.1498403,-60.1319456,America/Argentina/Buenos_Aires,2019-10-05 21:48:55,2025-08-08 13:30:42,1,Q1486
3657,Quiché ,90,GT,14,14,GT-14,department,,,,15.4381786,-91.0075186,America/Guatemala,2019-10-06 04:48:55,2025-08-08 13:30:44,1,Q669802
3658,Jalapa ,90,GT,21,21,GT-21,department,,,,14.6344164,-89.9897996,America/Guatemala,2019-10-06 04:48:55,2025-08-08 13:30:46,1,Q795441
3659,Izabal ,90,GT,18,18,GT-18,department,,,,15.5700584,-88.9829247,America/Guatemala,2019-10-06 04:48:55,2025-08-08 13:30:48,1,Q693658
3660,Suchitepéquez ,90,GT,10,10,GT-10,department,,,,14.3740226,-91.3650139,America/Guatemala,2019-10-06 04:48:55,2025-08-08 13:30:50,1,Q883734
3661,Sololá ,90,GT,07,07,GT-07,department,,,,14.7039412,-91.282818,America/Guatemala,2019-10-06 04:48:55,2025-08-08 13:30:51,1,Q178136
3662,El Progreso ,90,GT,02,02,GT-02,department,,,,14.9100436,-90.0682728,America/Guatemala,2019-10-06 04:48:55,2025-08-08 13:30:53,1,Q795591
3663,Totonicapán ,90,GT,08,08,GT-08,department,,,,14.9173402,-91.3613923,America/Guatemala,2019-10-06 04:48:55,2025-08-08 13:30:54,1,Q885644
3664,Retalhuleu ,90,GT,11,11,GT-11,department,,,,14.5359621,-91.6780651,America/Guatemala,2019-10-06 04:48:55,2025-08-08 13:30:56,1,Q888307
3665,Santa Rosa ,90,GT,06,06,GT-06,department,,,,14.1501523,-90.3508818,America/Guatemala,2019-10-06 04:48:55,2025-08-08 13:30:57,1,Q885656
3666,Chiquimula ,90,GT,20,20,GT-20,department,,,,14.8005709,-89.5459173,America/Guatemala,2019-10-06 04:48:55,2025-08-08 13:30:59,1,Q753037
3667,San Marcos ,90,GT,12,12,GT-12,department,,,,14.9533135,-91.9120444,America/Guatemala,2019-10-06 04:48:55,2025-08-08 13:31:01,1,Q883907
3668,Quetzaltenango ,90,GT,09,09,GT-09,department,,,,14.8594641,-91.5931586,America/Guatemala,2019-10-06 04:48:55,2025-08-08 13:31:03,1,Q844502
3669,Petén ,90,GT,17,17,GT-17,department,,,,16.8317906,-90.0450637,America/Guatemala,2019-10-06 04:48:55,2025-08-08 13:31:04,1,Q466061
3670,Huehuetenango ,90,GT,13,13,GT-13,department,,,,15.606418,-91.6442217,America/Guatemala,2019-10-06 04:48:55,2025-08-08 13:31:06,1,Q842266
3671,Alta Verapaz ,90,GT,16,16,GT-16,department,,,,15.5949705,-90.0918031,America/Guatemala,2019-10-06 04:48:55,2025-08-08 13:31:08,1,Q504637
3672,Guatemala ,90,GT,01,01,GT-01,department,,,,14.6416142,-90.5132836,America/Guatemala,2019-10-06 04:48:55,2025-08-08 13:31:09,1,Q695660
3673,Jutiapa ,90,GT,22,22,GT-22,department,,,,14.1476859,-89.8872508,America/Guatemala,2019-10-06 04:48:55,2025-08-08 13:31:11,1,Q765984
3674,Baja Verapaz ,90,GT,15,15,GT-15,department,,,,15.1170798,-90.4109616,America/Guatemala,2019-10-06 04:48:55,2025-08-08 13:31:13,1,Q504647
3675,Chimaltenango ,90,GT,04,04,GT-04,department,,,,14.6539748,-90.9272741,America/Guatemala,2019-10-06 04:48:55,2025-08-08 13:31:14,1,Q765975
3676,Sacatepéquez ,90,GT,03,03,GT-03,department,,,,14.5531759,-90.7547018,America/Guatemala,2019-10-06 04:48:55,2025-08-08 13:31:16,1,Q508804
3677,Escuintla ,90,GT,05,05,GT-05,department,,,,14.1921287,-91.0263791,America/Guatemala,2019-10-06 04:48:55,2025-08-08 13:31:18,1,Q795587
3678,Madre de Dios,173,PE,17,MDD,PE-MDD,region,,,,-12,-70.25,America/Lima,2019-10-05 21:48:55,2025-08-08 13:31:20,1,Q210896
3679,Huancavelica,173,PE,09,HUV,PE-HUV,region,,,,-12.7861978,-74.9764024,America/Lima,2019-10-05 21:48:55,2025-08-08 13:31:21,1,Q505220
3680,Áncash,173,PE,02,ANC,PE-ANC,region,,,,-9.5,-77.75,America/Lima,2019-10-05 21:48:55,2025-08-08 13:31:23,1,Q205089
3681,Arequipa,173,PE,04,ARE,PE-ARE,region,,,,-16.3988667,-71.5369607,America/Lima,2019-10-05 21:48:55,2025-08-08 13:31:25,1,Q205068
3682,Puno,173,PE,21,PUN,PE-PUN,region,,,,-15.8402218,-70.0218805,America/Lima,2019-10-05 21:48:55,2025-08-08 13:31:26,1,Q205104
3683,La Libertad,173,PE,13,LAL,PE-LAL,region,,,,-8,-78.5,America/Lima,2019-10-05 21:48:55,2025-08-08 13:31:28,1,Q205126
3684,Ucayali,173,PE,25,UCA,PE-UCA,region,,,,-9,-73.5,America/Lima,2019-10-05 21:48:55,2025-08-08 13:31:29,1,Q207424
3685,Amazonas,173,PE,01,AMA,PE-AMA,region,,,,-5,-78,America/Lima,2019-10-05 21:48:55,2025-08-08 13:31:31,1,Q201162
3686,Pasco,173,PE,19,PAS,PE-PAS,region,,,,-10.7246926,-76.1657305,America/Lima,2019-10-05 21:48:55,2025-08-08 13:31:33,1,Q211208
3687,Huanuco,173,PE,10,HUC,PE-HUC,region,,,,-9.9207648,-76.2410843,America/Lima,2019-10-05 21:48:55,2025-08-08 13:31:35,1,Q215221
3688,Cajamarca,173,PE,06,CAJ,PE-CAJ,region,,,,-7.1617465,-78.5127855,America/Lima,2019-10-05 21:48:55,2025-08-08 13:31:36,1,Q205078
3689,Tumbes,173,PE,24,TUM,PE-TUM,region,,,,-3.5707875,-80.4596454,America/Lima,2019-10-05 21:48:55,2025-08-08 13:31:38,1,Q209597
3691,Cusco,173,PE,08,CUS,PE-CUS,region,,,,-13.5170887,-71.9785356,America/Lima,2019-10-05 21:48:55,2025-08-08 13:31:40,1,Q205057
3692,Ayacucho,173,PE,05,AYA,PE-AYA,region,,,,-13.1638737,-74.2235641,America/Lima,2019-10-05 21:48:55,2025-08-08 13:31:41,1,Q205112
3693,Junín,173,PE,12,JUN,PE-JUN,region,,,,-11.1581925,-75.9926306,America/Lima,2019-10-05 21:48:55,2025-08-08 13:31:43,1,Q207973
3694,San Martín,173,PE,22,SAM,PE-SAM,region,,,,-6.4095133,-76.8712581,America/Lima,2019-10-05 21:48:55,2025-08-08 13:31:45,1,Q211793
3695,Lima,173,PE,15,LIM,PE-LIM,region,,,,-12.0621065,-77.0365256,America/Lima,2019-10-05 21:48:55,2025-08-08 13:31:46,1,Q211795
3696,Tacna,173,PE,23,TAC,PE-TAC,region,,,,-18.0065679,-70.2462741,America/Lima,2019-10-05 21:48:55,2025-08-08 13:31:48,1,Q207413
3697,Piura,173,PE,20,PIU,PE-PIU,region,,,,-5.1971376,-80.6267237,America/Lima,2019-10-05 21:48:55,2025-08-08 13:31:50,1,Q208183
3698,Moquegua,173,PE,18,MOQ,PE-MOQ,region,,,,-17.1927361,-70.9328138,America/Lima,2019-10-05 21:48:55,2025-08-08 13:31:51,1,Q208182
3699,Apurímac,173,PE,03,APU,PE-APU,region,,,,-14,-73,America/Lima,2019-10-05 21:48:55,2025-08-08 13:31:53,1,Q208185
3700,Ica,173,PE,11,ICA,PE-ICA,region,,,,-14.0640967,-75.7290915,America/Lima,2019-10-05 21:48:55,2025-08-08 13:31:55,1,Q208186
3701,Callao,173,PE,07,CAL,PE-CAL,region,,,,-12.0522626,-77.1391133,America/Lima,2019-10-05 21:48:55,2025-08-08 13:31:56,1,Q2071352
3702,Lambayeque,173,PE,14,LAM,PE-LAM,region,,,,-6.703027,-79.9065086,America/Lima,2019-10-05 21:48:55,2025-08-08 13:31:58,1,Q210061
3703,Redonda,10,AG,09,11,AG-11,dependency,,,,16.938416,-62.3455148,America/Antigua,2019-10-05 21:48:55,2025-08-08 13:32:00,1,Q457261
3704,Saint Peter,10,AG,07,07,AG-07,parish,,,,17.1070239,-61.7502143,America/Antigua,2019-10-05 21:48:55,2025-08-08 13:32:02,1,Q1952603
3705,Saint Paul,10,AG,06,06,AG-06,parish,,,,17.0325831,-61.7706567,America/Antigua,2019-10-05 21:48:55,2025-08-08 13:32:04,1,Q386093
3706,Saint John,10,AG,04,04,AG-04,parish,,,,17.1151502,-61.8583488,America/Antigua,2019-10-05 21:48:55,2025-08-08 13:32:05,1,Q548816
3707,Saint Mary,10,AG,05,05,AG-05,parish,,,,17.054815,-61.8602368,America/Antigua,2019-10-05 21:48:55,2025-08-08 13:32:07,1,Q1999872
3708,Barbuda,10,AG,01,10,AG-10,dependency,,,,17.6219203,-61.7839588,America/Antigua,2019-10-05 21:48:55,2025-08-08 13:32:09,1,Q238752
3709,Saint George,10,AG,03,03,AG-03,parish,,,,17.1218022,-61.78123,America/Antigua,2019-10-05 21:48:55,2025-08-08 13:32:10,1,Q1770796
3710,Saint Philip,10,AG,08,08,AG-08,parish,,,,17.066357,-61.7061957,America/Antigua,2019-10-05 21:48:55,2025-08-08 13:32:12,1,Q1996895
3711,South Bačka,196,RS,08,06,RS-06,district,,,,45.4491396,19.7680303,Europe/Belgrade,2019-10-05 21:48:55,2025-08-08 13:32:14,1,Q648718
3712,Pirot,196,RS,08,22,RS-22,district,,,,43.1547342,22.5865039,Europe/Belgrade,2019-10-05 21:48:55,2025-08-08 13:32:16,1,Q580069
3713,South Banat,196,RS,08,04,RS-04,district,,,,44.9947432,20.9388489,Europe/Belgrade,2019-10-05 21:48:55,2025-08-08 13:32:18,1,Q720030
3714,North Bačka,196,RS,08,01,RS-01,district,,,,45.9011831,19.5834192,Europe/Belgrade,2019-10-05 21:48:55,2025-08-08 13:32:19,1,Q648758
3715,Jablanica,196,RS,08,23,RS-23,district,,,,43.4529825,21.2688387,Europe/Belgrade,2019-10-05 21:48:55,2025-08-08 13:32:21,1,Q876541
3716,Central Banat,196,RS,SE,02,RS-02,district,,,,45.4358778,20.5108293,Europe/Belgrade,2019-10-05 21:48:55,2025-08-08 13:32:23,1,Q425782
3717,Bor,196,RS,SE,14,RS-14,district,,,,44.0698918,22.0985086,Europe/Belgrade,2019-10-05 21:48:55,2025-08-08 13:32:25,1,Q477586
3718,Toplica,196,RS,SE,21,RS-21,district,,,,43.2165528,21.4043682,Europe/Belgrade,2019-10-05 21:48:55,2025-08-08 13:32:27,1,Q1048184
3719,Mačva,196,RS,SE,08,RS-08,district,,,,44.5203374,19.5034197,Europe/Belgrade,2019-10-05 21:48:55,2025-08-08 13:32:28,1,Q867803
3720,Rasina,196,RS,SE,19,RS-19,district,,,,43.4109278,21.159705,Europe/Belgrade,2019-10-05 21:48:55,2025-08-08 13:32:30,1,Q1043446
3721,Pčinja,196,RS,SE,24,RS-24,district,,,,42.3850389,22.0103627,Europe/Belgrade,2019-10-05 21:48:55,2025-08-08 13:32:31,1,Q1061099
3722,Nišava,196,RS,SE,20,RS-20,district,,,,43.2178129,22.4795786,Europe/Belgrade,2019-10-05 21:48:55,2025-08-08 13:32:33,1,Q1061076
3724,Kolubara,196,RS,SE,09,RS-09,district,,,,44.358907,20.1421297,Europe/Belgrade,2019-10-05 21:48:55,2025-08-08 13:32:35,1,Q1048139
3725,Raška,196,RS,SE,18,RS-18,district,,,,43.2869592,20.6141348,Europe/Belgrade,2019-10-05 21:48:55,2025-08-08 13:32:37,1,Q1061082
3726,West Bačka,196,RS,SE,05,RS-05,district,,,,45.7355385,19.1897364,Europe/Belgrade,2019-10-05 21:48:55,2025-08-08 13:32:38,1,Q735169
3727,Moravica,196,RS,SE,17,RS-17,district,,,,42.3872682,21.7218213,Europe/Belgrade,2019-10-05 21:48:55,2025-08-08 13:32:40,1,Q915380
3728,Belgrade,196,RS,SE,00,RS-00,city,,,,44.8178131,20.4568974,Europe/Belgrade,2019-10-05 21:48:55,2025-08-08 13:32:42,1,Q3711
3729,Zlatibor,196,RS,SE,16,RS-16,district,,,,43.6531807,19.6405865,Europe/Belgrade,2019-10-05 21:48:55,2025-08-08 13:32:43,1,Q478278
3731,Zaječar,196,RS,SE,15,RS-15,district,,,,43.9015048,22.2738011,Europe/Belgrade,2019-10-05 21:48:55,2025-08-08 13:32:45,1,Q967339
3732,Braničevo,196,RS,SE,11,RS-11,district,,,,44.6982246,21.5446775,Europe/Belgrade,2019-10-05 21:48:55,2025-08-08 13:32:47,1,Q861539
3733,Vojvodina,196,RS,VO,VO,RS-VO,province,,,,45.4102776,19.9762992,Europe/Belgrade,2019-10-05 21:48:55,2025-08-08 13:32:49,1,Q44749
3734,Šumadija,196,RS,VO,12,RS-12,district,,,,44.6178028,20.2771884,Europe/Belgrade,2019-10-05 21:48:55,2025-08-08 13:32:50,1,Q544118
3736,North Banat,196,RS,VO,03,RS-03,district,,,,45.8887418,20.1902354,Europe/Belgrade,2019-10-05 21:48:55,2025-08-08 13:32:52,1,Q728041
3737,Pomoravlje,196,RS,VO,13,RS-13,district,,,,44.0221107,21.4408567,Europe/Belgrade,2019-10-05 21:48:55,2025-08-08 13:32:54,1,Q867816
3740,Srem,196,RS,VO,07,RS-07,district,,,,44.9187838,19.9702308,Europe/Belgrade,2019-10-05 21:48:55,2025-08-08 13:32:56,1,Q217331
3741,Podunavlje,196,RS,VO,10,RS-10,district,,,,44.7281091,20.8092213,Europe/Belgrade,2019-10-05 21:48:56,2025-08-08 13:32:57,1,Q778561
3742,Westmoreland,108,JM,16,10,JM-10,parish,,,,18.2104026,-77.9793211,America/Jamaica,2019-10-05 21:48:56,2025-08-08 13:32:59,1,Q1440250
3743,Saint Elizabeth,108,JM,11,11,JM-11,parish,,,,18.053845,-77.7828249,America/Jamaica,2019-10-05 21:48:56,2025-08-08 13:33:00,1,Q1473646
3744,Saint Ann,108,JM,09,06,JM-06,parish,,,,18.32993,-77.2541816,America/Jamaica,2019-10-05 21:48:56,2025-08-08 13:33:01,1,Q1326284
3745,Saint James,108,JM,12,08,JM-08,parish,,,,18.365809,-77.8522037,America/Jamaica,2019-10-05 21:48:56,2025-08-08 13:33:03,1,Q1421939
3746,Saint Catherine,108,JM,10,14,JM-14,parish,,,,18.0471737,-77.0333852,America/Jamaica,2019-10-05 21:48:56,2025-08-08 13:33:05,1,Q1473663
3747,Saint Mary,108,JM,13,05,JM-05,parish,,,,18.2789179,-76.9021868,America/Jamaica,2019-10-05 21:48:56,2025-08-08 13:33:07,1,Q633565
3748,Kingston,108,JM,17,01,JM-01,parish,,,,17.9712148,-76.7928128,America/Jamaica,2019-10-05 21:48:56,2025-08-08 13:33:08,1,Q1473680
3749,Hanover,108,JM,02,09,JM-09,parish,,,,18.3850653,-78.130993,America/Jamaica,2019-10-05 21:48:56,2025-08-08 13:33:10,1,Q1131779
3750,Saint Thomas,108,JM,14,03,JM-03,parish,,,,17.9716306,-76.4414306,America/Jamaica,2019-10-05 21:48:56,2025-08-08 13:33:12,1,Q1422332
3751,Saint Andrew,108,JM,08,02,JM-02,parish,,,,18.0589648,-76.7607767,America/Jamaica,2019-10-05 21:48:56,2025-08-08 13:33:14,1,Q2212935
3752,Portland,108,JM,07,04,JM-04,parish,,,,18.1268206,-76.5374012,America/Jamaica,2019-10-05 21:48:56,2025-08-08 13:33:15,1,Q125148
3753,Clarendon,108,JM,01,13,JM-13,parish,,,,17.9518525,-77.2719277,America/Jamaica,2019-10-05 21:48:56,2025-08-08 13:33:17,1,Q1095557
3754,Manchester,108,JM,04,12,JM-12,parish,,,,18.0499257,-77.5110143,America/Jamaica,2019-10-05 21:48:56,2025-08-08 13:33:19,1,Q920496
3755,Trelawny,108,JM,15,07,JM-07,parish,,,,18.3682128,-77.6043615,America/Jamaica,2019-10-05 21:48:56,2025-08-08 13:33:21,1,Q1123340
3756,Dennery,186,LC,05,05,LC-05,district,,,,13.9267393,-60.9190988,America/St_Lucia,2019-10-05 21:48:56,2025-08-08 13:33:22,1,Q1188890
3757,Anse la Raye,186,LC,01,01,LC-01,district,,,,13.9459424,-61.0369468,America/St_Lucia,2019-10-05 21:48:56,2025-08-08 13:33:24,1,Q1676934
3758,Castries,186,LC,03,02,LC-02,district,,,,14.0101094,-60.9874687,America/St_Lucia,2019-10-05 21:48:56,2025-08-08 13:33:25,1,Q1049867
3759,Laborie,186,LC,07,07,LC-07,district,,,,13.7522783,-60.9932889,America/St_Lucia,2019-10-05 21:48:56,2025-08-08 13:33:27,1,Q599347
3760,Choiseul,186,LC,04,03,LC-03,district,,,,13.7750154,-61.048591,America/St_Lucia,2019-10-05 21:48:56,2025-08-08 13:33:29,1,Q1075816
3761,Canaries,186,LC,12,12,LC-12,district,,,,13.9040024,-61.0718714,America/St_Lucia,2019-10-05 21:48:56,2025-08-08 13:33:31,1,Q1032796
3762,Micoud,186,LC,08,08,LC-08,district,,,,13.8211871,-60.9001934,America/St_Lucia,2019-10-05 21:48:56,2025-08-08 13:33:32,1,Q1240193
3763,Vieux Fort,186,LC,10,11,LC-11,district,,,,13.720608,-60.9496433,America/St_Lucia,2019-10-05 21:48:56,2025-08-08 13:33:34,1,Q1472864
3764,Soufrière,186,LC,09,10,LC-10,district,,,,13.8522266,-61.0238291,America/St_Lucia,2019-10-05 21:48:56,2025-08-08 13:33:36,1,Q1472841
3765,Praslin,186,LC,11,09,LC-09,district,,,,13.8752392,-60.8994663,America/St_Lucia,2019-10-05 21:48:56,2025-08-08 13:33:38,1,Q1567791
3766,Gros Islet,186,LC,06,06,LC-06,district,,,,14.0843578,-60.9452794,America/St_Lucia,2019-10-05 21:48:56,2025-08-08 13:33:39,1,Q953557
3767,Dauphin,186,LC,02,04,LC-04,district,,,,14.0547379,-60.9004825,America/St_Lucia,2019-10-05 21:48:56,2025-08-08 13:33:41,1,Q182988
3768,Hưng Yên,240,VN,81,66,VN-66,province,,,,20.6568406,106.054036,Asia/Bangkok,2019-10-05 21:48:56,2025-08-08 13:33:43,1,Q36235
3769,Đồng Tháp,240,VN,09,45,VN-45,province,,,,10.425183,105.9271362,Asia/Ho_Chi_Minh,2019-10-05 21:48:56,2025-08-08 13:33:45,1,Q36676
3770,Bà Rịa-Vũng Tàu,240,VN,45,43,VN-43,province,,,,10.3774141,107.1122353,Asia/Ho_Chi_Minh,2019-10-05 21:48:56,2025-08-08 13:33:46,1,Q36874
3771,Thanh Hóa,240,VN,34,21,VN-21,province,,,,19.806692,105.7851816,Asia/Bangkok,2019-10-05 21:48:56,2025-08-08 13:33:48,1,Q36512
3772,Kon Tum,240,VN,55,28,VN-28,province,,,,14.3615256,108.0039102,Asia/Ho_Chi_Minh,2019-10-05 21:48:56,2025-08-08 13:33:50,1,Q36315
3773,Điện Biên,240,VN,92,71,VN-71,province,,,,21.6546566,103.2168632,Asia/Bangkok,2019-10-05 21:48:56,2025-08-08 13:33:51,1,Q36955
3774,Vĩnh Phúc,240,VN,86,70,VN-70,province,,,,21.1952207,105.7845724,Asia/Bangkok,2019-10-05 21:48:56,2025-08-08 13:33:53,1,Q27566
3775,Thái Bình,240,VN,35,20,VN-20,province,,,,20.4463471,106.3365828,Asia/Bangkok,2019-10-05 21:48:56,2025-08-08 13:33:54,1,Q36681
3776,Quảng Nam,240,VN,84,27,VN-27,province,,,,15.5587908,108.109299,Asia/Ho_Chi_Minh,2019-10-05 21:48:56,2025-08-08 13:33:56,1,Q33356
3777,Hậu Giang,240,VN,93,73,VN-73,province,,,,9.7881262,105.6390398,Asia/Ho_Chi_Minh,2019-10-05 21:48:56,2025-08-08 13:33:58,1,Q36320
3778,Cà Mau,240,VN,77,59,VN-59,province,,,,9.1762003,105.1508415,Asia/Ho_Chi_Minh,2019-10-05 21:48:56,2025-08-08 13:34:00,1,Q33354
3779,Hà Giang,240,VN,50,03,VN-03,province,,,,22.8265485,104.9836779,Asia/Bangkok,2019-10-05 21:48:56,2025-08-08 13:34:01,1,Q36685
3780,Nghệ An,240,VN,58,22,VN-22,province,,,,19.1976001,105.060676,Asia/Bangkok,2019-10-05 21:48:56,2025-08-08 13:34:03,1,Q36587
3781,Tiền Giang,240,VN,37,46,VN-46,province,,,,10.5583817,105.4050816,Asia/Ho_Chi_Minh,2019-10-05 21:48:56,2025-08-08 13:34:05,1,Q36666
3782,Cao Bằng,240,VN,05,04,VN-04,province,,,,22.665781,106.2587824,Asia/Bangkok,2019-10-05 21:48:56,2025-08-08 13:34:06,1,Q36865
3783,Hải Phòng,240,VN,13,HP,VN-HP,province,,,,20.8623278,106.6799266,Asia/Bangkok,2019-10-05 21:48:56,2025-08-08 13:34:08,1,Q72818
3784,Yên Bái,240,VN,70,06,VN-06,province,,,,21.7167689,104.8985878,Asia/Bangkok,2019-10-05 21:48:56,2025-08-08 13:34:10,1,Q36349
3785,Bình Dương,240,VN,75,57,VN-57,province,,,,11.1826156,106.6738179,Asia/Ho_Chi_Minh,2019-10-05 21:48:56,2025-08-08 13:34:12,1,Q36866
3786,Ninh Bình,240,VN,59,18,VN-18,province,,,,20.2506149,105.9744536,Asia/Bangkok,2019-10-05 21:48:56,2025-08-08 13:34:13,1,Q36900
3787,Bình Thuận,240,VN,47,40,VN-40,province,,,,10.9685906,108.0032715,Asia/Ho_Chi_Minh,2019-10-05 21:48:56,2025-08-08 13:34:15,1,Q36869
3788,Ninh Thuận,240,VN,60,36,VN-36,province,,,,11.4639176,109.1316501,Asia/Ho_Chi_Minh,2019-10-05 21:48:56,2025-08-08 13:34:17,1,Q36903
3789,Nam Định,240,VN,82,67,VN-67,province,,,,20.4377742,106.1475588,Asia/Bangkok,2019-10-05 21:48:56,2025-08-08 13:34:19,1,Q36907
3790,Vĩnh Long,240,VN,69,49,VN-49,province,,,,10.254809,105.9714673,Asia/Ho_Chi_Minh,2019-10-05 21:48:56,2025-08-08 13:34:20,1,Q7333405
3791,Bắc Ninh,240,VN,74,56,VN-56,province,,,,21.1781515,106.0710078,Asia/Bangkok,2019-10-05 21:48:56,2025-08-08 13:34:22,1,Q33408
3792,Lạng Sơn,240,VN,39,09,VN-09,province,,,,21.853708,106.761519,Asia/Bangkok,2019-10-05 21:48:56,2025-08-08 13:34:24,1,Q33403
3793,Khánh Hòa,240,VN,54,34,VN-34,province,,,,12.2980751,108.9950386,Asia/Ho_Chi_Minh,2019-10-05 21:48:56,2025-08-08 13:34:25,1,Q33369
3794,An Giang,240,VN,01,44,VN-44,province,,,,10.3188672,105.0432488,Asia/Ho_Chi_Minh,2019-10-05 21:48:56,2025-08-08 13:34:27,1,Q36592
3795,Tuyên Quang,240,VN,68,07,VN-07,province,,,,21.8192281,105.2149355,Asia/Bangkok,2019-10-05 21:48:56,2025-08-08 13:34:29,1,Q2332060
3796,Bến Tre,240,VN,03,50,VN-50,province,,,,10.2433556,106.375551,Asia/Ho_Chi_Minh,2019-10-05 21:48:56,2025-08-08 13:34:30,1,Q33366
3797,Bình Phước,240,VN,76,58,VN-58,province,,,,11.8000377,106.9151381,Asia/Ho_Chi_Minh,2019-10-05 21:48:56,2025-08-08 13:34:32,1,Q36672
3798,Thừa Thiên-Huế,240,VN,66,26,VN-26,province,,,,16.5530473,107.6900375,Asia/Ho_Chi_Minh,2019-10-05 21:48:56,2025-08-08 13:34:33,1,Q36399
3799,Hòa Bình,240,VN,53,14,VN-14,province,,,,20.7090533,105.2576439,Asia/Bangkok,2019-10-05 21:48:56,2025-08-08 13:34:35,1,Q36015
3800,Kiên Giang,240,VN,21,47,VN-47,province,,,,10.0712626,105.2392121,Asia/Ho_Chi_Minh,2019-10-05 21:48:56,2025-08-08 13:34:37,1,Q36576
3801,Phú Thọ,240,VN,83,68,VN-68,province,,,,21.3007538,105.1349604,Asia/Bangkok,2019-10-05 21:48:56,2025-08-08 13:34:39,1,Q36610
3802,Hà Nam,240,VN,80,63,VN-63,province,,,,20.5340294,105.9810248,Asia/Bangkok,2019-10-05 21:48:56,2025-08-08 13:34:40,1,Q36413
3803,Quảng Trị,240,VN,64,25,VN-25,province,,,,17.3024666,106.6624287,Asia/Bangkok,2019-10-05 21:48:56,2025-08-08 13:34:42,1,Q36579
3804,Bạc Liêu,240,VN,73,55,VN-55,province,,,,9.2940027,105.7215663,Asia/Ho_Chi_Minh,2019-10-05 21:48:56,2025-08-08 13:34:44,1,Q36658
3805,Trà Vinh,240,VN,67,51,VN-51,province,,,,9.9377176,106.339978,Asia/Ho_Chi_Minh,2019-10-05 21:48:56,2025-08-08 13:34:46,1,Q36615
3806,Đà Nẵng,240,VN,78,DN,VN-DN,municipality,,,,16.068,108.212,Asia/Ho_Chi_Minh,2019-10-05 21:48:56,2025-08-08 13:34:48,1,Q25282
3807,Thái Nguyên,240,VN,85,69,VN-69,province,,,,21.5954448,105.8386957,Asia/Bangkok,2019-10-05 21:48:56,2025-08-08 13:34:49,1,Q26575
3808,Long An,240,VN,24,41,VN-41,province,,,,10.480828,107.2008562,Asia/Ho_Chi_Minh,2019-10-05 21:48:56,2025-08-08 13:34:51,1,Q26573
3809,Quảng Bình,240,VN,62,24,VN-24,province,,,,17.5157161,106.6225405,Asia/Bangkok,2019-10-05 21:48:56,2025-08-08 13:34:53,1,Q23533
3810,Hà Nội,240,VN,44,HN,VN-HN,municipality,,,,21.0283334,105.854041,Asia/Bangkok,2019-10-05 21:48:56,2025-08-08 13:34:55,1,Q1858
3811,Hồ Chí Minh,240,VN,20,SG,VN-SG,province,,,,10.7763897,106.7011391,Asia/Ho_Chi_Minh,2019-10-05 21:48:56,2025-08-08 13:34:56,1,Q1854
3812,Sơn La,240,VN,32,05,VN-05,province,,,,21.3269601,103.9143842,Asia/Bangkok,2019-10-05 21:48:56,2025-08-08 13:34:58,1,Q33379
3813,Gia Lai,240,VN,49,30,VN-30,province,,,,14.0201373,108.6354524,Asia/Ho_Chi_Minh,2019-10-05 21:48:56,2025-08-08 13:35:00,1,Q36662
3814,Quảng Ninh,240,VN,30,13,VN-13,province,,,,21.1718046,107.2012742,Asia/Bangkok,2019-10-05 21:48:56,2025-08-08 13:35:02,1,Q33396
3815,Bắc Giang,240,VN,71,54,VN-54,province,,,,21.2819921,106.1974769,Asia/Bangkok,2019-10-05 21:48:56,2025-08-08 13:35:03,1,Q36367
3816,Hà Tĩnh,240,VN,52,23,VN-23,province,,,,18.338181,105.8958971,Asia/Bangkok,2019-10-05 21:48:56,2025-08-08 13:35:05,1,Q33351
3817,Lào Cai,240,VN,90,02,VN-02,province,,,,22.5003944,103.96562,Asia/Bangkok,2019-10-05 21:48:56,2025-08-08 13:35:07,1,Q36446
3818,Lâm Đồng,240,VN,23,35,VN-35,province,,,,11.6614957,108.1335279,Asia/Ho_Chi_Minh,2019-10-05 21:48:56,2025-08-08 13:35:09,1,Q36721
3819,Sóc Trăng,240,VN,65,52,VN-52,province,,,,9.602521,105.9739049,Asia/Ho_Chi_Minh,2019-10-05 21:48:56,2025-08-08 13:35:10,1,Q33272
3821,Đồng Nai,240,VN,43,39,VN-39,province,,,,11.4285446,107.1624245,Asia/Ho_Chi_Minh,2019-10-05 21:48:56,2025-08-08 13:35:12,1,Q33271
3822,Bắc Kạn,240,VN,72,53,VN-53,province,,,,22.2728552,105.8564601,Asia/Bangkok,2019-10-05 21:48:56,2025-08-08 13:35:14,1,Q36404
3823,Đắk Nông,240,VN,91,72,VN-72,province,,,,12.2807366,107.742636,Asia/Ho_Chi_Minh,2019-10-05 21:48:56,2025-08-08 13:35:15,1,Q36723
3824,Phú Yên,240,VN,61,32,VN-32,province,,,,13.1998999,109.2390033,Asia/Ho_Chi_Minh,2019-10-05 21:48:56,2025-08-08 13:35:17,1,Q36725
3825,Lai Châu,240,VN,89,01,VN-01,province,,,,22.3996612,103.4516882,Asia/Bangkok,2019-10-05 21:48:56,2025-08-08 13:35:19,1,Q36409
3826,Tây Ninh,240,VN,33,37,VN-37,province,,,,11.3136555,106.0966969,Asia/Ho_Chi_Minh,2019-10-05 21:48:56,2025-08-08 13:35:20,1,Q36608
3827,Hải Dương,240,VN,79,61,VN-61,province,,,,20.9330747,106.330626,Asia/Bangkok,2019-10-05 21:48:56,2025-08-08 13:35:22,1,Q36729
3828,Quảng Ngãi,240,VN,63,29,VN-29,province,,,,15.1213873,108.8044145,Asia/Ho_Chi_Minh,2019-10-05 21:48:56,2025-08-08 13:35:24,1,Q33304
3829,Đắk Lắk,240,VN,88,33,VN-33,province,,,,12.8741856,108.7979302,Asia/Ho_Chi_Minh,2019-10-05 21:48:56,2025-08-08 13:35:26,1,Q36690
3830,Bình Định,240,VN,46,31,VN-31,province,,,,14.1086959,109.1145897,Asia/Ho_Chi_Minh,2019-10-05 21:48:56,2025-08-08 13:35:27,1,Q36693
3831,Saint Peter Basseterre,185,KN,11,11,KN-11,parish,1,3841,,17.3255653,-62.7217779,America/St_Kitts,2019-10-05 21:48:56,2025-08-08 13:35:29,1,Q1725609
3832,Nevis,185,KN,11,N,KN-N,state,,,,17.1553558,-62.5796026,America/St_Kitts,2019-10-05 21:48:56,2025-08-08 13:35:30,1,Q207794
3833,Christ Church Nichola Town,185,KN,01,01,KN-01,parish,1,3841,,17.3604812,-62.7617837,America/St_Kitts,2019-10-05 21:48:56,2025-08-08 13:35:32,1,Q176164
3834,Saint Paul Capisterre,185,KN,09,09,KN-09,parish,1,3841,,17.3949059,-62.835829,America/St_Kitts,2019-10-05 21:48:56,2025-08-08 13:35:34,1,Q952735
3835,Saint James Windward,185,KN,05,05,KN-05,parish,1,3832,,17.1769633,-62.5796026,America/St_Kitts,2019-10-05 21:48:56,2025-08-08 13:35:36,1,Q1342139
3836,Saint Anne Sandy Point,185,KN,02,02,KN-02,parish,1,3841,,17.3725333,-62.8441133,America/St_Kitts,2019-10-05 21:48:56,2025-08-08 13:44:54,1,Q1473654
3837,Saint George Gingerland,185,KN,04,04,KN-04,parish,1,3832,,17.1257759,-62.5619811,America/St_Kitts,2019-10-05 21:48:56,2025-08-08 13:44:55,1,Q1472520
3838,Saint Paul Charlestown,185,KN,10,10,KN-10,parish,1,3832,,17.1346297,-62.6133816,America/St_Kitts,2019-10-05 21:48:56,2025-08-08 13:44:57,1,Q1752127
3839,Saint Thomas Lowland,185,KN,12,12,KN-12,parish,1,3832,,17.1650513,-62.6089753,America/St_Kitts,2019-10-05 21:48:56,2025-08-08 13:44:59,1,Q1752122
3840,Saint John Figtree,185,KN,07,07,KN-07,parish,1,3832,,17.1155748,-62.6031004,America/St_Kitts,2019-10-05 21:48:56,2025-08-08 13:45:00,1,Q657318
3841,Saint Kitts,185,KN,07,K,KN-K,state,,,,17.3156929,-62.7446806,America/St_Kitts,2019-10-05 21:48:56,2025-08-08 13:45:02,1,Q204989
3842,Saint Thomas Middle Island,185,KN,13,13,KN-13,parish,1,3841,,17.3348813,-62.8088251,America/St_Kitts,2019-10-05 21:48:56,2025-08-08 13:45:03,1,Q1752101
3843,Trinity Palmetto Point,185,KN,15,15,KN-15,parish,1,3841,,17.3145143,-62.7685145,America/St_Kitts,2019-10-05 21:48:56,2025-08-08 13:45:05,1,Q376738
3844,Saint Mary Cayon,185,KN,08,08,KN-08,parish,1,3841,,17.3462071,-62.7382671,America/St_Kitts,2019-10-05 21:48:56,2025-08-08 13:45:07,1,Q1538034
3845,Saint John Capisterre,185,KN,06,06,KN-06,parish,1,3841,,17.3872567,-62.7992132,America/St_Kitts,2019-10-05 21:48:56,2025-08-08 13:45:08,1,Q668498
3846,Daegu,116,KR,15,27,KR-27,metropolitan city,,,,35.8714354,128.601445,Asia/Seoul,2019-10-05 21:48:56,2025-08-08 13:45:10,1,Q20927
3847,Gyeonggi,116,KR,13,41,KR-41,province,,,,37.2884675,127.0535231,Asia/Seoul,2019-10-05 21:48:56,2025-08-08 13:45:12,1,Q20937
3848,Incheon,116,KR,12,28,KR-28,metropolitan city,,,,37.4562557,126.7052062,Asia/Seoul,2019-10-05 21:48:56,2025-08-08 13:45:14,1,Q20934
3849,Seoul,116,KR,11,11,KR-11,special city,,,,37.566535,126.9779692,Asia/Seoul,2019-10-05 21:48:56,2025-08-08 13:45:15,1,Q8684
3850,Daejeon,116,KR,19,30,KR-30,metropolitan city,,,,36.3504119,127.3845475,Asia/Seoul,2019-10-05 21:48:56,2025-08-08 13:45:17,1,Q20921
3851,North Jeolla,116,KR,03,45,KR-45,province,,,,35.8198999,127.109,Asia/Seoul,2019-10-05 21:48:56,2025-08-08 13:45:19,1,Q41157
3852,Ulsan,116,KR,21,31,KR-31,metropolitan city,,,,35.5383773,129.3113596,Asia/Seoul,2019-10-05 21:48:56,2025-08-08 13:45:21,1,Q41278
3853,Jeju,116,KR,01,49,KR-49,special self-governing province,,,,33.4998289,126.5313902,Asia/Seoul,2019-10-05 21:48:56,2025-08-08 13:45:22,1,Q41164
3854,North Chungcheong,116,KR,05,43,KR-43,province,,,,36.6357,127.4915,Asia/Seoul,2019-10-05 21:48:56,2025-08-08 13:45:24,1,Q41066
3855,North Gyeongsang,116,KR,14,47,KR-47,province,,,,36.5754,128.5058,Asia/Seoul,2019-10-05 21:48:56,2025-08-08 13:45:26,1,Q41154
3856,South Jeolla,116,KR,16,46,KR-46,province,,,,34.8159,126.4629,Asia/Seoul,2019-10-05 21:48:56,2025-08-08 13:45:28,1,Q41161
3857,South Gyeongsang,116,KR,20,48,KR-48,province,,,,35.2382,128.6925,Asia/Seoul,2019-10-05 21:48:56,2025-08-08 13:45:29,1,Q41151
3858,Gwangju,116,KR,18,29,KR-29,metropolitan city,,,,35.1595454,126.8526012,Asia/Seoul,2019-10-05 21:48:56,2025-08-08 13:45:31,1,Q41283
3859,South Chungcheong,116,KR,17,44,KR-44,province,,,,36.6593,126.6729,Asia/Seoul,2019-10-05 21:48:56,2025-08-08 13:45:33,1,Q41070
3860,Busan,116,KR,10,26,KR-26,metropolitan city,,,,35.1795543,129.0756416,Asia/Seoul,2019-10-05 21:48:56,2025-08-08 13:45:35,1,Q16520
3861,Sejong City,116,KR,22,50,KR-50,special self-governing city,,,,36.4799999,127.289,Asia/Seoul,2019-10-05 21:48:56,2025-08-08 13:45:36,1,Q20929
3862,Gangwon,116,KR,06,42,KR-42,special self-governing province,,,,37.885,127.7297,Asia/Seoul,2019-10-05 21:48:56,2025-08-08 13:45:38,1,Q41071
3863,Saint Patrick,87,GD,06,06,GD-06,parish,,,,12.2102986,-61.6350539,America/Grenada,2019-10-05 21:48:56,2025-08-08 13:45:40,1,Q1476309
3864,Saint George,87,GD,03,03,GD-03,parish,,,,12.0535331,-61.751805,America/Grenada,2019-10-05 21:48:56,2025-08-08 13:45:41,1,Q576651
3865,Saint Andrew,87,GD,01,01,GD-01,parish,,,,12.1111935,-61.6865971,America/Grenada,2019-10-05 21:48:56,2025-08-08 13:45:43,1,Q977183
3866,Saint Mark,87,GD,05,05,GD-05,parish,,,,12.1886437,-61.6954355,America/Grenada,2019-10-05 21:48:56,2025-08-08 13:45:45,1,Q1291077
3867,Carriacou,87,GD,10,10,GD-10,dependency,,,,12.4829985,-61.4448436,America/Grenada,2019-10-05 21:48:56,2025-08-08 13:45:46,1,Q3044818
3868,Saint John,87,GD,04,04,GD-04,parish,,,,12.1444029,-61.7121841,America/Grenada,2019-10-05 21:48:56,2025-08-08 13:45:48,1,Q1476289
3869,Saint David,87,GD,02,02,GD-02,parish,,,,12.0428069,-61.6778988,America/Grenada,2019-10-05 21:48:56,2025-08-08 13:45:50,1,Q2087806
3870,Ghazni,1,AF,08,GHA,AF-GHA,province,,,,33.5450587,68.4173972,Asia/Kabul,2019-10-05 21:48:56,2025-08-08 13:45:52,1,Q180415
3871,Badghis,1,AF,02,BDG,AF-BDG,province,,,,35,63.75,Asia/Kabul,2019-10-05 21:48:56,2025-08-07 20:18:24,1,Q172052
3872,Bamyan,1,AF,05,BAM,AF-BAM,province,,,,34.794631,67.684334,Asia/Kabul,2019-10-05 21:48:56,2025-08-07 20:18:24,1,Q171382
3873,Helmand,1,AF,10,HEL,AF-HEL,province,,,,31,64,Asia/Kabul,2019-10-05 21:48:56,2025-08-08 13:45:53,1,Q173821
3874,Zabul,1,AF,28,ZAB,AF-ZAB,province,,,,32.3068942,67.129904,Asia/Kabul,2019-10-05 21:48:56,2025-08-08 13:45:55,1,Q139126
3875,Baghlan,1,AF,03,BGL,AF-BGL,province,,,,36.1789026,68.7453064,Asia/Kabul,2019-10-05 21:48:56,2025-08-07 18:12:49,1,Q170309
3876,Kunar,1,AF,34,KNR,AF-KNR,province,,,,34.95,71.133333,Asia/Kabul,2019-10-05 21:48:56,2025-08-08 13:45:57,1,Q188147
3877,Paktika,1,AF,29,PKA,AF-PKA,province,,,,32.3936231,68.7036514,Asia/Kabul,2019-10-05 21:48:56,2025-08-08 13:45:58,1,Q185575
3878,Khost,1,AF,37,KHO,AF-KHO,province,,,,33.3391402,69.9206359,Asia/Kabul,2019-10-05 21:48:56,2025-08-08 13:46:00,1,Q185752
3879,Kapisa,1,AF,14,KAP,AF-KAP,province,,,,34.905556,69.741667,Asia/Kabul,2019-10-05 21:48:56,2025-08-08 13:46:02,1,Q173816
3880,Nuristan,1,AF,38,NUR,AF-NUR,province,,,,35.3,70.833333,Asia/Kabul,2019-10-05 21:48:56,2025-08-08 13:46:04,1,Q167485
3881,Panjshir,1,AF,42,PAN,AF-PAN,province,,,,35.6973556,70.0999604,Asia/Kabul,2019-10-05 21:48:56,2025-08-08 13:46:05,1,Q181235
3882,Nangarhar,1,AF,18,NAN,AF-NAN,province,,,,34.220389,70.3800314,Asia/Kabul,2019-10-05 21:48:56,2025-08-08 13:46:07,1,Q178471
3883,Samangan,1,AF,32,SAM,AF-SAM,province,,,,36.2674938,68.0215374,Asia/Kabul,2019-10-05 21:48:56,2025-08-08 13:46:08,1,Q183015
3884,Balkh,1,AF,30,BAL,AF-BAL,province,,,,36.7550603,66.8975372,Asia/Kabul,2019-10-05 21:48:56,2025-08-07 18:13:42,1,Q121104
3885,Sar-e Pol,1,AF,33,SAR,AF-SAR,province,,,,36.216628,65.93336,Asia/Kabul,2019-10-05 21:48:56,2025-08-08 13:46:10,1,Q182487
3886,Jowzjan,1,AF,31,JOW,AF-JOW,province,,,,36.9665706,65.9560232,Asia/Kabul,2019-10-05 21:48:56,2025-08-08 13:46:11,1,Q183036
3887,Herat,1,AF,11,HER,AF-HER,province,,,,34.3491443,62.2163252,Asia/Kabul,2019-10-05 21:48:56,2025-08-08 13:46:13,1,Q182844
3888,Ghōr,1,AF,09,GHO,AF-GHO,province,,,,34.1605257,64.9201949,Asia/Kabul,2019-10-05 21:48:56,2025-08-08 13:46:15,1,Q186392
3889,Faryab,1,AF,07,FYB,AF-FYB,province,,,,35.9261784,64.6237758,Asia/Kabul,2019-10-05 21:48:56,2025-08-08 13:46:17,1,Q173830
3890,Kandahar,1,AF,23,KAN,AF-KAN,province,,,,31.6205738,65.7157573,Asia/Kabul,2019-10-05 21:48:56,2025-08-08 13:46:18,1,Q173808
3891,Laghman,1,AF,35,LAG,AF-LAG,province,,,,34.783333,70.183333,Asia/Kabul,2019-10-05 21:48:56,2025-08-08 13:46:20,1,Q185442
3892,Daykundi,1,AF,41,DAY,AF-DAY,province,,,,33.725113,66.2196554,Asia/Kabul,2019-10-05 21:48:56,2025-08-07 20:18:24,1,Q181220
3893,Takhar,1,AF,26,TAK,AF-TAK,province,,,,36.5940732,69.7938996,Asia/Kabul,2019-10-05 21:48:56,2025-08-08 13:46:21,1,Q186395
3894,Paktia,1,AF,36,PIA,AF-PIA,province,,,,33.705724,69.4083555,Asia/Kabul,2019-10-05 21:48:56,2025-08-08 13:46:23,1,Q182493
3895,Parwan,1,AF,40,PAR,AF-PAR,province,,,,34.9797014,68.9146703,Asia/Kabul,2019-10-05 21:48:56,2025-08-08 13:46:25,1,Q188157
3896,Nimruz,1,AF,19,NIM,AF-NIM,province,,,,30.7753811,62.4793088,Asia/Kabul,2019-10-05 21:48:56,2025-08-08 13:46:27,1,Q183021
3897,Logar,1,AF,17,LOG,AF-LOG,province,,,,34.0653595,69.160172,Asia/Kabul,2019-10-05 21:48:56,2025-08-08 13:46:29,1,Q6667298
3898,Urozgan,1,AF,39,URU,AF-URU,province,,,,32.8129681,66.0183185,Asia/Kabul,2019-10-05 21:48:56,2025-08-08 13:46:30,1,Q183028
3899,Farah,1,AF,06,FRA,AF-FRA,province,,,,32.3740907,62.1146266,Asia/Kabul,2019-10-05 21:48:56,2025-08-08 13:46:32,1,Q180330
3900,Kunduz Province,1,AF,24,KDZ,AF-KDZ,province,,,,36.8707187,68.7563528,Asia/Kabul,2019-10-05 21:48:56,2025-08-08 13:46:33,1,Q186418
3901,Badakhshan,1,AF,01,BDS,AF-BDS,province,,,,36.8040254,71.367658,Asia/Kabul,2019-10-05 21:48:56,2025-08-07 20:22:36,1,Q165376
3902,Kabul,1,AF,13,KAB,AF-KAB,province,,,,34.5266431,69.1849082,Asia/Kabul,2019-10-05 21:48:56,2025-08-08 13:46:35,1,Q188933
3903,Victoria,14,AU,07,VIC,AU-VIC,state,,,,-36.5986096,144.6780052,Australia/Melbourne,2019-10-05 21:48:56,2025-08-08 13:46:37,1,Q36687
3904,South Australia,14,AU,05,SA,AU-SA,state,,,,-30.5343665,135.6301212,Australia/Adelaide,2019-10-05 21:48:56,2025-08-08 13:46:39,1,Q35715
3905,Queensland,14,AU,04,QLD,AU-QLD,state,,,,-22.1646782,144.5844903,Australia/Brisbane,2019-10-05 21:48:56,2025-08-08 13:46:40,1,Q36074
3906,Western Australia,14,AU,08,WA,AU-WA,state,,,,-25.2303005,121.0187246,Australia/Perth,2019-10-05 21:48:56,2025-08-08 13:46:42,1,Q3206
3907,Australian Capital Territory,14,AU,01,ACT,AU-ACT,territory,,,,-35.4883502,149.0026942,Australia/Sydney,2019-10-05 21:48:56,2025-08-08 13:46:44,1,Q3258
3908,Tasmania,14,AU,06,TAS,AU-TAS,state,,,,-42.035067,146.6366887,Australia/Hobart,2019-10-05 21:48:56,2025-08-08 13:46:46,1,Q34366
3909,New South Wales,14,AU,02,NSW,AU-NSW,state,,,,-31.8759835,147.2869493,Australia/Sydney,2019-10-05 21:48:56,2025-08-08 13:46:47,1,Q3224
3910,Northern Territory,14,AU,03,NT,AU-NT,territory,,,,-19.8516101,133.2303375,Australia/Darwin,2019-10-05 21:48:56,2025-08-08 13:46:49,1,Q3235
3911,Vavaʻu,222,TO,03,05,TO-05,division,,,,-18.6231468,-174.002138,Pacific/Tongatapu,2019-10-05 21:48:56,2025-08-08 13:46:50,1,Q10389402
3912,Tongatapu,222,TO,02,04,TO-04,division,,,,-21.1678253,-175.2738691,Pacific/Tongatapu,2019-10-05 21:48:56,2025-08-08 13:46:52,1,Q10383165
3913,Haʻapai,222,TO,01,02,TO-02,division,,,,-20.0587404,-174.6229919,Pacific/Tongatapu,2019-10-05 21:48:56,2025-08-08 13:46:54,1,Q10293470
3914,Niuas,222,TO,NI,03,TO-03,division,,,,-15.9594,-173.783,Pacific/Tongatapu,2019-10-05 21:48:56,2025-08-08 13:46:56,1,Q1200954
3915,ʻEua,222,TO,EU,01,TO-01,division,,,,-21.3705828,-174.9388843,Pacific/Tongatapu,2019-10-05 21:48:56,2025-08-08 13:46:57,1,Q18472979
3916,Markazi,103,IR,34,00,IR-00,province,,,,34.5302705,49.7864561,Asia/Tehran,2019-10-05 21:48:56,2025-08-08 13:46:59,1,Q134417
3917,Khuzestan,103,IR,15,06,IR-06,province,,,,31.5563051,49.0058885,Asia/Tehran,2019-10-05 21:48:56,2025-08-08 13:47:01,1,Q241119
3918,Ilam,103,IR,10,16,IR-16,province,,,,33.1545696,46.7576343,Asia/Tehran,2019-10-05 21:48:56,2025-08-08 13:47:03,1,Q170570
3919,Kermanshah,103,IR,13,05,IR-05,province,,,,34.486732,46.808727,Asia/Tehran,2019-10-05 21:48:56,2025-08-08 13:47:05,1,Q174010
3920,Gilan,103,IR,08,01,IR-01,province,,,,37.1515627,49.6389743,Asia/Tehran,2019-10-05 21:48:56,2025-08-08 13:47:06,1,Q928828
3921,Chaharmahal and Bakhtiari,103,IR,03,14,IR-14,province,,,,32.0163307,50.685709,Asia/Tehran,2019-10-05 21:48:56,2025-08-08 13:47:08,1,Q171702
3922,Qom,103,IR,39,25,IR-25,province,,,,34.6415764,50.8746035,Asia/Tehran,2019-10-05 21:48:56,2025-08-08 13:47:10,1,Q131664
3923,Isfahan,103,IR,28,10,IR-10,province,,,,33.1881386,52.4981635,Asia/Tehran,2019-10-05 21:48:56,2025-08-08 13:47:11,1,Q1367759
3924,West Azarbaijan,103,IR,01,04,IR-04,province,,,,38.4942731,44.3204853,Asia/Tehran,2019-10-05 21:48:56,2025-08-08 13:47:13,1,Q134411
3925,Zanjan,103,IR,36,19,IR-19,province,,,,36.515854,48.4777616,Asia/Tehran,2019-10-05 21:48:56,2025-08-08 13:47:15,1,Q146726
3926,Kohgiluyeh and Boyer-Ahmad,103,IR,05,17,IR-17,province,,,,30.8143476,50.8661454,Asia/Tehran,2019-10-05 21:48:56,2025-08-08 13:47:16,1,Q180068
3927,Razavi Khorasan,103,IR,42,09,IR-09,province,,,,35.4795009,59.0237291,Asia/Tehran,2019-10-05 21:48:56,2025-08-08 13:47:18,1,Q587090
3928,Lorestan,103,IR,23,15,IR-15,province,,,,33.5368206,48.2443945,Asia/Tehran,2019-10-05 21:48:56,2025-08-08 13:47:19,1,Q1131727
3929,Alborz,103,IR,44,30,IR-30,province,,,,35.9413239,50.7884216,Asia/Tehran,2019-10-05 21:48:56,2025-08-08 13:47:21,1,Q392522
3930,South Khorasan,103,IR,41,29,IR-29,province,,,,33.129577,58.1065069,Asia/Tehran,2019-10-05 21:48:56,2025-08-08 13:47:23,1,Q171551
3931,Sistan and Baluchestan,103,IR,04,11,IR-11,province,,,,28.1292481,60.8236848,Asia/Tehran,2019-10-05 21:48:56,2025-08-08 13:47:25,1,Q939575
3932,Bushehr,103,IR,22,18,IR-18,province,,,,28.8936645,51.3204877,Asia/Tehran,2019-10-05 21:48:56,2025-08-08 13:47:26,1,Q132945
3933,Golestan,103,IR,37,27,IR-27,province,,,,37.1984436,55.070672,Asia/Tehran,2019-10-05 21:48:56,2025-08-08 13:47:28,1,Q170041
3934,Ardabil,103,IR,32,24,IR-24,province,,,,38.4583983,47.9313001,Asia/Tehran,2019-10-05 21:48:56,2025-08-08 13:47:30,1,Q134228
3935,Kurdistan,103,IR,16,12,IR-12,province,,,,35.6727813,47.0127981,Asia/Tehran,2019-10-05 21:48:56,2025-08-08 13:47:32,1,Q134386
3936,Yazd,103,IR,40,21,IR-21,province,,,,31.9052223,54.3701235,Asia/Tehran,2019-10-05 21:48:56,2025-08-08 13:47:33,1,Q170568
3937,Hormozgan,103,IR,11,22,IR-22,province,,,,27.7198095,56.335807,Asia/Tehran,2019-10-05 21:48:56,2025-08-08 13:47:35,1,Q633659
3938,Mazandaran,103,IR,35,02,IR-02,province,,,,36.3159159,51.8968597,Asia/Tehran,2019-10-05 21:48:56,2025-08-08 13:47:37,1,Q308864
3939,Fars,103,IR,07,07,IR-07,province,,,,29.299051,53.218456,Asia/Tehran,2019-10-05 21:48:56,2025-08-08 13:47:39,1,Q1004666
3940,Semnan,103,IR,25,20,IR-20,province,,,,35.3843145,54.6209302,Asia/Tehran,2019-10-05 21:48:56,2025-08-08 13:47:40,1,Q168949
3941,Qazvin,103,IR,38,26,IR-26,province,,,,36.0156291,49.8398161,Asia/Tehran,2019-10-05 21:48:56,2025-08-08 13:47:42,1,Q1105893
3942,North Khorasan,103,IR,43,28,IR-28,province,,,,37.5378855,56.9526137,Asia/Tehran,2019-10-05 21:48:56,2025-08-08 13:47:43,1,Q180075
3943,Kerman,103,IR,29,08,IR-08,province,,,,29.571858,57.301047,Asia/Tehran,2019-10-05 21:48:56,2025-08-08 13:47:45,1,Q165352
3944,East Azerbaijan,103,IR,33,03,IR-03,province,,,,37.9160365,46.6781589,Asia/Tehran,2019-10-05 21:48:56,2025-08-08 13:47:47,1,Q176081
3945,Tehran,103,IR,26,23,IR-23,province,,,,35.6892523,51.3896004,Asia/Tehran,2019-10-05 21:48:56,2025-08-08 13:47:49,1,Q590866
3946,Niutao Island Council,228,TV,NIT,NIT,TV-NIT,island council,,,,-6.1064258,177.3438429,Pacific/Funafuti,2019-10-05 21:48:56,2025-08-08 13:47:51,1,Q17578833
3947,Nanumanga,228,TV,NMG,NMG,TV-NMG,island council,,,,-6.2858019,176.319928,Pacific/Funafuti,2019-10-05 21:48:56,2025-08-08 13:47:52,1,Q367027
3948,Nui,228,TV,NUI,NUI,TV-NUI,island council,,,,-7.2207599,177.1461122,Pacific/Funafuti,2019-10-05 21:48:56,2025-08-08 13:47:54,1,Q547997
3949,Nanumea,228,TV,NMA,NMA,TV-NMA,island council,,,,-5.6817338,176.1271787,Pacific/Funafuti,2019-10-05 21:48:56,2025-08-08 13:47:56,1,Q174618
3950,Vaitupu,228,TV,VAI,VAI,TV-VAI,island council,,,,-7.4767327,178.6747675,Pacific/Funafuti,2019-10-05 21:48:56,2025-08-08 13:47:58,1,Q632495
3951,Funafuti,228,TV,FUN,FUN,TV-FUN,town council,,,,-8.5211471,179.1961926,Pacific/Funafuti,2019-10-05 21:48:56,2025-08-08 13:48:00,1,Q34126
3952,Nukufetau,228,TV,NKF,NKF,TV-NKF,island council,,,,-8.1159264,178.4798165,Pacific/Funafuti,2019-10-05 21:48:56,2025-08-08 13:48:01,1,Q745924
3953,Nukulaelae,228,TV,NKL,NKL,TV-NKL,island council,,,,-9.1754173,179.6367792,Pacific/Funafuti,2019-10-05 21:48:56,2025-08-08 13:48:03,1,Q128654
3954,Dhi Qar,104,IQ,09,DQ,IQ-DQ,governorate,,,,31.2857941,46.3068347,Asia/Baghdad,2019-10-05 21:48:56,2025-08-08 13:48:04,1,Q215649
3955,Babylon,104,IQ,06,BB,IQ-BB,governorate,,,,32.6319335,44.5629362,Asia/Baghdad,2019-10-05 21:48:56,2025-08-08 13:48:06,1,Q59202
3956,Al-Qādisiyyah,104,IQ,04,QA,IQ-QA,governorate,,,,31.9599617,45.1197814,Asia/Baghdad,2019-10-05 21:48:56,2025-08-08 13:48:08,1,Q62987
3957,Karbala,104,IQ,12,KA,IQ-KA,governorate,,,,32.4511703,43.8196617,Asia/Baghdad,2019-10-05 21:48:56,2025-08-08 13:48:10,1,Q214104
3958,Al Muthanna,104,IQ,03,MU,IQ-MU,governorate,,,,30.5923739,45.2916041,Asia/Baghdad,2019-10-05 21:48:56,2025-08-08 13:48:11,1,Q212761
3959,Baghdad,104,IQ,07,BG,IQ-BG,governorate,,,,33.3061701,44.3872213,Asia/Baghdad,2019-10-05 21:48:56,2025-08-08 13:48:13,1,Q191075
3960,Basra,104,IQ,02,BA,IQ-BA,governorate,,,,30.4952371,47.8090981,Asia/Baghdad,2019-10-05 21:48:56,2025-08-08 13:48:15,1,Q193551
3961,Saladin,104,IQ,18,SD,IQ-SD,governorate,,,,34.376222,43.6446504,Asia/Baghdad,2019-10-05 21:48:56,2025-08-08 13:48:16,1,Q190131
3962,Najaf,104,IQ,17,NA,IQ-NA,governorate,,,,31.338353,43.8411337,Asia/Baghdad,2019-10-05 21:48:56,2025-08-08 13:48:18,1,Q192882
3963,Nineveh,104,IQ,15,NI,IQ-NI,governorate,,,,36.0367935,42.3168623,Asia/Baghdad,2019-10-05 21:48:56,2025-08-08 13:48:20,1,Q189352
3964,Al Anbar,104,IQ,01,AN,IQ-AN,governorate,,,,32.7889443,41.6093983,Asia/Baghdad,2019-10-05 21:48:56,2025-08-08 13:48:22,1,Q187334
3965,Diyala,104,IQ,10,DI,IQ-DI,governorate,,,,34.0228719,45.1046224,Asia/Baghdad,2019-10-05 21:48:56,2025-08-08 13:48:24,1,Q217075
3966,Maysan,104,IQ,14,MA,IQ-MA,governorate,,,,32.0182542,47.0695957,Asia/Baghdad,2019-10-05 21:48:56,2025-08-08 13:48:25,1,Q213170
3967,Dohuk,104,IQ,08,DA,IQ-DA,governorate,,,,36.8542598,42.9924528,Asia/Baghdad,2019-10-05 21:48:56,2025-08-08 13:48:27,1,Q189541
3968,Erbil,104,IQ,11,AR,IQ-AR,governorate,,,,36.5479007,44.4788356,Asia/Baghdad,2019-10-05 21:48:56,2025-08-08 13:48:29,1,Q213189
3969,Sulaymaniyah,104,IQ,05,SU,IQ-SU,governorate,,,,35.5574725,45.435202,Asia/Baghdad,2019-10-05 21:48:56,2025-08-08 13:48:31,1,Q213182
3970,Wasit,104,IQ,16,WA,IQ-WA,governorate,,,,32.6944827,45.6848009,Asia/Baghdad,2019-10-05 21:48:56,2025-08-08 13:48:32,1,Q189747
3971,Kirkuk,104,IQ,13,KI,IQ-KI,governorate,,,,35.2960094,44.0311953,Asia/Baghdad,2019-10-05 21:48:56,2025-08-08 13:48:34,1,Q193268
3972,Svay Rieng,37,KH,18,20,KH-20,province,,,,11.091615,105.8034577,Asia/Phnom_Penh,2019-10-05 21:48:56,2025-08-08 13:48:36,1,Q751864
3973,Preah Vihear,37,KH,13,13,KH-13,province,,,,13.7462982,104.97403,Asia/Phnom_Penh,2019-10-05 21:48:56,2025-08-08 13:48:38,1,Q502151
3974,Prey Veng,37,KH,14,14,KH-14,province,,,,11.3659597,105.4557277,Asia/Phnom_Penh,2019-10-05 21:48:56,2025-08-08 13:48:39,1,Q856788
3975,Takeo,37,KH,19,21,KH-21,province,,,,10.9358547,104.7796413,Asia/Phnom_Penh,2019-10-05 21:48:56,2025-08-08 13:48:41,1,Q613345
3976,Battambang,37,KH,29,2,KH-2,province,,,,13.0998526,103.1966659,Asia/Phnom_Penh,2019-10-05 21:48:56,2025-08-08 13:48:43,1,Q810923
3977,Pursat,37,KH,12,15,KH-15,province,,,,12.4662592,103.742683,Asia/Phnom_Penh,2019-10-05 21:48:56,2025-08-08 13:48:44,1,Q834464
3978,Kep,37,KH,26,23,KH-23,province,,,,10.4846391,104.3144082,Asia/Phnom_Penh,2019-10-05 21:48:56,2025-08-08 13:48:46,1,Q852089
3979,Kampong Chhnang,37,KH,03,4,KH-4,province,,,,12.2536026,104.6658389,Asia/Phnom_Penh,2019-10-05 21:48:56,2025-08-08 13:48:48,1,Q877468
3980,Pailin,37,KH,30,24,KH-24,province,,,,12.8905328,102.6294604,Asia/Phnom_Penh,2019-10-05 21:48:56,2025-08-08 13:48:50,1,Q506646
3981,Kampot,37,KH,21,7,KH-7,province,,,,10.6116906,104.1827542,Asia/Phnom_Penh,2019-10-05 21:48:56,2025-08-08 13:48:51,1,Q748470
3982,Koh Kong,37,KH,08,9,KH-9,province,,,,11.6813417,103.0258043,Asia/Phnom_Penh,2019-10-05 21:48:56,2025-08-08 13:48:53,1,Q466000
3983,Kandal,37,KH,07,8,KH-8,province,,,,11.3962625,105.0207869,Asia/Phnom_Penh,2019-10-05 21:48:56,2025-08-08 13:48:55,1,Q466031
3984,Banteay Meanchey,37,KH,25,1,KH-1,province,,,,13.7989147,102.8862666,Asia/Phnom_Penh,2019-10-05 21:48:56,2025-08-08 13:48:57,1,Q3817
3985,Mondulkiri,37,KH,10,11,KH-11,province,,,,12.7396075,107.0087987,Asia/Phnom_Penh,2019-10-05 21:48:56,2025-08-08 13:48:58,1,Q652830
3986,Kratie,37,KH,09,10,KH-10,province,,,,12.6783017,106.0581733,Asia/Phnom_Penh,2019-10-05 21:48:56,2025-08-08 13:49:00,1,Q785896
3987,Oddar Meanchey,37,KH,27,22,KH-22,province,,,,14.1585631,103.782796,Asia/Phnom_Penh,2019-10-05 21:48:56,2025-08-08 13:49:02,1,Q629538
3988,Kampong Speu,37,KH,04,5,KH-5,province,,,,11.5775368,104.2714023,Asia/Phnom_Penh,2019-10-05 21:48:56,2025-08-08 13:49:04,1,Q652867
3989,Sihanoukville,37,KH,28,18,KH-18,province,,,,10.7321989,103.7595806,Asia/Phnom_Penh,2019-10-05 21:48:56,2025-08-08 13:49:05,1,Q220966
3990,Ratanakiri,37,KH,23,16,KH-16,province,,,,13.9312399,107.0391088,Asia/Phnom_Penh,2019-10-05 21:48:56,2025-08-08 13:49:07,1,Q747846
3991,Kampong Cham,37,KH,02,3,KH-3,province,,,,12.1174857,105.2080022,Asia/Phnom_Penh,2019-10-05 21:48:56,2025-08-08 13:49:09,1,Q142258
3992,Siem Reap,37,KH,24,17,KH-17,province,,,,13.3617562,103.8590321,Asia/Phnom_Penh,2019-10-05 21:48:56,2025-08-08 13:49:11,1,Q652818
3993,Stung Treng,37,KH,17,19,KH-19,province,,,,13.5271207,105.9686727,Asia/Phnom_Penh,2019-10-05 21:48:56,2025-08-08 13:49:12,1,Q837889
3994,Phnom Penh,37,KH,22,12,KH-12,autonomous municipality,,,,11.568271,104.9224426,Asia/Phnom_Penh,2019-10-05 21:48:56,2025-08-08 13:49:14,1,Q1850
3995,North Hamgyong,115,KP,17,09,KP-09,province,,,,41.9098723,129.369056,Asia/Pyongyang,2019-10-05 21:48:56,2025-08-08 13:49:16,1,Q109361
3996,Ryanggang,115,KP,13,10,KP-10,province,,,,41.0997898,128.1690346,Asia/Pyongyang,2019-10-05 21:48:57,2025-08-08 13:49:18,1,Q110171
3997,South Pyongan,115,KP,15,02,KP-02,province,,,,39.5416505,126.0647645,Asia/Pyongyang,2019-10-05 21:48:57,2025-08-08 13:49:19,1,Q109380
3998,Chagang,115,KP,01,04,KP-04,province,,,,40.7198536,126.539056,Asia/Pyongyang,2019-10-05 21:48:57,2025-08-08 13:49:21,1,Q272406
3999,Kangwon,115,KP,09,07,KP-07,province,,,,38.8354349,127.5146547,Asia/Pyongyang,2019-10-05 21:48:57,2025-08-08 13:49:23,1,Q41416
4000,South Hamgyong,115,KP,03,08,KP-08,province,,,,40.119918,127.5990989,Asia/Pyongyang,2019-10-05 21:48:57,2025-08-08 13:49:25,1,Q109368
4001,Rason,115,KP,18,13,KP-13,special city,,,,42.2497316,130.3113296,Asia/Pyongyang,2019-10-05 21:48:57,2025-08-08 13:49:26,1,Q221734
4002,North Pyongan,115,KP,11,03,KP-03,province,,,,40.0642847,125.2356222,Asia/Pyongyang,2019-10-05 21:48:57,2025-08-08 13:49:28,1,Q109348
4003,South Hwanghae,115,KP,06,05,KP-05,province,,,,38.2628262,125.476901,Asia/Pyongyang,2019-10-05 21:48:57,2025-08-08 13:49:30,1,Q626052
4004,North Hwanghae,115,KP,07,06,KP-06,province,,,,38.5709632,126.2465723,Asia/Pyongyang,2019-10-05 21:48:57,2025-08-08 13:49:31,1,Q109342
4005,Pyongyang,115,KP,12,01,KP-01,capital city,,,,39.0167979,125.7473609,Asia/Pyongyang,2019-10-05 21:48:57,2025-08-08 13:49:33,1,Q18808
4006,Meghalaya,101,IN,18,ML,IN-ML,state,,,,25.5379432,91.2999102,Asia/Kolkata,2019-10-05 21:48:57,2025-08-08 13:49:35,1,Q1195
4007,Haryana,101,IN,10,HR,IN-HR,state,,,,29,76,Asia/Kolkata,2019-10-05 21:48:57,2025-08-08 13:49:36,1,Q1174
4008,Maharashtra,101,IN,16,MH,IN-MH,state,,,,18.9068356,75.6741579,Asia/Kolkata,2019-10-05 21:48:57,2025-08-08 13:49:38,1,Q1191
4009,Goa,101,IN,33,GA,IN-GA,state,,,,15.3004543,74.0855134,Asia/Kolkata,2019-10-05 21:48:57,2025-08-08 13:49:40,1,Q1171
4010,Manipur,101,IN,17,MN,IN-MN,state,,,,24.7208818,93.9229386,Asia/Kolkata,2019-10-05 21:48:57,2025-08-08 13:49:42,1,Q1193
4011,Puducherry,101,IN,22,PY,IN-PY,union territory,,,,11.9340568,79.8306447,Asia/Kolkata,2019-10-05 21:48:57,2025-08-08 13:49:43,1,Q66743
4012,Telangana,101,IN,40,TG,IN-TG,state,,,,17.8495919,79.1151663,Asia/Kolkata,2019-10-05 21:48:57,2025-08-08 13:49:45,1,Q677037
4013,Odisha,101,IN,21,OR,IN-OR,state,,,,20.5431241,84.6897321,Asia/Kolkata,2019-10-05 21:48:57,2025-08-08 13:49:47,1,Q22048
4014,Rajasthan,101,IN,24,RJ,IN-RJ,state,,,,26.8105777,73.7684549,Asia/Kolkata,2019-10-05 21:48:57,2025-08-08 13:49:48,1,Q1437
4015,Punjab,101,IN,23,PB,IN-PB,state,,,,30.9293211,75.5004841,Asia/Kolkata,2019-10-05 21:48:57,2025-08-08 13:49:50,1,Q22424
4016,Uttarakhand,101,IN,39,UK,IN-UK,state,,,,30.0417376,79.089691,Asia/Kolkata,2019-10-05 21:48:57,2025-08-08 13:49:52,1,Q1499
4017,Andhra Pradesh,101,IN,02,AP,IN-AP,state,,,,15.9240905,80.1863809,Asia/Kolkata,2019-10-05 21:48:57,2025-08-08 13:49:54,1,Q1159
4018,Nagaland,101,IN,20,NL,IN-NL,state,,,,26.1630556,94.5884911,Asia/Kolkata,2019-10-05 21:48:57,2025-08-08 13:49:56,1,Q1599
4019,Lakshadweep,101,IN,14,LD,IN-LD,union territory,,,,10.3337313,72.9205386,Etc/GMT-5,2019-10-05 21:48:57,2025-08-08 13:49:58,1,Q26927
4020,Himachal Pradesh,101,IN,11,HP,IN-HP,state,,,,31.9292352,77.1828462,Asia/Kolkata,2019-10-05 21:48:57,2025-08-08 13:49:59,1,Q1177
4021,Delhi,101,IN,07,DL,IN-DL,union territory,,,,28.6328027,77.2197713,Asia/Kolkata,2019-10-05 21:48:57,2025-08-08 13:50:01,1,Q1353
4022,Uttar Pradesh,101,IN,36,UP,IN-UP,state,,,,27.1303344,80.859666,Asia/Kolkata,2019-10-05 21:48:57,2025-08-08 13:50:02,1,Q1498
4023,Andaman and Nicobar Islands,101,IN,01,AN,IN-AN,union territory,,,,12.6112387,92.8316541,Asia/Kolkata,2019-10-05 21:48:57,2025-08-08 13:50:04,1,Q40888
4024,Arunachal Pradesh,101,IN,30,AR,IN-AR,state,,,,28.0937702,94.5921326,Asia/Kolkata,2019-10-05 21:48:57,2025-08-08 13:50:05,1,Q1162
4025,Jharkhand,101,IN,38,JH,IN-JH,state,,,,23.4559809,85.2557301,Asia/Kolkata,2019-10-05 21:48:57,2025-08-08 13:50:07,1,Q1184
4026,Karnataka,101,IN,19,KA,IN-KA,state,,,,14.5203896,75.7223521,Asia/Kolkata,2019-10-05 21:48:57,2025-08-08 13:50:09,1,Q1185
4027,Assam,101,IN,03,AS,IN-AS,state,,,,26.4073841,93.2551303,Asia/Kolkata,2019-10-05 21:48:57,2025-08-08 13:50:11,1,Q1164
4028,Kerala,101,IN,13,KL,IN-KL,state,,,,10.3528744,76.5120396,Asia/Kolkata,2019-10-05 21:48:57,2025-08-08 13:50:12,1,Q1186
4029,Jammu and Kashmir,101,IN,12,JK,IN-JK,union territory,,,,33.6649297,75.1629584,Asia/Kolkata,2019-10-05 21:48:57,2025-08-08 13:50:13,1,Q1180
4030,Gujarat,101,IN,09,GJ,IN-GJ,state,,,,22.3850051,71.745261,Asia/Kolkata,2019-10-05 21:48:57,2025-08-08 13:50:15,1,Q1061
4031,Chandigarh,101,IN,05,CH,IN-CH,union territory,,,,30.7333148,76.7794179,Asia/Kolkata,2019-10-05 21:48:57,2025-08-08 13:50:17,1,Q43433
4033,Dadra and Nagar Haveli and Daman and Diu,101,IN,42,DH,IN-DH,union territory,,,,20.7181749,70.9323834,Asia/Kolkata,2019-10-05 21:48:57,2025-08-08 13:50:19,1,Q66710
4034,Sikkim,101,IN,29,SK,IN-SK,state,,,,27.601029,88.4541364,Asia/Kolkata,2019-10-05 21:48:57,2025-08-08 13:50:20,1,Q1505
4035,Tamil Nadu,101,IN,25,TN,IN-TN,state,,,,10.9094334,78.3665347,Asia/Kolkata,2019-10-05 21:48:57,2025-08-08 13:50:22,1,Q1445
4036,Mizoram,101,IN,31,MZ,IN-MZ,state,,,,23.2146169,92.8687612,Asia/Kolkata,2019-10-05 21:48:57,2025-08-08 13:50:23,1,Q1502
4037,Bihar,101,IN,34,BR,IN-BR,state,,,,25.6440845,85.906508,Asia/Kolkata,2019-10-05 21:48:57,2025-08-08 13:50:25,1,Q1165
4038,Tripura,101,IN,26,TR,IN-TR,state,,,,23.7750823,91.7025091,Asia/Kolkata,2019-10-05 21:48:57,2025-08-08 13:50:27,1,Q1363
4039,Madhya Pradesh,101,IN,35,MP,IN-MP,state,,,,23.8143419,77.5340719,Asia/Kolkata,2019-10-05 21:48:57,2025-08-08 13:50:28,1,Q1188
4040,Chhattisgarh,101,IN,37,CT,IN-CT,state,,,,21.6637359,81.8406351,Asia/Kolkata,2019-10-05 21:48:57,2025-08-08 13:50:30,1,Q1168
4041,Choluteca,97,HN,02,CH,HN-CH,department,,,,13.3014081,-87.1842323,America/Tegucigalpa,2019-10-05 21:48:57,2025-08-08 13:50:32,1,Q899272
4042,Comayagua,97,HN,04,CM,HN-CM,department,,,,14.5525837,-87.6903154,America/Tegucigalpa,2019-10-05 21:48:57,2025-08-08 13:50:33,1,Q823443
4043,El Paraíso,97,HN,07,EP,HN-EP,department,,,,13.9619941,-86.5627921,America/Tegucigalpa,2019-10-05 21:48:57,2025-08-08 13:50:35,1,Q867108
4044,Intibucá,97,HN,10,IN,HN-IN,department,,,,14.3121375,-88.1780847,America/Tegucigalpa,2019-10-05 21:48:57,2025-08-08 13:50:37,1,Q262125
4045,Bay Islands,97,HN,11,IB,HN-IB,department,,,,16.3217674,-86.1786833,America/Tegucigalpa,2019-10-05 21:48:57,2025-08-08 13:50:39,1,Q751725
4046,Cortés,97,HN,06,CR,HN-CR,department,,,,15.4784073,-88.0343858,America/Tegucigalpa,2019-10-05 21:48:57,2025-08-08 13:50:40,1,Q767244
4047,Atlántida,97,HN,01,AT,HN-AT,department,,,,15.8172492,-87.1146935,America/Tegucigalpa,2019-10-05 21:48:57,2025-08-08 13:50:41,1,Q622619
4048,Gracias a Dios,97,HN,09,GD,HN-GD,department,,,,15.4333305,-84.148687,America/Tegucigalpa,2019-10-05 21:48:57,2025-08-08 13:50:43,1,Q867112
4049,Copán,97,HN,05,CP,HN-CP,department,,,,14.8958685,-88.9255812,America/Tegucigalpa,2019-10-05 21:48:57,2025-08-08 13:50:45,1,Q843984
4050,Olancho,97,HN,15,OL,HN-OL,department,,,,14.8211028,-85.9549881,America/Tegucigalpa,2019-10-05 21:48:57,2025-08-08 13:50:47,1,Q867089
4051,Colón,97,HN,03,CL,HN-CL,department,,,,15.7149552,-85.7023584,America/Tegucigalpa,2019-10-05 21:48:57,2025-08-08 13:50:48,1,Q867117
4052,Francisco Morazán,97,HN,08,FM,HN-FM,department,,,,14.3430478,-87.1141957,America/Tegucigalpa,2019-10-05 21:48:57,2025-08-08 13:50:50,1,Q867126
4053,Santa Bárbara,97,HN,16,SB,HN-SB,department,,,,15.0960558,-88.3673692,America/Tegucigalpa,2019-10-05 21:48:57,2025-08-08 13:50:51,1,Q591139
4054,Lempira,97,HN,13,LE,HN-LE,department,,,,14.4556602,-88.6188558,America/Tegucigalpa,2019-10-05 21:48:57,2025-08-08 13:50:53,1,Q744138
4055,Valle,97,HN,17,VA,HN-VA,department,,,,13.5110996,-87.5472925,America/Tegucigalpa,2019-10-05 21:48:57,2025-08-08 13:50:55,1,Q867097
4056,Ocotepeque,97,HN,14,OC,HN-OC,department,,,,14.4759433,-89.0365633,America/Tegucigalpa,2019-10-05 21:48:57,2025-08-08 13:50:57,1,Q867084
4057,Yoro,97,HN,18,YO,HN-YO,department,,,,15.2994474,-87.2916981,America/Tegucigalpa,2019-10-05 21:48:57,2025-08-08 13:50:58,1,Q1123380
4058,La Paz,97,HN,12,LP,HN-LP,department,,,,14.1284089,-87.9615276,America/Tegucigalpa,2019-10-05 21:48:57,2025-08-08 13:51:00,1,Q866886
4059,Northland,158,NZ,F6,NTL,NZ-NTL,region,,,,-35.3755091,173.9470106,Pacific/Auckland,2019-10-05 21:48:57,2025-08-08 13:51:02,1,Q59596
4060,Manawatu-Wanganui,158,NZ,F3,MWT,NZ-MWT,region,,,,-39.6407734,175.5713557,Pacific/Auckland,2019-10-05 21:48:57,2025-08-08 13:51:04,1,Q139907
4061,Waikato,158,NZ,G1,WKO,NZ-WKO,region,,,,-37.7792272,175.2010324,Pacific/Auckland,2019-10-05 21:48:57,2025-08-08 13:51:05,1,Q139918
4062,Otago,158,NZ,F7,OTA,NZ-OTA,region,,,,-45.3975053,170.1778918,Pacific/Auckland,2019-10-05 21:48:57,2025-08-08 13:51:07,1,Q692912
4063,Marlborough,158,NZ,F4,MBH,NZ-MBH,region,,,,-41.4744747,173.8330263,Pacific/Auckland,2019-10-05 21:48:57,2025-08-08 13:51:09,1,Q140083
4064,West Coast,158,NZ,G3,WTC,NZ-WTC,region,,,,-42.5638896,171.452334,Pacific/Auckland,2019-10-05 21:48:57,2025-08-08 13:51:11,1,Q541468
4065,Wellington,158,NZ,G2,WGN,NZ-WGN,region,,,,-41.2235474,175.4157576,Pacific/Auckland,2019-10-05 21:48:57,2025-08-08 13:51:12,1,Q856010
4066,Canterbury,158,NZ,E9,CAN,NZ-CAN,region,,,,-43.4941762,171.8098448,Pacific/Auckland,2019-10-05 21:48:57,2025-08-08 13:51:14,1,Q657004
4067,Chatham Islands,158,NZ,10,CIT,NZ-CIT,special island authority,,,,-43.917534,-176.18734,Pacific/Chatham,2019-10-05 21:48:57,2025-08-08 13:51:16,1,Q26882619
4068,Gisborne,158,NZ,F1,GIS,NZ-GIS,region,,,,-38.1532287,178.1367524,Pacific/Auckland,2019-10-05 21:48:57,2025-08-08 13:51:17,1,Q140246
4069,Taranaki,158,NZ,F9,TKI,NZ-TKI,region,,,,-39.3848064,174.1973505,Pacific/Auckland,2019-10-05 21:48:57,2025-08-08 13:51:19,1,Q140207
4070,Nelson,158,NZ,F5,NSN,NZ-NSN,region,,,,-41.2710849,173.2836756,Pacific/Auckland,2019-10-05 21:48:57,2025-08-08 13:51:21,1,Q1995856
4071,Southland,158,NZ,F8,STL,NZ-STL,region,,,,-45.9254266,167.6068483,Pacific/Auckland,2019-10-05 21:48:57,2025-08-08 13:51:23,1,Q864971
4072,Auckland,158,NZ,E7,AUK,NZ-AUK,region,,,,-36.852095,174.7631803,Pacific/Auckland,2019-10-05 21:48:57,2025-08-08 13:51:24,1,Q726917
4073,Tasman,158,NZ,TAS,TAS,NZ-TAS,region,,,,-41.302221,172.8945319,Pacific/Auckland,2019-10-05 21:48:57,2025-08-08 13:51:26,1,Q666142
4074,Bay of Plenty,158,NZ,E8,BOP,NZ-BOP,region,,,,-37.4969185,176.9228349,Pacific/Auckland,2019-10-05 21:48:57,2025-08-08 13:51:28,1,Q2192924
4075,Hawke's Bay,158,NZ,F2,HKB,NZ-HKB,region,,,,-39.5256512,176.7611457,Pacific/Auckland,2019-10-05 21:48:57,2025-08-08 13:51:30,1,Q251825
4076,Saint John,61,DM,05,05,DM-05,parish,,,,15.5739158,-61.4369757,America/Dominica,2019-10-05 21:48:57,2025-08-08 13:51:31,1,Q1476285
4077,Saint Mark,61,DM,08,08,DM-08,parish,,,,15.2285265,-61.3500041,America/Dominica,2019-10-05 21:48:57,2025-08-08 13:51:33,1,Q1431115
4078,Saint David,61,DM,03,03,DM-03,parish,,,,15.4238539,-61.3416513,America/Dominica,2019-10-05 21:48:57,2025-08-08 13:51:34,1,Q1431129
4079,Saint George,61,DM,04,04,DM-04,parish,,,,15.3058849,-61.3477286,America/Dominica,2019-10-05 21:48:57,2025-08-08 13:51:36,1,Q617801
4080,Saint Patrick,61,DM,09,09,DM-09,parish,,,,15.2770426,-61.2964775,America/Dominica,2019-10-05 21:48:57,2025-08-08 13:51:38,1,Q1431108
4081,Saint Peter,61,DM,11,11,DM-11,parish,,,,15.4997591,-61.4403471,America/Dominica,2019-10-05 21:48:57,2025-08-08 13:51:40,1,Q1476294
4082,Saint Andrew,61,DM,02,02,DM-02,parish,,,,15.4238539,-61.3416513,America/Dominica,2019-10-05 21:48:57,2025-08-08 13:51:41,1,Q732322
4083,Saint Luke,61,DM,07,07,DM-07,parish,,,,15.2526483,-61.3606848,America/Dominica,2019-10-05 21:48:57,2025-08-08 13:51:43,1,Q1431099
4084,Saint Paul,61,DM,10,10,DM-10,parish,,,,15.3630184,-61.3613416,America/Dominica,2019-10-05 21:48:57,2025-08-08 13:51:44,1,Q339063
4085,Saint Joseph,61,DM,06,06,DM-06,parish,,,,15.4063155,-61.4239093,America/Dominica,2019-10-05 21:48:57,2025-08-08 13:51:46,1,Q1476302
4086,El Seibo,62,DO,28,08,DO-08,province,,,,18.7658496,-69.040668,America/Santo_Domingo,2019-10-05 21:48:57,2025-08-08 13:51:48,1,Q1774831
4087,La Romana,62,DO,12,12,DO-12,province,,,,18.4230137,-68.9661104,America/Santo_Domingo,2019-10-05 21:48:57,2025-08-08 13:51:49,1,Q1140742
4088,Sánchez Ramírez,62,DO,21,24,DO-24,province,,,,19.0176147,-70.1448351,America/Santo_Domingo,2019-10-05 21:48:57,2025-08-08 13:51:51,1,Q1836903
4089,Hermanas Mirabal,62,DO,19,19,DO-19,province,,,,19.3957699,-70.3840578,America/Santo_Domingo,2019-10-05 21:48:57,2025-08-08 13:51:53,1,Q549386
4090,Barahona,62,DO,03,04,DO-04,province,,,,18.2139066,-71.1043759,America/Santo_Domingo,2019-10-05 21:48:57,2025-08-08 13:51:55,1,Q1137551
4091,San Cristóbal,62,DO,33,21,DO-21,province,,,,18.4180414,-70.1065849,America/Santo_Domingo,2019-10-05 21:48:57,2025-08-08 13:51:56,1,Q1366107
4092,Puerto Plata,62,DO,18,18,DO-18,province,,,,19.7225234,-70.7208338,America/Santo_Domingo,2019-10-05 21:48:57,2025-08-08 13:51:58,1,Q693487
4093,Santo Domingo,62,DO,37,32,DO-32,province,,,,18.5638543,-69.8531692,America/Santo_Domingo,2019-10-05 21:48:57,2025-08-08 13:51:59,1,Q1352536
4094,María Trinidad Sánchez,62,DO,14,14,DO-14,province,,,,19.4433304,-69.9990821,America/Santo_Domingo,2019-10-05 21:48:57,2025-08-08 13:52:01,1,Q1949656
4095,Distrito Nacional,62,DO,34,01,DO-01,district,,,,18.4860575,-69.9312117,America/Santo_Domingo,2019-10-05 21:48:57,2025-08-08 13:52:03,1,Q2499228
4096,Peravia,62,DO,35,17,DO-17,province,,,,18.3309575,-70.3712349,America/Santo_Domingo,2019-10-05 21:48:57,2025-08-08 13:52:05,1,Q1331932
4097,Independencia,62,DO,09,10,DO-10,province,,,,18.4155861,-71.6357396,America/Santo_Domingo,2019-10-05 21:48:57,2025-08-08 13:52:06,1,Q1424401
4098,San Juan,62,DO,23,22,DO-22,province,,,,18.87967,-71.2862706,America/Santo_Domingo,2019-10-05 21:48:57,2025-08-08 13:52:08,1,Q2001793
4099,Monseñor Nouel,62,DO,31,28,DO-28,province,,,,18.9234801,-70.4157265,America/Santo_Domingo,2019-10-05 21:48:57,2025-08-08 13:52:10,1,Q1295496
4100,Santiago Rodríguez,62,DO,26,26,DO-26,province,,,,19.3690729,-71.3523808,America/Santo_Domingo,2019-10-05 21:48:57,2025-08-08 13:52:11,1,Q2021942
4101,Pedernales,62,DO,16,16,DO-16,province,,,,18.0907918,-71.5595247,America/Santo_Domingo,2019-10-05 21:48:57,2025-08-08 13:52:13,1,Q1352533
4102,Espaillat,62,DO,08,09,DO-09,province,,,,19.5108126,-70.4918803,America/Santo_Domingo,2019-10-05 21:48:57,2025-08-08 13:52:15,1,Q530231
4103,Samaná,62,DO,20,20,DO-20,province,,,,19.2058371,-69.3362949,America/Santo_Domingo,2019-10-05 21:48:57,2025-08-08 13:52:16,1,Q1145487
4104,Valverde,62,DO,27,27,DO-27,province,,,,19.5955662,-71.0303974,America/Santo_Domingo,2019-10-05 21:48:57,2025-08-08 13:52:18,1,Q1774848
4105,Baoruco,62,DO,02,03,DO-03,province,,,,18.5140239,-71.3303393,America/Santo_Domingo,2019-10-05 21:48:57,2025-08-08 13:52:19,1,Q807079
4106,Hato Mayor,62,DO,29,30,DO-30,province,,,,18.7089524,-69.3256524,America/Santo_Domingo,2019-10-05 21:48:57,2025-08-08 13:52:21,1,Q937217
4107,Dajabón,62,DO,04,05,DO-05,province,,,,19.5499241,-71.7086514,America/Santo_Domingo,2019-10-05 21:48:57,2025-08-08 13:52:23,1,Q1138575
4108,Santiago,62,DO,25,25,DO-25,province,,,,19.336389,-70.9521277,America/Santo_Domingo,2019-10-05 21:48:57,2025-08-08 13:52:25,1,Q1772983
4109,La Altagracia,62,DO,10,11,DO-11,province,,,,18.5880886,-68.6053104,America/Santo_Domingo,2019-10-05 21:48:57,2025-08-08 13:52:26,1,Q1323353
4110,San Pedro de Macorís,62,DO,24,23,DO-23,province,,,,18.46266,-69.3051234,America/Santo_Domingo,2019-10-05 21:48:57,2025-08-08 13:52:28,1,Q1366119
4111,Monte Plata,62,DO,32,29,DO-29,province,,,,18.8080878,-69.7869146,America/Santo_Domingo,2019-10-05 21:48:57,2025-08-08 13:52:30,1,Q1772745
4112,San José de Ocoa,62,DO,36,31,DO-31,province,,,,18.543858,-70.5041816,America/Santo_Domingo,2019-10-05 21:48:57,2025-08-08 13:52:31,1,Q1424391
4113,Duarte,62,DO,06,06,DO-06,province,,,,19.2833163,-70.1880055,America/Santo_Domingo,2019-10-05 21:48:57,2025-08-08 13:52:33,1,Q1262745
4114,Azua,62,DO,01,02,DO-02,province,,,,18.4552709,-70.7380928,America/Santo_Domingo,2019-10-05 21:48:57,2025-08-08 13:52:35,1,Q794239
4115,Monte Cristi,62,DO,15,15,DO-15,province,,,,19.7177718,-71.4448113,America/Santo_Domingo,2019-10-05 21:48:57,2025-08-08 13:52:36,1,Q592624
4116,La Vega,62,DO,30,13,DO-13,province,,,,19.2211554,-70.5288753,America/Santo_Domingo,2019-10-05 21:48:57,2025-08-08 13:52:38,1,Q594405
4117,Nord,95,HT,09,ND,HT-ND,department,,,,19.6258245,-72.2699286,America/Port-au-Prince,2019-10-05 21:48:57,2025-08-08 13:52:40,1,Q943932
4118,Nippes,95,HT,15,NI,HT-NI,department,,,,18.4420426,-73.3913782,America/Port-au-Prince,2019-10-05 21:48:57,2025-08-08 13:52:41,1,Q125232
4119,Grand'Anse,95,HT,14,GA,HT-GA,department,,,,18.5304144,-74.1511463,America/Port-au-Prince,2019-10-05 21:48:57,2025-08-08 13:52:43,1,Q913231
4120,Ouest,95,HT,11,OU,HT-OU,department,,,,18.7668687,-72.4387315,America/Port-au-Prince,2019-10-05 21:48:57,2025-08-08 13:52:45,1,Q1434621
4121,Nord-Est,95,HT,10,NE,HT-NE,department,,,,19.5178468,-71.8728225,America/Port-au-Prince,2019-10-05 21:48:57,2025-08-08 13:52:47,1,Q928694
4122,Sud,95,HT,12,SD,HT-SD,department,,,,18.2612839,-73.8444985,America/Port-au-Prince,2019-10-05 21:48:57,2025-08-08 13:52:48,1,Q936704
4123,Artibonite,95,HT,06,AR,HT-AR,department,,,,19.3366225,-72.4924346,America/Port-au-Prince,2019-10-05 21:48:57,2025-08-08 13:52:50,1,Q844024
4124,Sud-Est,95,HT,13,SE,HT-SE,department,,,,18.2973566,-72.3745698,America/Port-au-Prince,2019-10-05 21:48:57,2025-08-08 13:52:52,1,Q936717
4125,Centre,95,HT,07,CE,HT-CE,department,,,,18.9908235,-71.9943985,America/Port-au-Prince,2019-10-05 21:48:57,2025-08-08 13:52:54,1,Q844528
4126,Nord-Ouest,95,HT,03,NO,HT-NO,department,,,,19.8469434,-73.0589966,America/Port-au-Prince,2019-10-05 21:48:57,2025-08-08 13:52:55,1,Q608361
4127,San Vicente,66,SV,12,SV,SV-SV,department,,,,13.5274935,-88.7396986,America/El_Salvador,2019-10-05 21:48:57,2025-08-08 13:52:57,1,Q1130180
4128,Santa Ana,66,SV,11,SA,SV-SA,department,,,,14.1145585,-89.5678141,America/El_Salvador,2019-10-05 21:48:57,2025-08-08 13:52:59,1,Q671158
4129,Usulután,66,SV,14,US,SV-US,department,,,,13.4324702,-88.5398358,America/El_Salvador,2019-10-05 21:48:57,2025-08-08 13:53:01,1,Q1122748
4130,Morazán,66,SV,08,MO,SV-MO,department,,,,13.7726176,-88.0951973,America/El_Salvador,2019-10-05 21:48:57,2025-08-08 13:53:03,1,Q1122836
4131,Chalatenango,66,SV,03,CH,SV-CH,department,,,,14.1765311,-89.0932963,America/El_Salvador,2019-10-05 21:48:57,2025-08-08 13:53:04,1,Q522221
4132,Cabañas,66,SV,02,CA,SV-CA,department,,,,13.8832914,-88.7383096,America/El_Salvador,2019-10-05 21:48:57,2025-08-08 13:53:06,1,Q914058
4133,San Salvador,66,SV,10,SS,SV-SS,department,,,,13.735588,-89.2005546,America/El_Salvador,2019-10-05 21:48:57,2025-08-08 13:53:08,1,Q1543219
4134,La Libertad,66,SV,05,LI,SV-LI,department,,,,13.7449622,-89.3610819,America/El_Salvador,2019-10-05 21:48:57,2025-08-08 13:53:10,1,Q930820
4135,San Miguel,66,SV,09,SM,SV-SM,department,,,,13.4320224,-88.271737,America/El_Salvador,2019-10-05 21:48:57,2025-08-08 13:53:12,1,Q930804
4136,La Paz,66,SV,06,PA,SV-PA,department,,,,13.4669766,-88.9850622,America/El_Salvador,2019-10-05 21:48:57,2025-08-08 13:53:13,1,Q1129788
4137,Cuscatlán,66,SV,04,CU,SV-CU,department,,,,13.8586903,-89.0632592,America/El_Salvador,2019-10-05 21:48:57,2025-08-08 13:53:15,1,Q1130677
4138,La Unión ,66,SV,07,UN,SV-UN,department,,,,13.5326318,-87.902582,America/El_Salvador,2019-10-05 21:48:57,2025-08-08 13:53:17,1,Q1130688
4139,Ahuachapán,66,SV,01,AH,SV-AH,department,,,,13.8634993,-89.9273861,America/El_Salvador,2019-10-05 21:48:57,2025-08-08 13:53:18,1,Q572993
4140,Sonsonate,66,SV,13,SO,SV-SO,department,,,,13.7115105,-89.6605842,America/El_Salvador,2019-10-05 21:48:57,2025-08-08 13:53:19,1,Q212540
4141,Braslovče,201,SI,F7,151,SI-151,municipality,,,,46.2836192,15.041832,Europe/Ljubljana,2019-10-05 21:48:57,2025-08-08 13:53:21,1,Q1034410
4142,Lenart,201,SI,I3,058,SI-058,municipality,,,,46.5834424,15.8262125,Europe/Ljubljana,2019-10-05 21:48:58,2025-08-08 13:53:23,1,Q13365883
4143,Oplotnica,201,SI,J8,171,SI-171,municipality,,,,46.387163,15.4458131,Europe/Ljubljana,2019-10-05 21:48:58,2025-08-08 13:53:25,1,Q1587261
4144,Velike Lašče,201,SI,D8,134,SI-134,municipality,,,,45.8336591,14.6362363,Europe/Ljubljana,2019-10-05 21:48:58,2025-08-08 13:53:27,1,Q13378281
4145,Hajdina,201,SI,G9,159,SI-159,municipality,,,,46.4185014,15.8244722,Europe/Ljubljana,2019-10-05 21:48:58,2025-08-08 13:53:28,1,Q995065
4146,Podčetrtek,201,SI,92,092,SI-092,municipality,,,,46.1518082,15.597496,Europe/Ljubljana,2019-10-05 21:48:58,2025-08-08 13:53:30,1,Q999540
4147,Cankova,201,SI,F8,152,SI-152,municipality,,,,46.718237,16.0197222,Europe/Ljubljana,2019-10-05 21:48:58,2025-08-08 13:53:32,1,Q13377751
4148,Vitanje,201,SI,E2,137,SI-137,municipality,,,,46.3815323,15.2950687,Europe/Ljubljana,2019-10-05 21:48:58,2025-08-08 13:53:34,1,Q13378288
4149,Sežana,201,SI,B7,111,SI-111,municipality,,,,45.7091799,13.8730989,Europe/Ljubljana,2019-10-05 21:48:58,2025-08-08 13:53:36,1,Q554854
4150,Kidričevo,201,SI,45,045,SI-045,municipality,,,,46.4043948,15.7965329,Europe/Ljubljana,2019-10-05 21:48:58,2025-08-08 13:53:38,1,Q776770
4151,Črenšovci,201,SI,15,015,SI-015,municipality,,,,46.5720029,16.2877346,Europe/Ljubljana,2019-10-05 21:48:58,2025-08-08 13:53:40,1,Q341658
4152,Idrija,201,SI,36,036,SI-036,municipality,,,,46.0023983,14.0273014,Europe/Ljubljana,2019-10-05 21:48:58,2025-08-08 13:53:41,1,Q3441842
4153,Trnovska Vas,201,SI,M7,185,SI-185,municipality,,,,46.5196833,15.8867884,Europe/Ljubljana,2019-10-05 21:48:58,2025-08-08 13:53:43,1,Q999559
4154,Vodice,201,SI,E3,138,SI-138,municipality,,,,46.1896643,14.4938539,Europe/Ljubljana,2019-10-05 21:48:58,2025-08-08 13:53:45,1,Q13378292
4155,Ravne na Koroškem,201,SI,K8,103,SI-103,municipality,,,,46.5521194,14.9599084,Europe/Ljubljana,2019-10-05 21:48:58,2025-08-08 13:53:46,1,Q13378051
4156,Lovrenc na Pohorju,201,SI,I8,167,SI-167,municipality,,,,46.5419638,15.4000443,Europe/Ljubljana,2019-10-05 21:48:58,2025-08-08 13:53:48,1,Q25110
4157,Majšperk,201,SI,J1,069,SI-069,municipality,,,,46.3503019,15.7340595,Europe/Ljubljana,2019-10-05 21:48:58,2025-08-08 13:53:50,1,Q1002371
4158,Loški Potok,201,SI,66,066,SI-066,municipality,,,,45.6625246,14.6699654,Europe/Ljubljana,2019-10-05 21:48:58,2025-08-08 13:53:52,1,Q999553
4159,Domžale,201,SI,G7,023,SI-023,municipality,,,,46.1394296,14.5944553,Europe/Ljubljana,2019-10-05 21:48:58,2025-08-08 13:53:54,1,Q13377763
4160,Rečica ob Savinji,201,SI,O9,209,SI-209,municipality,,,,46.323379,14.922367,Europe/Ljubljana,2019-10-05 21:48:58,2025-08-08 13:53:55,1,Q13378058
4161,Podlehnik,201,SI,K1,172,SI-172,municipality,,,,46.3310782,15.8785836,Europe/Ljubljana,2019-10-05 21:48:58,2025-08-08 13:53:57,1,Q1002247
4162,Cerknica,201,SI,13,013,SI-013,municipality,,,,45.7936578,14.361883,Europe/Ljubljana,2019-10-05 21:48:58,2025-08-08 13:53:59,1,Q13107298
4163,Vransko,201,SI,N4,189,SI-189,municipality,,,,46.239006,14.9527249,Europe/Ljubljana,2019-10-05 21:48:58,2025-08-08 13:54:01,1,Q13378299
4164,Sveta Ana,201,SI,M3,181,SI-181,municipality,,,,46.65,15.845278,Europe/Ljubljana,2019-10-05 21:48:58,2025-08-08 13:54:03,1,Q990063
4165,Brezovica,201,SI,09,008,SI-008,municipality,,,,45.9480324,14.4180336,Europe/Ljubljana,2019-10-05 21:48:58,2025-08-08 13:54:04,1,Q849320
4166,Benedikt,201,SI,F4,148,SI-148,municipality,,,,46.6155841,15.8957281,Europe/Ljubljana,2019-10-05 21:48:58,2025-08-08 13:54:06,1,Q779018
4167,Divača,201,SI,19,019,SI-019,municipality,,,,45.6806069,13.9720312,Europe/Ljubljana,2019-10-05 21:48:58,2025-08-08 13:54:08,1,Q557216
4168,Moravče,201,SI,77,077,SI-077,municipality,,,,46.1362781,14.746001,Europe/Ljubljana,2019-10-05 21:48:58,2025-08-08 13:54:10,1,Q1012761
4169,Slovenj Gradec,201,SI,C2,112,SI-112,urban municipality,,,,46.509144,15.0790677,Europe/Ljubljana,2019-10-05 21:48:58,2025-08-08 13:54:12,1,Q3441817
4170,Škocjan,201,SI,B8,121,SI-121,municipality,,,,45.907782,15.2906185,Europe/Ljubljana,2019-10-05 21:48:58,2025-08-08 13:54:14,1,Q391800
4171,Šentjur,201,SI,L7,120,SI-120,municipality,,,,46.2168375,15.3937905,Europe/Ljubljana,2019-10-05 21:48:58,2025-08-08 13:54:15,1,Q13378384
4172,Pesnica,201,SI,89,089,SI-089,municipality,,,,46.6182053,15.706151,Europe/Ljubljana,2019-10-05 21:48:58,2025-08-08 13:54:17,1,Q995048
4173,Dol pri Ljubljani,201,SI,22,022,SI-022,municipality,,,,46.0884386,14.6424792,Europe/Ljubljana,2019-10-05 21:48:58,2025-08-08 13:54:19,1,Q998557
4174,Loška Dolina,201,SI,I7,065,SI-065,municipality,,,,45.6645172,14.4997081,Europe/Ljubljana,2019-10-05 21:48:58,2025-08-08 13:54:21,1,Q999525
4175,Hoče–Slivnica,201,SI,H1,160,SI-160,municipality,,,,46.4898775,15.6106205,Europe/Ljubljana,2019-10-05 21:48:58,2025-08-08 13:54:23,1,Q1008102
4176,Cerkvenjak,201,SI,F9,153,SI-153,municipality,,,,46.5670711,15.9429753,Europe/Ljubljana,2019-10-05 21:48:58,2025-08-08 13:54:24,1,Q1252438
4177,Naklo,201,SI,82,082,SI-082,municipality,,,,46.2718663,14.3156932,Europe/Ljubljana,2019-10-05 21:48:58,2025-08-08 13:54:26,1,Q1569014
4178,Cerkno,201,SI,14,014,SI-014,municipality,,,,46.1288414,13.9894027,Europe/Ljubljana,2019-10-05 21:48:58,2025-08-08 13:54:27,1,Q13220435
4179,Bistrica ob Sotli,201,SI,F5,149,SI-149,municipality,,,,46.0565579,15.6625947,Europe/Ljubljana,2019-10-05 21:48:58,2025-08-08 13:54:29,1,Q13377731
4180,Kamnik,201,SI,H6,043,SI-043,municipality,,,,46.2221666,14.6070727,Europe/Ljubljana,2019-10-05 21:48:58,2025-08-08 13:54:31,1,Q3503153
4181,Bovec,201,SI,06,006,SI-006,municipality,,,,46.3380495,13.5524174,Europe/Ljubljana,2019-10-05 21:48:58,2025-08-08 13:54:33,1,Q3259688
4182,Zavrč,201,SI,E9,143,SI-143,municipality,,,,46.3860221,16.0459879,Europe/Ljubljana,2019-10-05 21:48:58,2025-08-08 13:54:34,1,Q167001
4183,Ajdovščina,201,SI,01,001,SI-001,municipality,,,,45.8870776,13.9042818,Europe/Ljubljana,2019-10-05 21:48:58,2025-08-08 13:54:36,1,Q331701
4184,Pivka,201,SI,91,091,SI-091,municipality,,,,45.6825064,14.1953518,Europe/Ljubljana,2019-10-05 21:48:58,2025-08-08 13:54:38,1,Q252154
4185,Štore,201,SI,C9,127,SI-127,municipality,,,,46.2222514,15.3126116,Europe/Ljubljana,2019-10-05 21:48:58,2025-08-08 13:54:40,1,Q392468
4186,Kozje,201,SI,51,051,SI-051,municipality,,,,46.0733211,15.5596719,Europe/Ljubljana,2019-10-05 21:48:58,2025-08-08 13:54:41,1,Q1009421
4187,Škofljica,201,SI,C1,123,SI-123,municipality,,,,45.9840962,14.5746626,Europe/Ljubljana,2019-10-05 21:48:58,2025-08-08 13:54:43,1,Q392103
4188,Prebold,201,SI,K4,174,SI-174,municipality,,,,46.2359136,15.0936912,Europe/Ljubljana,2019-10-05 21:48:58,2025-08-08 13:54:45,1,Q1016698
4189,Dobrovnik,201,SI,G5,156,SI-156,municipality,,,,46.6538662,16.3506594,Europe/Ljubljana,2019-10-05 21:48:58,2025-08-08 13:54:46,1,Q13365892
4190,Mozirje,201,SI,79,079,SI-079,municipality,,,,46.339435,14.9602413,Europe/Ljubljana,2019-10-05 21:48:58,2025-08-08 13:54:48,1,Q670975
4191,Celje,201,SI,11,011,SI-011,urban municipality,,,,46.2293889,15.2616828,Europe/Ljubljana,2019-10-05 21:48:58,2025-08-08 13:54:50,1,Q3441823
4192,Žiri,201,SI,F2,147,SI-147,municipality,,,,46.0472499,14.1098451,Europe/Ljubljana,2019-10-05 21:48:58,2025-08-08 13:54:52,1,Q394087
4193,Horjul,201,SI,H3,162,SI-162,municipality,,,,46.0225378,14.2986269,Europe/Ljubljana,2019-10-05 21:48:58,2025-08-08 13:54:54,1,Q1005185
4194,Tabor,201,SI,M5,184,SI-184,municipality,,,,46.235054,15.0153081,Europe/Ljubljana,2019-10-05 21:48:58,2025-08-08 13:54:56,1,Q999530
4195,Radeče,201,SI,99,099,SI-099,municipality,,,,46.0666954,15.1820438,Europe/Ljubljana,2019-10-05 21:48:58,2025-08-08 13:54:57,1,Q13377986
4196,Vipava,201,SI,E1,136,SI-136,municipality,,,,45.8412674,13.9609613,Europe/Ljubljana,2019-10-05 21:48:58,2025-08-08 13:54:59,1,Q1002229
4197,Kungota,201,SI,55,055,SI-055,municipality,,,,46.6418793,15.6036288,Europe/Ljubljana,2019-10-05 21:48:58,2025-08-08 13:55:01,1,Q998566
4198,Slovenske Konjice,201,SI,C4,114,SI-114,municipality,,,,46.3369191,15.4214708,Europe/Ljubljana,2019-10-05 21:48:58,2025-08-08 13:55:03,1,Q13378155
4199,Osilnica,201,SI,88,088,SI-088,municipality,,,,45.5292418,14.6988672,Europe/Ljubljana,2019-10-05 21:48:58,2025-08-08 13:55:04,1,Q778147
4200,Borovnica,201,SI,05,005,SI-005,municipality,,,,45.9044525,14.3824189,Europe/Ljubljana,2019-10-05 21:48:58,2025-08-08 13:55:06,1,Q13377747
4201,Piran,201,SI,J9,090,SI-090,municipality,,,,45.5288856,13.5680735,Europe/Ljubljana,2019-10-05 21:48:58,2025-08-08 13:55:08,1,Q565170
4202,Bled,201,SI,03,003,SI-003,municipality,,,,46.3683266,14.1145798,Europe/Ljubljana,2019-10-05 21:48:58,2025-08-08 13:55:10,1,Q647572
4203,Jezersko,201,SI,H5,163,SI-163,municipality,,,,46.3942794,14.4985559,Europe/Ljubljana,2019-10-05 21:48:58,2025-08-08 13:55:11,1,Q1688771
4204,Rače–Fram,201,SI,98,098,SI-098,municipality,,,,46.4542083,15.6329467,Europe/Ljubljana,2019-10-05 21:48:58,2025-08-08 13:55:13,1,Q731093
4205,Nova Gorica,201,SI,84,084,SI-084,urban municipality,,,,45.976276,13.7308881,Europe/Ljubljana,2019-10-05 21:48:58,2025-08-08 13:55:15,1,Q3435478
4206,Razkrižje,201,SI,K9,176,SI-176,municipality,,,,46.5226339,16.2668638,Europe/Ljubljana,2019-10-05 21:48:58,2025-08-08 13:55:17,1,Q3435117
4207,Ribnica na Pohorju,201,SI,L2,177,SI-177,municipality,,,,46.5356145,15.2674538,Europe/Ljubljana,2019-10-05 21:48:58,2025-08-08 13:55:19,1,Q1009413
4208,Muta,201,SI,81,081,SI-081,municipality,,,,46.6097366,15.1629995,Europe/Ljubljana,2019-10-05 21:48:58,2025-08-08 13:55:20,1,Q6309297
4209,Rogatec,201,SI,A8,107,SI-107,municipality,,,,46.2286626,15.6991338,Europe/Ljubljana,2019-10-05 21:48:58,2025-08-08 13:55:22,1,Q1027245
4210,Gorišnica,201,SI,28,028,SI-028,municipality,,,,46.4120271,16.0133089,Europe/Ljubljana,2019-10-05 21:48:58,2025-08-08 13:55:23,1,Q632998
4211,Kuzma,201,SI,I2,056,SI-056,municipality,,,,46.8351038,16.08071,Europe/Ljubljana,2019-10-05 21:48:58,2025-08-08 13:55:25,1,Q906636
4212,Mislinja,201,SI,76,076,SI-076,municipality,,,,46.4429403,15.1987678,Europe/Ljubljana,2019-10-05 21:48:58,2025-08-08 13:55:27,1,Q999584
4213,Duplek,201,SI,26,026,SI-026,municipality,,,,46.5091395,15.762657,Europe/Ljubljana,2019-10-05 21:48:58,2025-08-08 13:55:28,1,Q999589
4214,Trebnje,201,SI,D4,130,SI-130,municipality,,,,45.9080163,15.0131905,Europe/Ljubljana,2019-10-05 21:48:58,2025-08-08 13:55:30,1,Q13378243
4215,Brežice,201,SI,08,009,SI-009,municipality,,,,45.9041096,15.5943639,Europe/Ljubljana,2019-10-05 21:48:58,2025-08-08 13:55:32,1,Q906879
4216,Dobrepolje,201,SI,20,020,SI-020,municipality,,,,45.8097528,14.7425657,Europe/Ljubljana,2019-10-05 21:48:58,2025-08-08 13:55:33,1,Q1009409
4217,Grad,201,SI,G8,158,SI-158,municipality,,,,46.801894,16.0919216,Europe/Ljubljana,2019-10-05 21:48:58,2025-08-08 13:55:35,1,Q1019067
4218,Moravske Toplice,201,SI,78,078,SI-078,municipality,,,,46.6856932,16.2224582,Europe/Ljubljana,2019-10-05 21:48:58,2025-08-08 13:55:37,1,Q3494723
4219,Luče,201,SI,I9,067,SI-067,municipality,,,,46.3544925,14.7471504,Europe/Ljubljana,2019-10-05 21:48:58,2025-08-08 13:55:39,1,Q669648
4220,Miren–Kostanjevica,201,SI,J5,075,SI-075,municipality,,,,45.8598141,13.649854,Europe/Ljubljana,2019-10-05 21:48:58,2025-08-08 13:55:41,1,Q658076
4221,Ormož,201,SI,87,087,SI-087,municipality,,,,46.4072383,16.1489255,Europe/Ljubljana,2019-10-05 21:48:58,2025-08-08 13:55:42,1,Q15900
4222,Šalovci,201,SI,L4,033,SI-033,municipality,,,,46.8244271,16.285766,Europe/Ljubljana,2019-10-05 21:48:58,2025-08-08 13:55:44,1,Q13378373
4223,Miklavž na Dravskem Polju,201,SI,J4,169,SI-169,municipality,,,,46.5082628,15.6952065,Europe/Ljubljana,2019-10-05 21:48:58,2025-08-08 14:27:57,1,Q1005165
4224,Makole,201,SI,O5,198,SI-198,municipality,,,,46.3168697,15.6664126,Europe/Ljubljana,2019-10-05 21:48:58,2025-08-08 14:11:56,1,Q1808143
4225,Lendava,201,SI,I4,059,SI-059,municipality,,,,46.5639639,16.4526468,Europe/Ljubljana,2019-10-05 21:48:58,2025-08-08 14:11:58,1,Q587328
4226,Vuzenica,201,SI,E6,141,SI-141,municipality,,,,46.5980836,15.1657237,Europe/Ljubljana,2019-10-05 21:48:58,2025-08-08 14:12:00,1,Q370390
4227,Kanal ob Soči,201,SI,44,044,SI-044,municipality,,,,46.0858687,13.6339298,Europe/Ljubljana,2019-10-05 21:48:58,2025-08-08 14:12:02,1,Q3435496
4228,Ptuj,201,SI,K7,096,SI-096,urban municipality,,,,46.4199535,15.8696884,Europe/Ljubljana,2019-10-05 21:48:58,2025-08-08 14:12:04,1,Q3441808
4229,Sveti Andraž v Slovenskih Goricah,201,SI,M4,182,SI-182,municipality,,,,46.5189747,15.9498262,Europe/Ljubljana,2019-10-05 21:48:58,2025-08-08 14:12:06,1,Q925149
4230,Selnica ob Dravi,201,SI,L5,178,SI-178,municipality,,,,46.5513918,15.492941,Europe/Ljubljana,2019-10-05 21:48:58,2025-08-08 14:12:08,1,Q919934
4231,Radovljica,201,SI,A3,102,SI-102,municipality,,,,46.343509,14.1720227,Europe/Ljubljana,2019-10-05 21:48:58,2025-08-08 14:12:09,1,Q15910
4232,Črna na Koroškem,201,SI,16,016,SI-016,municipality,,,,46.4704529,14.8499998,Europe/Ljubljana,2019-10-05 21:48:58,2025-08-08 14:12:11,1,Q279072
4233,Rogaška Slatina,201,SI,A7,106,SI-106,municipality,,,,46.2329898,15.6384369,Europe/Ljubljana,2019-10-05 21:48:58,2025-08-08 14:12:12,1,Q15913
4234,Podvelka,201,SI,K2,093,SI-093,municipality,,,,46.5889858,15.3280675,Europe/Ljubljana,2019-10-05 21:48:58,2025-08-08 14:12:14,1,Q1016800
4235,Ribnica,201,SI,L1,104,SI-104,municipality,,,,45.7400303,14.7265782,Europe/Ljubljana,2019-10-05 21:48:58,2025-08-08 14:12:16,1,Q15912
4236,Novo Mesto,201,SI,J7,085,SI-085,urban municipality,,,,45.8010824,15.1710089,Europe/Ljubljana,2019-10-05 21:48:58,2025-08-08 14:12:18,1,Q398116
4237,Mirna Peč,201,SI,J6,170,SI-170,municipality,,,,45.8602716,15.0818996,Europe/Ljubljana,2019-10-05 21:48:58,2025-08-08 14:12:20,1,Q1016805
4238,Križevci,201,SI,I1,166,SI-166,municipality,,,,46.5701821,16.1092653,Europe/Ljubljana,2019-10-05 21:48:58,2025-08-08 14:12:21,1,Q999563
4239,Poljčane,201,SI,O8,200,SI-200,municipality,,,,46.3139853,15.5784791,Europe/Ljubljana,2019-10-05 21:48:58,2025-08-08 14:12:23,1,Q594852
4240,Brda,201,SI,07,007,SI-007,municipality,,,,46.0162019,13.5489102,Europe/Ljubljana,2019-10-05 21:48:58,2025-08-08 14:12:25,1,Q763400
4241,Šentjernej,201,SI,B4,119,SI-119,municipality,,,,45.843413,15.3378312,Europe/Ljubljana,2019-10-05 21:48:58,2025-08-08 14:12:26,1,Q1016812
4242,Maribor,201,SI,J2,070,SI-070,urban municipality,,,,46.5576439,15.6455854,Europe/Ljubljana,2019-10-05 21:48:58,2025-08-08 14:12:28,1,Q3435104
4243,Kobarid,201,SI,46,046,SI-046,municipality,,,,46.2456971,13.5786949,Europe/Ljubljana,2019-10-05 21:48:58,2025-08-08 14:12:30,1,Q688287
4244,Markovci,201,SI,J3,168,SI-168,municipality,,,,46.3947708,15.9298496,Europe/Ljubljana,2019-10-05 21:48:58,2025-08-08 14:12:32,1,Q1008095
4245,Vojnik,201,SI,N3,139,SI-139,municipality,,,,46.2920581,15.302058,Europe/Ljubljana,2019-10-05 21:48:58,2025-08-08 14:12:33,1,Q2134561
4246,Trbovlje,201,SI,D3,129,SI-129,municipality,,,,46.1503563,15.0453137,Europe/Ljubljana,2019-10-05 21:48:58,2025-08-08 14:12:35,1,Q15925
4247,Tolmin,201,SI,D2,128,SI-128,municipality,,,,46.1857188,13.7319838,Europe/Ljubljana,2019-10-05 21:48:58,2025-08-08 14:12:36,1,Q15924
4248,Šoštanj,201,SI,C7,126,SI-126,municipality,,,,46.3782836,15.0461378,Europe/Ljubljana,2019-10-05 21:48:58,2025-08-08 14:12:38,1,Q15923
4249,Žetale,201,SI,N6,191,SI-191,municipality,,,,46.2742833,15.7913359,Europe/Ljubljana,2019-10-05 21:48:58,2025-08-08 14:12:40,1,Q393910
4250,Tržič,201,SI,D5,131,SI-131,municipality,,,,46.3593514,14.3006623,Europe/Ljubljana,2019-10-05 21:48:58,2025-08-08 14:12:42,1,Q15927
4251,Turnišče,201,SI,D6,132,SI-132,municipality,,,,46.6248885,16.3165187,Europe/Ljubljana,2019-10-05 21:48:58,2025-08-08 14:12:44,1,Q201074
4252,Dobrna,201,SI,G3,155,SI-155,municipality,,,,46.3356141,15.2259732,Europe/Ljubljana,2019-10-05 21:48:58,2025-08-08 14:12:45,1,Q999579
4253,Renče–Vogrsko,201,SI,P1,201,SI-201,municipality,,,,45.8954617,13.6785673,Europe/Ljubljana,2019-10-05 21:48:58,2025-08-08 14:12:47,1,Q612216
4254,Kostanjevica na Krki,201,SI,O3,197,SI-197,municipality,,,,45.8456674,15.4202287,Europe/Ljubljana,2019-10-05 21:48:58,2025-08-08 14:12:49,1,Q12062190
4255,Sveti Jurij ob Ščavnici,201,SI,O3,116,SI-116,municipality,,,,46.5687452,16.0222528,Europe/Ljubljana,2019-10-05 21:48:58,2025-08-08 14:12:51,1,Q920353
4256,Železniki,201,SI,F1,146,SI-146,municipality,,,,46.2256377,14.1693617,Europe/Ljubljana,2019-10-05 21:48:58,2025-08-08 14:12:53,1,Q15932
4257,Veržej,201,SI,N1,188,SI-188,municipality,,,,46.5841135,16.16208,Europe/Ljubljana,2019-10-05 21:48:58,2025-08-08 14:12:54,1,Q1008086
4258,Žalec,201,SI,N5,190,SI-190,municipality,,,,46.2519712,15.1650072,Europe/Ljubljana,2019-10-05 21:48:58,2025-08-08 14:12:56,1,Q15931
4259,Starše,201,SI,C8,115,SI-115,municipality,,,,46.4674331,15.7640546,Europe/Ljubljana,2019-10-05 21:48:58,2025-08-08 14:12:57,1,Q1016826
4260,Sveta Trojica v Slovenskih Goricah,201,SI,P6,204,SI-204,municipality,,,,46.5680809,15.8823064,Europe/Ljubljana,2019-10-05 21:48:58,2025-08-08 14:12:59,1,Q1016820
4261,Solčava,201,SI,M2,180,SI-180,municipality,,,,46.4195569,14.6920242,Europe/Ljubljana,2019-10-05 21:48:58,2025-08-08 14:13:01,1,Q1313614
4262,Vrhnika,201,SI,E5,140,SI-140,municipality,,,,45.9663607,14.2980772,Europe/Ljubljana,2019-10-05 21:48:58,2025-08-08 14:13:03,1,Q9014817
4263,Središče ob Dravi,201,SI,P4,202,SI-202,municipality,,,,46.3959282,16.2704915,Europe/Ljubljana,2019-10-05 21:48:58,2025-08-08 14:13:05,1,Q3441796
4264,Rogašovci,201,SI,A6,105,SI-105,municipality,,,,46.8055785,16.0345237,Europe/Ljubljana,2019-10-05 21:48:58,2025-08-08 14:13:06,1,Q599480
4265,Mežica,201,SI,74,074,SI-074,municipality,,,,46.5215027,14.852134,Europe/Ljubljana,2019-10-05 21:48:58,2025-08-08 14:13:08,1,Q678147
4266,Juršinci,201,SI,42,042,SI-042,municipality,,,,46.4859302,15.9681926,Europe/Ljubljana,2019-10-05 21:48:58,2025-08-08 14:13:09,1,Q1003984
4267,Velika Polana,201,SI,M9,187,SI-187,municipality,,,,46.5731715,16.3444126,Europe/Ljubljana,2019-10-05 21:48:58,2025-08-08 14:13:11,1,Q995101
4268,Sevnica,201,SI,B6,110,SI-110,municipality,,,,46.0070317,15.3045679,Europe/Ljubljana,2019-10-05 21:48:58,2025-08-08 14:13:13,1,Q11214302
4269,Zagorje ob Savi,201,SI,E7,142,SI-142,municipality,,,,46.1345202,14.9964384,Europe/Ljubljana,2019-10-05 21:48:58,2025-08-08 14:13:15,1,Q13378328
4270,Ljubljana,201,SI,61,061,SI-061,urban municipality,,,,46.0569465,14.5057515,Europe/Ljubljana,2019-10-05 21:48:58,2025-08-08 14:13:17,1,Q3434113
4271,Gornji Petrovci,201,SI,31,031,SI-031,municipality,,,,46.8037128,16.2191379,Europe/Ljubljana,2019-10-05 21:48:58,2025-08-08 14:13:19,1,Q3435689
4272,Polzela,201,SI,K3,173,SI-173,municipality,,,,46.280897,15.0737321,Europe/Ljubljana,2019-10-05 21:48:58,2025-08-08 14:13:20,1,Q938443
4273,Sveti Tomaž,201,SI,P8,205,SI-205,municipality,,,,46.4835283,16.079442,Europe/Ljubljana,2019-10-05 21:48:58,2025-08-08 14:13:22,1,Q1016831
4274,Prevalje,201,SI,K6,175,SI-175,municipality,,,,46.5460617,14.9169796,Europe/Ljubljana,2019-10-05 21:48:58,2025-08-08 14:13:24,1,Q650009
4275,Radlje ob Dravi,201,SI,A2,101,SI-101,municipality,,,,46.6135732,15.2354438,Europe/Ljubljana,2019-10-05 21:48:58,2025-08-08 14:13:26,1,Q1005364
4276,Žirovnica,201,SI,N7,192,SI-192,municipality,,,,46.4046083,14.1353229,Europe/Ljubljana,2019-10-05 21:48:58,2025-08-08 14:13:28,1,Q394103
4277,Sodražica,201,SI,M1,179,SI-179,municipality,,,,45.7616565,14.6352853,Europe/Ljubljana,2019-10-05 21:48:58,2025-08-08 14:13:29,1,Q1008079
4278,Bloke,201,SI,F6,150,SI-150,municipality,,,,45.7728141,14.5063459,Europe/Ljubljana,2019-10-05 21:48:58,2025-08-08 14:13:31,1,Q164123
4279,Šmartno pri Litiji,201,SI,L9,194,SI-194,municipality,,,,46.0454971,14.8410133,Europe/Ljubljana,2019-10-05 21:48:58,2025-08-08 14:13:33,1,Q13378453
4280,Ruše,201,SI,L3,108,SI-108,municipality,,,,46.5386688,15.5139415,Europe/Ljubljana,2019-10-05 21:48:58,2025-08-08 14:13:35,1,Q3346841
4281,Dolenjske Toplice,201,SI,G6,157,SI-157,municipality,,,,45.7572692,15.0583791,Europe/Ljubljana,2019-10-05 21:48:58,2025-08-08 14:13:36,1,Q1016840
4282,Bohinj,201,SI,04,004,SI-004,municipality,,,,46.3020336,13.9090155,Europe/Ljubljana,2019-10-05 21:48:58,2025-08-08 14:13:38,1,Q3661628
4283,Komenda,201,SI,H8,164,SI-164,municipality,,,,46.206488,14.5382499,Europe/Ljubljana,2019-10-05 21:48:58,2025-08-08 14:13:40,1,Q963986
4284,Gorje,201,SI,H8,207,SI-207,municipality,,,,46.3944847,13.9912881,Europe/Ljubljana,2019-10-05 21:48:58,2025-08-08 14:13:42,1,Q1027062
4285,Šmarje pri Jelšah,201,SI,C5,124,SI-124,municipality,,,,46.2287025,15.5190353,Europe/Ljubljana,2019-10-05 21:48:58,2025-08-08 14:13:43,1,Q392173
4286,Ig,201,SI,37,037,SI-037,municipality,,,,45.9588868,14.5270528,Europe/Ljubljana,2019-10-05 21:48:58,2025-08-08 14:13:45,1,Q917397
4287,Kranj,201,SI,52,052,SI-052,urban municipality,,,,46.2432913,14.3549353,Europe/Ljubljana,2019-10-05 21:48:58,2025-08-08 14:13:47,1,Q3441893
4288,Puconci,201,SI,97,097,SI-097,municipality,,,,46.7043348,16.1550852,Europe/Ljubljana,2019-10-05 21:48:58,2025-08-08 14:13:49,1,Q921092
4289,Šmarješke Toplice,201,SI,P3,206,SI-206,municipality,,,,45.8680377,15.2347422,Europe/Ljubljana,2019-10-05 21:48:58,2025-08-08 14:13:50,1,Q3509893
4290,Dornava,201,SI,24,024,SI-024,municipality,,,,46.4351913,15.9552014,Europe/Ljubljana,2019-10-05 21:48:58,2025-08-08 14:13:52,1,Q1003969
4291,Črnomelj,201,SI,17,017,SI-017,municipality,,,,45.5700965,15.1923324,Europe/Ljubljana,2019-10-05 21:48:58,2025-08-08 14:13:54,1,Q3482211
4292,Radenci,201,SI,A1,100,SI-100,municipality,,,,46.6409028,16.0399848,Europe/Ljubljana,2019-10-05 21:48:58,2025-08-08 14:13:55,1,Q338743
4293,Gorenja Vas–Poljane,201,SI,27,027,SI-027,municipality,,,,46.1116582,14.1149348,Europe/Ljubljana,2019-10-05 21:48:58,2025-08-08 14:13:57,1,Q1005224
4294,Ljubno,201,SI,62,062,SI-062,municipality,,,,46.366441,14.8397651,Europe/Ljubljana,2019-10-05 21:48:58,2025-08-08 14:13:59,1,Q773659
4295,Dobje,201,SI,G2,154,SI-154,municipality,,,,46.1370037,15.394129,Europe/Ljubljana,2019-10-05 21:48:58,2025-08-08 14:14:00,1,Q1008179
4296,Šmartno ob Paki,201,SI,C6,125,SI-125,municipality,,,,46.3290372,15.0333937,Europe/Ljubljana,2019-10-05 21:48:58,2025-08-08 14:14:02,1,Q392188
4297,Mokronog–Trebelno,201,SI,C6,199,SI-199,municipality,,,,45.9236748,15.1679393,Europe/Ljubljana,2019-10-05 21:48:58,2025-08-08 14:14:04,1,Q1027078
4298,Mirna,201,SI,C6,212,SI-212,municipality,,,,45.9515647,15.0620977,Europe/Ljubljana,2019-10-05 21:48:58,2025-08-08 14:14:06,1,Q1515842
4299,Šenčur,201,SI,B2,117,SI-117,municipality,,,,46.2433699,14.4192223,Europe/Ljubljana,2019-10-05 21:48:58,2025-08-08 14:14:08,1,Q2346638
4300,Videm,201,SI,N2,135,SI-135,municipality,,,,46.3429502,15.9322379,Europe/Ljubljana,2019-10-05 21:48:58,2025-08-08 14:14:10,1,Q1002863
4301,Beltinci,201,SI,02,002,SI-002,municipality,,,,46.6079153,16.2365127,Europe/Ljubljana,2019-10-05 21:48:58,2025-08-08 14:14:11,1,Q778542
4302,Lukovica,201,SI,68,068,SI-068,municipality,,,,46.1696293,14.6907259,Europe/Ljubljana,2019-10-05 21:48:58,2025-08-08 14:14:13,1,Q946766
4303,Preddvor,201,SI,K5,095,SI-095,municipality,,,,46.3017139,14.4218165,Europe/Ljubljana,2019-10-05 21:48:58,2025-08-08 14:14:15,1,Q539864
4304,Destrnik,201,SI,G1,018,SI-018,municipality,,,,46.4922368,15.8777956,Europe/Ljubljana,2019-10-05 21:48:58,2025-08-08 14:14:16,1,Q570618
4305,Ivančna Gorica,201,SI,39,039,SI-039,municipality,,,,45.9395841,14.8047626,Europe/Ljubljana,2019-10-05 21:48:58,2025-08-08 14:14:18,1,Q1008048
4306,Log–Dragomer,201,SI,39,208,SI-208,municipality,,,,46.0178747,14.3687767,Europe/Ljubljana,2019-10-05 21:48:58,2025-08-08 14:14:20,1,Q1027089
4307,Žužemberk,201,SI,N8,193,SI-193,municipality,,,,45.8316083,14.9295491,Europe/Ljubljana,2019-10-05 21:48:58,2025-08-08 14:14:22,1,Q13377798
4308,Dobrova–Polhov Gradec,201,SI,G4,021,SI-021,municipality,,,,46.0648896,14.3168195,Europe/Ljubljana,2019-10-05 21:48:58,2025-08-08 14:14:23,1,Q1005208
4309,Cirkulane,201,SI,G4,196,SI-196,municipality,,,,46.3438075,15.9944724,Europe/Ljubljana,2019-10-05 21:48:58,2025-08-08 14:14:25,1,Q13370246
4310,Cerklje na Gorenjskem,201,SI,12,012,SI-012,municipality,,,,46.2517054,14.4857979,Europe/Ljubljana,2019-10-05 21:48:58,2025-08-08 14:14:27,1,Q859679
4311,Šentrupert,201,SI,P2,211,SI-211,municipality,,,,45.9771289,15.0914051,Europe/Ljubljana,2019-10-05 21:48:58,2025-08-08 14:14:29,1,Q3487128
4312,Tišina,201,SI,M6,010,SI-010,municipality,,,,46.6541884,16.0754781,Europe/Ljubljana,2019-10-05 21:48:58,2025-08-08 14:14:30,1,Q1276793
4313,Murska Sobota,201,SI,80,080,SI-080,urban municipality,,,,46.6624644,16.1655256,Europe/Ljubljana,2019-10-05 21:48:58,2025-08-08 14:14:32,1,Q9273677
4314,Krško,201,SI,54,054,SI-054,urban municipality,,,,45.9589609,15.4923555,Europe/Ljubljana,2019-10-05 21:48:58,2025-08-08 14:14:34,1,Q3484655
4315,Komen,201,SI,49,049,SI-049,municipality,,,,45.8175235,13.7482711,Europe/Ljubljana,2019-10-05 21:48:58,2025-08-08 14:14:36,1,Q15283322
4316,Škofja Loka,201,SI,B9,122,SI-122,municipality,,,,46.165274,14.3067474,Europe/Ljubljana,2019-10-05 21:48:58,2025-08-08 14:14:38,1,Q2318898
4317,Šempeter–Vrtojba,201,SI,L6,183,SI-183,municipality,,,,45.9178093,13.6517004,Europe/Ljubljana,2019-10-05 21:48:58,2025-08-08 14:27:58,1,Q391428
4318,Apače,201,SI,N9,195,SI-195,municipality,,,,46.6974679,15.9102534,Europe/Ljubljana,2019-10-05 21:48:58,2025-08-08 14:27:05,1,Q3278915
4319,Koper,201,SI,50,050,SI-050,urban municipality,,,,45.548059,13.7301877,Europe/Ljubljana,2019-10-05 21:48:58,2025-08-08 14:27:07,1,Q556203
4320,Odranci,201,SI,86,086,SI-086,municipality,,,,46.5901017,16.2788165,Europe/Ljubljana,2019-10-05 21:48:58,2025-08-08 14:27:09,1,Q924698
4321,Hrpelje–Kozina,201,SI,35,035,SI-035,municipality,,,,45.5623318,14.0125663,Europe/Ljubljana,2019-10-05 21:48:58,2025-08-08 14:27:11,1,Q556206
4322,Izola,201,SI,40,040,SI-040,municipality,,,,45.5398936,13.65939,Europe/Ljubljana,2019-10-05 21:48:58,2025-08-08 14:27:13,1,Q12042076
4323,Metlika,201,SI,73,073,SI-073,municipality,,,,45.6480715,15.3177838,Europe/Ljubljana,2019-10-05 21:48:58,2025-08-08 14:27:14,1,Q3441856
4324,Šentilj,201,SI,B3,118,SI-118,municipality,,,,46.6696034,15.7688306,Europe/Ljubljana,2019-10-05 21:48:58,2025-08-08 14:27:16,1,Q391446
4325,Kobilje,201,SI,47,047,SI-047,municipality,,,,46.68518,16.3936719,Europe/Ljubljana,2019-10-05 21:48:58,2025-08-08 14:27:18,1,Q927718
4326,Ankaran,201,SI,P9,213,SI-213,municipality,,,,45.578451,13.7369174,Europe/Ljubljana,2019-10-05 21:48:58,2025-08-08 14:27:19,1,Q12042075
4327,Hodoš,201,SI,H2,161,SI-161,municipality,,,,46.8314134,16.321068,Europe/Ljubljana,2019-10-05 21:48:58,2025-08-08 14:27:21,1,Q13365904
4328,Sveti Jurij v Slovenskih Goricah,201,SI,D1,210,SI-210,municipality,,,,46.6133355,15.7974141,Europe/Ljubljana,2019-10-05 21:48:58,2025-08-08 14:27:23,1,Q1008144
4329,Nazarje,201,SI,83,083,SI-083,municipality,,,,46.3205865,14.9487121,Europe/Ljubljana,2019-10-05 21:48:58,2025-08-08 14:27:25,1,Q954987
4330,Postojna,201,SI,94,094,SI-094,municipality,,,,45.774939,14.2134263,Europe/Ljubljana,2019-10-05 21:48:58,2025-08-08 14:27:26,1,Q2242799
4331,Kostel,201,SI,H9,165,SI-165,municipality,,,,45.5081362,14.9104871,Europe/Ljubljana,2019-10-05 21:48:58,2025-08-08 14:27:28,1,Q3434092
4332,Slovenska Bistrica,201,SI,L8,113,SI-113,municipality,,,,46.3919813,15.5727869,Europe/Ljubljana,2019-10-05 21:48:58,2025-08-08 14:27:30,1,Q11211457
4333,Straža,201,SI,P5,203,SI-203,municipality,,,,45.7836855,15.0730399,Europe/Ljubljana,2019-10-05 21:48:58,2025-08-08 14:27:31,1,Q1784972
4334,Trzin,201,SI,M8,186,SI-186,municipality,,,,46.1298241,14.5577637,Europe/Ljubljana,2019-10-05 21:48:58,2025-08-08 14:27:33,1,Q773160
4335,Kočevje,201,SI,H7,048,SI-048,municipality,,,,45.6428,14.8615838,Europe/Ljubljana,2019-10-05 21:48:58,2025-08-08 14:27:34,1,Q15884
4336,Grosuplje,201,SI,32,032,SI-032,municipality,,,,45.9557645,14.658899,Europe/Ljubljana,2019-10-05 21:48:58,2025-08-08 14:27:36,1,Q13377778
4337,Jesenice,201,SI,H4,041,SI-041,municipality,,,,46.4367047,14.0526057,Europe/Ljubljana,2019-10-05 21:48:58,2025-08-08 14:27:37,1,Q15881
4338,Laško,201,SI,57,057,SI-057,municipality,,,,46.1542236,15.2361491,Europe/Ljubljana,2019-10-05 21:48:58,2025-08-08 14:27:39,1,Q15887
4339,Gornji Grad,201,SI,30,030,SI-030,municipality,,,,46.2961712,14.8062347,Europe/Ljubljana,2019-10-05 21:48:58,2025-08-08 14:27:41,1,Q726548
4340,Kranjska Gora,201,SI,53,053,SI-053,municipality,,,,46.4845293,13.7857145,Europe/Ljubljana,2019-10-05 21:48:58,2025-08-08 14:27:43,1,Q507051
4341,Hrastnik,201,SI,34,034,SI-034,municipality,,,,46.1417288,15.0844894,Europe/Ljubljana,2019-10-05 21:48:58,2025-08-08 14:27:44,1,Q13377780
4342,Zreče,201,SI,F3,144,SI-144,municipality,,,,46.3716354,15.3900185,Europe/Ljubljana,2019-10-05 21:48:58,2025-08-08 14:27:46,1,Q227163
4343,Gornja Radgona,201,SI,29,029,SI-029,municipality,,,,46.6767099,15.9910847,Europe/Ljubljana,2019-10-05 21:48:58,2025-08-08 14:28:00,1,Q570397
4344,Ilirska Bistrica,201,SI,38,038,SI-038,municipality,,,,45.5636618,14.2453318,Europe/Ljubljana,2019-10-05 21:48:58,2025-08-08 14:28:01,1,Q13377784
4345,Dravograd,201,SI,25,025,SI-025,municipality,,,,46.589219,15.0246021,Europe/Ljubljana,2019-10-05 21:48:58,2025-08-08 14:28:03,1,Q3503123
4346,Semič,201,SI,B1,109,SI-109,municipality,,,,45.6520534,15.1820701,Europe/Ljubljana,2019-10-05 21:48:58,2025-08-08 14:28:05,1,Q1587704
4347,Litija,201,SI,I5,060,SI-060,municipality,,,,46.0573226,14.8309636,Europe/Ljubljana,2019-10-05 21:48:58,2025-08-08 14:28:07,1,Q15891
4348,Mengeš,201,SI,72,072,SI-072,municipality,,,,46.1659122,14.5719694,Europe/Ljubljana,2019-10-05 21:48:58,2025-08-08 14:28:09,1,Q15895
4349,Medvode,201,SI,71,071,SI-071,municipality,,,,46.141908,14.4032596,Europe/Ljubljana,2019-10-05 21:48:58,2025-08-08 14:28:10,1,Q15894
4350,Logatec,201,SI,64,064,SI-064,municipality,,,,45.917611,14.2351451,Europe/Ljubljana,2019-10-05 21:48:58,2025-08-08 14:28:12,1,Q15893
4351,Ljutomer,201,SI,I6,063,SI-063,municipality,,,,46.5190848,16.1893216,Europe/Ljubljana,2019-10-05 21:48:58,2025-08-08 14:28:13,1,Q15892
4352,Banská Bystrica,200,SK,01,BC,SK-BC,region,,,,48.7383895,19.1585805,Europe/Bratislava,2019-10-05 21:48:58,2025-08-08 14:28:15,1,Q183640
4353,Košice,200,SK,03,KI,SK-KI,region,,,,48.7172272,21.2496774,Europe/Bratislava,2019-10-05 21:48:58,2025-08-08 14:28:17,1,Q186295
4354,Prešov,200,SK,05,PV,SK-PV,region,,,,49.1117685,21.1875978,Europe/Bratislava,2019-10-05 21:48:58,2025-08-08 14:28:18,1,Q189001
4355,Trnava,200,SK,07,TA,SK-TA,region,,,,48.3767652,17.5858175,Europe/Bratislava,2019-10-05 21:48:58,2025-08-08 14:28:20,1,Q181342
4356,Bratislava,200,SK,02,BL,SK-BL,region,,,,48.1557669,17.1314203,Europe/Bratislava,2019-10-05 21:48:58,2025-08-08 14:28:22,1,Q183498
4357,Nitra,200,SK,04,NI,SK-NI,region,,,,48.31295,18.0894593,Europe/Bratislava,2019-10-05 21:48:58,2025-08-08 14:28:23,1,Q184548
4358,Trenčín,200,SK,06,TC,SK-TC,region,,,,48.913803,18.0931197,Europe/Bratislava,2019-10-05 21:48:58,2025-08-08 14:28:25,1,Q183139
4359,Žilina,200,SK,08,ZI,SK-ZI,region,,,,49.1775455,19.205818,Europe/Bratislava,2019-10-05 21:48:58,2025-08-08 14:28:27,1,Q184228
4360,Cimișlia,144,MD,68,CM,MD-CM,district,,,,46.5250851,28.7721835,Europe/Chisinau,2019-10-05 21:48:58,2025-08-08 14:28:29,1,Q286646
4361,Orhei,144,MD,82,OR,MD-OR,district,,,,47.38604,28.8303082,Europe/Chisinau,2019-10-05 21:48:59,2025-08-08 14:28:31,1,Q2112462
4362,Bender,144,MD,62,BD,MD-BD,city,,,,46.8227551,29.4620101,Europe/Chisinau,2019-10-05 21:48:59,2025-08-08 14:28:32,1,Q18088065
4363,Nisporeni,144,MD,80,NI,MD-NI,district,,,,47.0751349,28.1768155,Europe/Chisinau,2019-10-05 21:48:59,2025-08-08 14:28:34,1,Q878266
4364,Sîngerei,144,MD,85,SI,MD-SI,district,,,,47.6389134,28.1371816,Europe/Chisinau,2019-10-05 21:48:59,2025-08-08 14:28:35,1,Q1796621
4365,Căușeni,144,MD,67,CS,MD-CS,district,,,,46.6554715,29.4091222,Europe/Chisinau,2019-10-05 21:48:59,2025-08-08 14:28:37,1,Q2128869
4366,Călărași,144,MD,66,CL,MD-CL,district,,,,47.2705086,28.2875685,Europe/Chisinau,2019-10-05 21:48:59,2025-08-08 14:28:39,1,Q2128868
4367,Glodeni,144,MD,76,GL,MD-GL,district,,,,47.7790156,27.516801,Europe/Chisinau,2019-10-05 21:48:59,2025-08-08 14:28:41,1,Q860716
4368,Anenii Noi,144,MD,59,AN,MD-AN,district,,,,46.8795663,29.2312175,Europe/Chisinau,2019-10-05 21:48:59,2025-08-08 15:01:18,1,Q769224
4369,Ialoveni,144,MD,78,IA,MD-IA,district,,,,46.94376,28.7767232,Europe/Chisinau,2019-10-05 21:48:59,2025-08-08 15:01:20,1,Q2128964
4370,Florești,144,MD,75,FL,MD-FL,district,,,,47.8991479,28.3132612,Europe/Chisinau,2019-10-05 21:48:59,2025-08-08 15:01:21,1,Q865726
4371,Telenești,144,MD,91,TE,MD-TE,district,,,,47.4983962,28.3676019,Europe/Chisinau,2019-10-05 21:48:59,2025-08-08 15:01:23,1,Q2129025
4372,Taraclia,144,MD,90,TA,MD-TA,district,,,,45.898651,28.6671644,Europe/Chisinau,2019-10-05 21:48:59,2025-08-08 15:01:25,1,Q865884
4373,Chișinău,144,MD,57,CU,MD-CU,city,,,,47.0245117,28.8322923,Europe/Chisinau,2019-10-05 21:48:59,2025-08-08 15:01:26,1,Q17176229
4374,Soroca,144,MD,87,SO,MD-SO,district,,,,48.1549743,28.2870783,Europe/Chisinau,2019-10-05 21:48:59,2025-08-08 15:01:28,1,Q2129022
4375,Briceni,144,MD,63,BR,MD-BR,district,,,,48.3632022,27.0750398,Europe/Chisinau,2019-10-05 21:48:59,2025-08-08 15:01:30,1,Q753795
4376,Rîșcani,144,MD,84,RI,MD-RI,district,,,,47.9535987,27.5514453,Europe/Chisinau,2019-10-05 21:48:59,2025-08-08 15:01:31,1,Q611656
4377,Strășeni,144,MD,89,ST,MD-ST,district,,,,47.1450267,28.6136736,Europe/Chisinau,2019-10-05 21:48:59,2025-08-08 15:01:33,1,Q878308
4378,Ștefan Vodă,144,MD,88,SV,MD-SV,district,,,,46.5160024,29.6644973,Europe/Chisinau,2019-10-05 21:48:59,2025-08-08 15:01:34,1,Q2129061
4379,Basarabeasca,144,MD,61,BS,MD-BS,district,,,,46.3985242,28.9022084,Europe/Chisinau,2019-10-05 21:48:59,2025-08-08 15:01:36,1,Q1980044
4380,Cantemir,144,MD,65,CT,MD-CT,district,,,,46.2771742,28.2009653,Europe/Chisinau,2019-10-05 21:48:59,2025-08-08 15:01:38,1,Q684183
4381,Fălești,144,MD,74,FA,MD-FA,district,,,,47.5735141,27.7068016,Europe/Chisinau,2019-10-05 21:48:59,2025-08-08 15:01:40,1,Q878375
4382,Hîncești,144,MD,77,HI,MD-HI,district,,,,46.8281147,28.5850889,Europe/Chisinau,2019-10-05 21:48:59,2025-08-08 15:01:41,1,Q878297
4383,Dubăsari,144,MD,72,DU,MD-DU,district,,,,47.2643942,29.1550348,Europe/Chisinau,2019-10-05 21:48:59,2025-08-08 15:01:43,1,Q878278
4384,Dondușeni,144,MD,70,DO,MD-DO,district,,,,48.2338305,27.5998087,Europe/Chisinau,2019-10-05 21:48:59,2025-08-08 15:01:44,1,Q1061128
4385,Gagauzia,144,MD,51,GA,MD-GA,autonomous territorial unit,,,,46.2070204,28.7636281,Europe/Chisinau,2019-10-05 21:48:59,2025-08-08 15:01:46,1,Q164819
4386,Ungheni,144,MD,92,UN,MD-UN,district,,,,47.2059965,27.798917,Europe/Chisinau,2019-10-05 21:48:59,2025-08-08 15:01:48,1,Q854443
4387,Edineț,144,MD,73,ED,MD-ED,district,,,,48.1678991,27.2936143,Europe/Chisinau,2019-10-05 21:48:59,2025-08-08 15:01:49,1,Q878290
4388,Șoldănești,144,MD,86,SD,MD-SD,district,,,,47.8147389,28.7889586,Europe/Chisinau,2019-10-05 21:48:59,2025-08-08 15:01:51,1,Q865639
4389,Ocnița,144,MD,81,OC,MD-OC,district,,,,48.4110435,27.4768092,Europe/Chisinau,2019-10-05 21:48:59,2025-08-08 15:01:53,1,Q266444
4390,Criuleni,144,MD,69,CR,MD-CR,district,,,,47.2136114,29.1557519,Europe/Chisinau,2019-10-05 21:48:59,2025-08-08 15:01:55,1,Q2128862
4391,Cahul,144,MD,64,CA,MD-CA,district,,,,45.9044087,28.1946583,Europe/Chisinau,2019-10-05 21:48:59,2025-08-08 15:01:56,1,Q2128882
4392,Drochia,144,MD,71,DR,MD-DR,district,,,,48.1128441,27.8095419,Europe/Chisinau,2019-10-05 21:48:59,2025-08-08 15:01:58,1,Q865594
4393,Bălți,144,MD,60,BA,MD-BA,city,,,,47.7647136,27.919916,Europe/Chisinau,2019-10-05 21:48:59,2025-08-08 15:01:59,1,Q29017181
4394,Rezina,144,MD,83,RE,MD-RE,district,,,,47.7489209,28.9565739,Europe/Chisinau,2019-10-05 21:48:59,2025-08-08 15:02:01,1,Q878317
4395,Transnistria,144,MD,58,SN,MD-SN,territorial unit,,,,47.7598678,29.1176055,Europe/Chisinau,2019-10-05 21:48:59,2025-08-08 15:02:03,1,Q648767
4400,Gulbene,120,LV,09,033,LV-033,municipality,,,,57.1759721,26.7514713,Europe/Riga,2019-10-05 21:48:59,2025-08-08 15:02:04,1,Q209187
4401,Līvāni,120,LV,90,056,LV-056,municipality,,,,56.3550942,26.172519,Europe/Riga,2019-10-05 21:48:59,2025-08-08 15:02:06,1,Q2277489
4402,Salaspils,120,LV,C3,087,LV-087,municipality,,,,56.8608152,24.3497881,Europe/Riga,2019-10-05 21:48:59,2025-08-08 15:02:07,1,Q2140753
4403,Ventspils,120,LV,33,106,LV-106,municipality,,,,57.3903918,21.5635991,Europe/Riga,2019-10-05 21:48:59,2025-08-08 15:02:09,1,Q1345325
4409,Tukums,120,LV,29,099,LV-099,municipality,,,,56.9672868,23.1524379,Europe/Riga,2019-10-05 21:48:59,2025-08-08 15:02:11,1,Q369007
4416,Ogre,120,LV,21,067,LV-067,municipality,,,,56.8147355,24.6044555,Europe/Riga,2019-10-05 21:48:59,2025-08-08 15:02:13,1,Q2321579
4417,Olaine,120,LV,A2,068,LV-068,municipality,,,,56.7905906,23.9331981,Europe/Riga,2019-10-05 21:48:59,2025-08-08 15:02:14,1,Q2451375
4418,Limbaži,120,LV,18,054,LV-054,municipality,,,,57.5146586,24.7131536,Europe/Riga,2019-10-05 21:48:59,2025-08-08 15:02:16,1,Q1579076
4421,Ventspils,120,LV,32,VEN,LV-VEN,state city,,,,57.3903918,21.5635991,Europe/Riga,2019-10-05 21:48:59,2025-08-08 15:02:18,1,Q104036
4424,Jelgava,120,LV,12,041,LV-041,municipality,,,,56.6514394,23.7339143,Europe/Riga,2019-10-05 21:48:59,2025-08-08 15:02:20,1,Q1579113
4425,Valka,120,LV,30,101,LV-101,municipality,,,,57.77439,26.017005,Europe/Riga,2019-10-05 21:48:59,2025-08-08 15:02:22,1,Q1945263
4431,Varakļāni,120,LV,E1,102,LV-102,municipality,,,,56.6088743,26.7539093,Europe/Riga,2019-10-05 21:48:59,2025-08-08 15:02:23,1,Q432596
4433,Madona,120,LV,20,059,LV-059,municipality,,,,56.8517467,26.2184769,Europe/Riga,2019-10-05 21:48:59,2025-08-08 15:02:25,1,Q2198472
4435,Ķekava,120,LV,80,052,LV-052,municipality,,,,56.8258465,24.2208128,Europe/Riga,2019-10-05 21:48:59,2025-08-08 15:02:26,1,Q2268947
4437,Dobele,120,LV,08,026,LV-026,municipality,,,,56.626305,23.2809066,Europe/Riga,2019-10-05 21:48:59,2025-08-08 15:02:28,1,Q519580
4438,Jēkabpils,120,LV,10,042,LV-042,municipality,,,,56.4958638,25.8687747,Europe/Riga,2019-10-05 21:48:59,2025-08-08 15:02:30,1,Q1579101
4439,Saldus,120,LV,27,088,LV-088,municipality,,,,56.6665088,22.4935493,Europe/Riga,2019-10-05 21:48:59,2025-08-08 15:02:32,1,Q2299261
4443,Saulkrasti,120,LV,C5,089,LV-089,municipality,,,,57.2579418,24.4183146,Europe/Riga,2019-10-05 21:48:59,2025-08-08 15:02:33,1,Q371429
4446,Jūrmala,120,LV,13,JUR,LV-JUR,state city,,,,56.9727164,23.7886979,Europe/Riga,2019-10-05 21:48:59,2025-08-08 15:02:35,1,Q178382
4450,Mārupe,120,LV,95,062,LV-062,municipality,,,,56.8965717,24.0460049,Europe/Riga,2019-10-05 21:48:59,2025-08-08 15:02:37,1,Q2232018
4454,Ādaži,120,LV,53,011,LV-011,municipality,,,,57.0874671,24.3195797,Europe/Riga,2019-10-05 21:48:59,2025-08-08 15:02:38,1,Q97233421
4455,Rēzekne,120,LV,53,077,LV-077,municipality,,,,56.506281,27.3306623,Europe/Riga,2019-10-05 21:48:59,2025-08-08 15:02:40,1,Q1518841
4459,Talsi,120,LV,28,097,LV-097,municipality,,,,57.2451926,22.5903003,Europe/Riga,2019-10-05 21:48:59,2025-08-08 15:02:42,1,Q2302964
4460,Liepāja,120,LV,16,LPX,LV-LPX,state city,,,,56.5046678,21.010806,Europe/Riga,2019-10-05 21:48:59,2025-08-08 15:02:44,1,Q167668
4462,Smiltene,120,LV,D1,094,LV-094,municipality,,,,57.4230332,25.900278,Europe/Riga,2019-10-05 21:48:59,2025-08-08 15:02:45,1,Q1959984
4463,Daugavpils,120,LV,06,DGV,LV-DGV,state city,,,,55.8712267,26.5159337,Europe/Riga,2019-10-05 21:48:59,2025-08-08 15:02:47,1,Q80021
4465,Bauska,120,LV,04,016,LV-016,municipality,,,,56.4101868,24.2000689,Europe/Riga,2019-10-05 21:48:59,2025-08-08 15:02:49,1,Q2365998
4469,Cēsis,120,LV,05,022,LV-022,municipality,,,,57.3102897,25.2676125,Europe/Riga,2019-10-05 21:48:59,2025-08-08 15:02:51,1,Q1989164
4472,Aizkraukle,120,LV,01,002,LV-002,municipality,,,,56.6166708,25.2230643,Europe/Riga,2019-10-05 21:48:59,2025-08-08 15:02:52,1,Q865676
4473,Valmiera,120,LV,31,113,LV-113,municipality,,,,57.5384659,25.4263618,Europe/Riga,2019-10-05 21:48:59,2025-08-08 15:02:54,1,Q108037
4474,Krāslava,120,LV,14,047,LV-047,municipality,,,,55.895206,27.1619304,Europe/Riga,2019-10-05 21:48:59,2025-08-08 15:02:56,1,Q1831695
4476,Sigulda,120,LV,C7,091,LV-091,municipality,,,,57.1540561,24.8567141,Europe/Riga,2019-10-05 21:48:59,2025-08-08 15:02:58,1,Q2299251
4483,Preiļi,120,LV,22,073,LV-073,municipality,,,,56.2937366,26.7266734,Europe/Riga,2019-10-05 21:48:59,2025-08-08 15:02:59,1,Q2277469
4487,Alūksne,120,LV,02,007,LV-007,municipality,,,,57.4254485,27.0424968,Europe/Riga,2019-10-05 21:48:59,2025-08-08 15:03:01,1,Q3393445
4490,Kuldīga,120,LV,15,050,LV-050,municipality,,,,56.9687257,21.9613739,Europe/Riga,2019-10-05 21:48:59,2025-08-08 15:03:03,1,Q2337188
4491,Riga,120,LV,25,RIX,LV-RIX,state city,,,,56.9496487,24.1051865,Europe/Riga,2019-10-05 21:48:59,2025-08-08 15:03:05,1,Q1773
4492,Augšdaugava,120,LV,07,111,LV-111,municipality,,,,55.8561323,27.0458076,Europe/Riga,2019-10-05 21:48:59,2025-08-08 15:03:07,1,Q97230083
4493,Ropaži,120,LV,B5,080,LV-080,municipality,,,,56.9713771,24.6307233,Europe/Riga,2019-10-05 21:48:59,2025-08-08 15:03:08,1,Q11068461
4500,Jelgava,120,LV,11,JEL,LV-JEL,state city,,,,56.6514394,23.7339143,Europe/Riga,2019-10-05 21:48:59,2025-08-08 15:03:10,1,Q179830
4501,Ludza,120,LV,19,058,LV-058,municipality,,,,56.545959,27.7143199,Europe/Riga,2019-10-05 21:48:59,2025-08-08 15:03:12,1,Q932445
4505,Balvi,120,LV,03,015,LV-015,municipality,,,,57.132624,27.2646685,Europe/Riga,2019-10-05 21:48:59,2025-08-08 15:03:14,1,Q2018672
4508,Dienvidkurzemes,120,LV,D7,112,LV-112,municipality,,,,56.5224575,21.4595894,Europe/Riga,2019-10-05 21:48:59,2025-08-08 15:03:16,1,Q97230452
4509,Rēzekne,120,LV,23,REZ,LV-REZ,state city,,,,56.506281,27.3306623,Europe/Riga,2019-10-05 21:48:59,2025-08-08 15:03:17,1,Q180379
4514,Viqueque,63,TL,VI,VI,TL-VI,municipality,,,,-8.8597918,126.3633516,Asia/Dili,2019-10-05 21:48:59,2025-08-08 15:03:19,1,Q610726
4515,Liquiçá,63,TL,LI,LI,TL-LI,municipality,,,,-8.655061,125.2751452,Asia/Dili,2019-10-05 21:48:59,2025-08-08 15:03:20,1,Q860897
4516,Ermera,63,TL,ER,ER,TL-ER,municipality,,,,-8.765625,125.4215713,Asia/Dili,2019-10-05 21:48:59,2025-08-08 15:03:22,1,Q668171
4517,Manatuto,63,TL,MT,MT,TL-MT,municipality,,,,-8.5155608,126.0159255,Asia/Dili,2019-10-05 21:48:59,2025-08-08 15:03:23,1,Q860630
4518,Ainaro,63,TL,AN,AN,TL-AN,municipality,,,,-8.9969021,125.50482,Asia/Dili,2019-10-05 21:48:59,2025-08-08 15:03:25,1,Q405926
4519,Manufahi,63,TL,MF,MF,TL-MF,municipality,,,,-8.96666,125.7810921,Asia/Dili,2019-10-05 21:48:59,2025-08-08 15:03:27,1,Q629934
4520,Aileu,63,TL,AL,AL,TL-AL,municipality,,,,-8.7049799,125.6625518,Asia/Dili,2019-10-05 21:48:59,2025-08-08 15:03:29,1,Q405100
4521,Baucau,63,TL,BA,BA,TL-BA,municipality,,,,-8.4714308,126.4575991,Asia/Dili,2019-10-05 21:48:59,2025-08-08 15:03:31,1,Q811132
4522,Cova Lima,63,TL,CO,CO,TL-CO,municipality,,,,-9.2352985,125.2329359,Asia/Dili,2019-10-05 21:48:59,2025-08-08 15:03:32,1,Q165575
4523,Lautém,63,TL,LA,LA,TL-LA,municipality,,,,-8.4335127,126.8258738,Asia/Dili,2019-10-05 21:48:59,2025-08-08 15:03:34,1,Q686554
4524,Dili,63,TL,DI,DI,TL-DI,municipality,,,,-8.5536809,125.5784093,Asia/Dili,2019-10-05 21:48:59,2025-08-08 15:03:35,1,Q860901
4525,Bobonaro,63,TL,BO,BO,TL-BO,municipality,,,,-8.974555,125.2306505,Asia/Dili,2019-10-05 21:48:59,2025-08-08 15:03:37,1,Q860913
4526,Peleliu,168,PW,15,350,PW-350,state,,,,7.0113797,134.246065,Pacific/Palau,2019-10-05 21:48:59,2025-08-08 15:03:39,1,Q497981
4527,Ngardmau,168,PW,10,222,PW-222,state,,,,7.726789,134.2765486,Etc/GMT-9,2019-10-05 21:48:59,2025-08-08 15:03:40,1,Q1144496
4528,Airai,168,PW,02,004,PW-004,state,,,,7.3599342,134.5601154,Pacific/Palau,2019-10-05 21:48:59,2025-08-08 15:03:42,1,Q407967
4529,Hatohobei,168,PW,04,050,PW-050,state,,,,3.0070658,131.1237781,Pacific/Palau,2019-10-05 21:48:59,2025-08-08 15:03:43,1,Q3516752
4530,Melekeok,168,PW,07,212,PW-212,state,,,,7.4726013,134.7548743,Etc/GMT-9,2019-10-05 21:48:59,2025-08-08 15:03:45,1,Q12898552
4531,Ngatpang,168,PW,11,224,PW-224,state,,,,7.6117591,134.1799732,Etc/GMT-9,2019-10-05 21:48:59,2025-08-08 15:03:47,1,Q430385
4532,Koror,168,PW,06,150,PW-150,state,,,,7.3337487,134.4762806,Pacific/Palau,2019-10-05 21:48:59,2025-08-08 15:03:49,1,Q189426
4533,Ngarchelong,168,PW,09,218,PW-218,state,,,,7.8467235,134.4733014,Etc/GMT-9,2019-10-05 21:48:59,2025-08-08 15:03:50,1,Q1070185
4534,Ngiwal,168,PW,14,228,PW-228,state,,,,7.5407316,134.7298202,Etc/GMT-9,2019-10-05 21:48:59,2025-08-08 15:03:52,1,Q1154101
4535,Sonsorol,168,PW,16,370,PW-370,state,,,,5.3268119,132.2239117,Pacific/Palau,2019-10-05 21:48:59,2025-08-08 15:03:54,1,Q866699
4536,Ngchesar,168,PW,12,226,PW-226,state,,,,7.417716,134.7114947,Etc/GMT-9,2019-10-05 21:48:59,2025-08-08 15:03:55,1,Q1070180
4537,Ngaraard,168,PW,08,214,PW-214,state,,,,7.6424529,134.7328064,Etc/GMT-9,2019-10-05 21:48:59,2025-08-08 15:03:57,1,Q1154127
4538,Angaur,168,PW,03,010,PW-010,state,,,,6.909223,134.1387934,Pacific/Palau,2019-10-05 21:48:59,2025-08-08 15:03:59,1,Q530813
4539,Kayangel,168,PW,05,100,PW-100,state,,,,8.0822491,134.7189633,Pacific/Palau,2019-10-05 21:48:59,2025-08-08 15:04:01,1,Q871222
4540,Aimeliik,168,PW,01,002,PW-002,state,,,,7.5651497,134.1469665,Etc/GMT-9,2019-10-05 21:48:59,2025-08-08 15:04:03,1,Q405589
4541,Ngeremlengui,168,PW,13,227,PW-227,state,,,,7.6590207,134.2120044,Etc/GMT-9,2019-10-05 21:48:59,2025-08-08 15:04:05,1,Q975076
4542,Břeclav,58,CZ,13,644,CZ-644,district,1,4602,,48.75314,16.8825169,Europe/Prague,2019-10-05 21:48:59,2025-08-08 15:04:07,1,Q582488
4543,Český Krumlov,58,CZ,79,312,CZ-312,district,1,4639,,48.8127354,14.3174657,Europe/Prague,2019-10-05 21:48:59,2025-08-08 15:04:09,1,Q605208
4544,Plzeň-město,58,CZ,87,323,CZ-323,district,1,4607,,49.7477415,13.3775249,Europe/Prague,2019-10-05 21:48:59,2025-08-08 15:04:10,1,Q1080673
4545,Brno-venkov,58,CZ,87,643,CZ-643,district,1,4602,,49.1761838,16.3881643,Europe/Prague,2019-10-05 21:48:59,2025-08-08 15:04:11,1,Q286787
4546,Příbram,58,CZ,87,20B,CZ-20B,district,1,4554,,49.6901444,14.0103663,Europe/Prague,2019-10-05 21:49:00,2025-08-08 15:04:13,1,Q852457
4547,Pardubice,58,CZ,87,532,CZ-532,district,1,4588,,50.0385812,15.7791356,Europe/Prague,2019-10-05 21:49:00,2025-08-08 15:04:15,1,Q838301
4548,Nový Jičín,58,CZ,87,804,CZ-804,district,1,4600,,49.5943251,18.0135356,Europe/Prague,2019-10-05 21:49:00,2025-08-08 15:04:17,1,Q517427
4550,Náchod,58,CZ,87,523,CZ-523,district,1,4614,,50.4145722,16.1656347,Europe/Prague,2019-10-05 21:49:00,2025-08-08 15:04:19,1,Q838308
4551,Prostějov,58,CZ,87,713,CZ-713,district,1,4589,,49.4721467,17.1117979,Europe/Prague,2019-10-05 21:49:00,2025-08-08 15:04:21,1,Q837629
4552,Zlínský kraj,58,CZ,90,72,CZ-72,region,,,,49.19692,17.6460916,Europe/Prague,2019-10-05 21:49:00,2025-08-08 15:04:22,1,Q192536
4553,Chomutov,58,CZ,90,422,CZ-422,district,1,4576,,50.4606456,13.4178324,Europe/Prague,2019-10-05 21:49:00,2025-08-08 15:04:24,1,Q161094
4554,Středočeský kraj,58,CZ,88,20,CZ-20,region,,,,50.0601579,13.8307479,Europe/Prague,2019-10-05 21:49:00,2025-08-08 15:04:26,1,Q188399
4556,České Budějovice,58,CZ,88,311,CZ-311,district,1,4639,,48.9747357,14.474285,Europe/Prague,2019-10-05 21:49:00,2025-08-08 15:04:28,1,Q753120
4558,Rakovník,58,CZ,88,20C,CZ-20C,district,1,4554,,50.106123,13.7396623,Europe/Prague,2019-10-05 21:49:00,2025-08-08 15:04:30,1,Q338296
4559,Frýdek-Místek,58,CZ,88,802,CZ-802,district,1,4600,,49.685635,18.3483416,Europe/Prague,2019-10-05 21:49:00,2025-08-08 15:04:32,1,Q175781
4560,Písek,58,CZ,88,314,CZ-314,district,1,4639,,49.3089887,14.147769,Europe/Prague,2019-10-05 21:49:00,2025-08-08 15:04:34,1,Q594929
4561,Hodonín,58,CZ,88,645,CZ-645,district,1,4602,,48.8529391,17.1260025,Europe/Prague,2019-10-05 21:49:00,2025-08-08 15:04:35,1,Q637425
4563,Zlín,58,CZ,90,724,CZ-724,district,1,4552,,49.226766,17.6667415,Europe/Prague,2019-10-05 21:49:00,2025-08-08 15:04:37,1,Q262111
4564,Plzeň-sever,58,CZ,87,325,CZ-325,district,1,4607,,49.8814234,13.2812881,Europe/Prague,2019-10-05 21:49:00,2025-08-08 15:04:38,1,Q266036
4565,Tábor,58,CZ,87,317,CZ-317,district,1,4639,,49.4141533,14.6587234,Europe/Prague,2019-10-05 21:49:00,2025-08-08 15:04:40,1,Q117503
4568,Brno-město,58,CZ,87,642,CZ-642,district,1,4602,,49.1950602,16.6068371,Europe/Prague,2019-10-05 21:49:00,2025-08-08 15:04:42,1,Q850531
4571,Svitavy,58,CZ,87,533,CZ-533,district,1,4588,,49.7551629,16.4691861,Europe/Prague,2019-10-05 21:49:00,2025-08-08 15:04:43,1,Q852438
4572,Vsetín,58,CZ,87,723,CZ-723,district,1,4552,,49.3389775,17.9961534,Europe/Prague,2019-10-05 21:49:00,2025-08-08 15:04:45,1,Q852541
4573,Cheb,58,CZ,87,411,CZ-411,district,1,4581,,50.0795334,12.3698636,Europe/Prague,2019-10-05 21:49:00,2025-08-08 15:04:47,1,Q628280
4574,Olomouc,58,CZ,84,712,CZ-712,district,1,4589,,49.593778,17.2508787,Europe/Prague,2019-10-05 21:49:00,2025-08-08 15:04:49,1,Q375466
4575,Kraj Vysočina,58,CZ,80,63,CZ-63,region,,,,49.3994098,15.5704683,Europe/Prague,2019-10-05 21:49:00,2025-08-08 15:04:50,1,Q190930
4576,Ústecký kraj,58,CZ,89,42,CZ-42,region,,,,50.5663266,13.8206705,Europe/Prague,2019-10-05 21:49:00,2025-08-08 15:04:52,1,Q192702
4578,Prachatice,58,CZ,89,315,CZ-315,district,1,4639,,49.01091,14.0000005,Europe/Prague,2019-10-05 21:49:00,2025-08-08 15:04:54,1,Q385016
4579,Trutnov,58,CZ,89,525,CZ-525,district,1,4614,,50.5653838,15.9090923,Europe/Prague,2019-10-05 21:49:00,2025-08-08 15:04:56,1,Q517734
4580,Hradec Králové,58,CZ,82,521,CZ-521,district,1,4614,,50.2092113,15.8327512,Europe/Prague,2019-10-05 21:49:00,2025-08-08 15:04:58,1,Q176082
4581,Karlovarský kraj,58,CZ,81,41,CZ-41,region,,,,50.1753532,12.8060863,Europe/Prague,2019-10-05 21:49:00,2025-08-08 15:05:00,1,Q191091
4582,Nymburk,58,CZ,81,208,CZ-208,district,1,4554,,50.1855816,15.0436604,Europe/Prague,2019-10-05 21:49:00,2025-08-08 15:05:02,1,Q852491
4583,Rokycany,58,CZ,81,326,CZ-326,district,1,4607,,49.8002414,13.6474577,Europe/Prague,2019-10-05 21:49:00,2025-08-08 15:05:03,1,Q643400
4584,Ostrava-město,58,CZ,81,806,CZ-806,district,1,4600,,49.8349139,18.2820084,Europe/Prague,2019-10-05 21:49:00,2025-08-08 15:05:05,1,Q918108
4586,Karviná,58,CZ,81,803,CZ-803,district,1,4600,,49.8566524,18.5432186,Europe/Prague,2019-10-05 21:49:00,2025-08-08 15:05:07,1,Q852496
4588,Pardubický kraj,58,CZ,86,53,CZ-53,region,,,,49.889819,16.1283254,Europe/Prague,2019-10-05 21:49:00,2025-08-08 15:05:09,1,Q193317
4589,Olomoucký kraj,58,CZ,84,71,CZ-71,region,,,,49.8591058,16.9561267,Europe/Prague,2019-10-05 21:49:00,2025-08-08 15:05:10,1,Q193307
4590,Liberec,58,CZ,83,513,CZ-513,district,1,4601,,50.7702648,15.0583947,Europe/Prague,2019-10-05 21:49:00,2025-08-08 15:05:12,1,Q739824
4591,Klatovy,58,CZ,83,322,CZ-322,district,1,4607,,49.3955549,13.2950937,Europe/Prague,2019-10-05 21:49:00,2025-08-08 15:05:14,1,Q838341
4592,Uherské Hradiště,58,CZ,83,722,CZ-722,district,1,4552,,49.0681018,17.4663899,Europe/Prague,2019-10-05 21:49:00,2025-08-08 15:05:16,1,Q277873
4593,Kroměříž,58,CZ,83,721,CZ-721,district,1,4552,,49.2916582,17.39938,Europe/Prague,2019-10-05 21:49:00,2025-08-08 15:05:18,1,Q852532
4595,Sokolov,58,CZ,83,413,CZ-413,district,1,4581,,50.1809097,12.6394986,Europe/Prague,2019-10-05 21:49:00,2025-08-08 15:05:19,1,Q833856
4596,Semily,58,CZ,83,514,CZ-514,district,1,4601,,50.6051576,15.3281409,Europe/Prague,2019-10-05 21:49:00,2025-08-08 15:05:21,1,Q663532
4597,Třebíč,58,CZ,83,634,CZ-634,district,1,4575,,49.2147869,15.8795516,Europe/Prague,2019-10-05 21:49:00,2025-08-08 15:05:23,1,Q856857
4598,"Praha, Hlavní město",58,CZ,52,10,CZ-10,capital city,,,,50.0596288,14.4464593,Europe/Prague,2019-10-05 21:49:00,2025-08-08 15:05:25,1,Q1085
4599,Ústí nad Labem,58,CZ,52,427,CZ-427,district,1,4576,,50.6603327,14.0381357,Europe/Prague,2019-10-05 21:49:00,2025-08-08 15:05:27,1,Q852480
4600,Moravskoslezský kraj,58,CZ,85,80,CZ-80,region,,,,49.860275,18.0386541,Europe/Prague,2019-10-05 21:49:00,2025-08-08 15:05:29,1,Q190550
4601,Liberecký kraj,58,CZ,83,51,CZ-51,region,,,,50.747604,14.9903103,Europe/Prague,2019-10-05 21:49:00,2025-08-08 15:05:31,1,Q193266
4602,Jihomoravský kraj,58,CZ,78,64,CZ-64,region,,,,49.1249179,16.6827716,Europe/Prague,2019-10-05 21:49:00,2025-08-08 15:05:32,1,Q192697
4604,Karlovy Vary,58,CZ,78,412,CZ-412,district,1,4581,,50.2306216,12.8701437,Europe/Prague,2019-10-05 21:49:00,2025-08-08 15:05:34,1,Q757240
4605,Litoměřice,58,CZ,78,423,CZ-423,district,1,4576,,50.5384197,14.1305458,Europe/Prague,2019-10-05 21:49:00,2025-08-08 15:05:37,1,Q383415
4606,Praha-východ,58,CZ,78,209,CZ-209,district,1,4554,,50.0828112,14.7192179,Europe/Prague,2019-10-05 21:49:00,2025-08-08 15:05:38,1,Q645376
4607,Plzeňský kraj,58,CZ,87,32,CZ-32,region,,,,49.5228102,13.2063118,Europe/Prague,2019-10-05 21:49:00,2025-08-08 15:05:40,1,Q46070
4608,Plzeň-jih,58,CZ,87,324,CZ-324,district,1,4607,,49.5522421,13.4342614,Europe/Prague,2019-10-05 21:49:00,2025-08-08 15:05:41,1,Q909754
4609,Děčín,58,CZ,87,421,CZ-421,district,1,4576,,50.7824196,14.2147221,Europe/Prague,2019-10-05 21:49:00,2025-08-08 15:05:43,1,Q852525
4611,Havlíčkův Brod,58,CZ,87,631,CZ-631,district,1,4575,,49.6043364,15.5796552,Europe/Prague,2019-10-05 21:49:00,2025-08-08 15:05:45,1,Q368105
4612,Jablonec nad Nisou,58,CZ,87,512,CZ-512,district,1,4601,,50.7220528,15.1703135,Europe/Prague,2019-10-05 21:49:00,2025-08-08 15:05:47,1,Q837639
4613,Jihlava,58,CZ,87,632,CZ-632,district,1,4575,,49.3983782,15.5870415,Europe/Prague,2019-10-05 21:49:00,2025-08-08 15:05:49,1,Q852472
4614,Královéhradecký kraj,58,CZ,82,52,CZ-52,region,,,,50.4093927,15.6850054,Europe/Prague,2019-10-05 21:49:00,2025-08-08 15:05:51,1,Q193295
4615,Blansko,58,CZ,82,641,CZ-641,district,1,4602,,49.3648502,16.6477552,Europe/Prague,2019-10-05 21:49:00,2025-08-08 15:05:52,1,Q804356
4617,Louny,58,CZ,82,424,CZ-424,district,1,4576,,50.3539812,13.8033551,Europe/Prague,2019-10-05 21:49:00,2025-08-08 15:05:54,1,Q838292
4618,Kolín,58,CZ,82,204,CZ-204,district,1,4554,,50.0288894,15.2011571,Europe/Prague,2019-10-05 21:49:00,2025-08-08 15:05:56,1,Q847318
4619,Praha-západ,58,CZ,82,20A,CZ-20A,district,1,4554,,49.998442,14.2634283,Europe/Prague,2019-10-05 21:49:00,2025-08-08 15:05:58,1,Q302778
4620,Beroun,58,CZ,82,202,CZ-202,district,1,4554,,49.9640292,14.0733907,Europe/Prague,2019-10-05 21:49:00,2025-08-08 15:06:00,1,Q480085
4621,Teplice,58,CZ,82,426,CZ-426,district,1,4576,,50.6406644,13.8244461,Europe/Prague,2019-10-05 21:49:00,2025-08-08 15:06:02,1,Q852518
4622,Vyškov,58,CZ,82,646,CZ-646,district,1,4602,,49.2778194,16.9994446,Europe/Prague,2019-10-05 21:49:00,2025-08-08 15:06:03,1,Q570682
4623,Opava,58,CZ,82,805,CZ-805,district,1,4600,,49.9389004,17.9024174,Europe/Prague,2019-10-05 21:49:00,2025-08-08 15:06:05,1,Q838320
4624,Jindřichův Hradec,58,CZ,82,313,CZ-313,district,1,4639,,49.1444823,15.0061389,Europe/Prague,2019-10-05 21:49:00,2025-08-08 15:06:07,1,Q1160841
4625,Jeseník,58,CZ,82,711,CZ-711,district,1,4589,,50.2246249,17.1980471,Europe/Prague,2019-10-05 21:49:00,2025-08-08 15:06:08,1,Q838288
4626,Přerov,58,CZ,82,714,CZ-714,district,1,4589,,49.4553775,17.4508621,Europe/Prague,2019-10-05 21:49:00,2025-08-08 15:06:10,1,Q838324
4627,Benešov,58,CZ,82,201,CZ-201,district,1,4554,,49.7818921,14.6869121,Europe/Prague,2019-10-05 21:49:00,2025-08-08 15:06:12,1,Q792883
4628,Strakonice,58,CZ,82,316,CZ-316,district,1,4639,,49.2604043,13.9103085,Europe/Prague,2019-10-05 21:49:00,2025-08-08 15:06:13,1,Q837633
4629,Most,58,CZ,82,425,CZ-425,district,1,4576,,50.5032737,13.636112,Europe/Prague,2019-10-05 21:49:00,2025-08-08 15:06:15,1,Q852511
4630,Znojmo,58,CZ,82,647,CZ-647,district,1,4602,,48.8554341,16.0489457,Europe/Prague,2019-10-05 21:49:00,2025-08-08 15:06:17,1,Q853969
4631,Kladno,58,CZ,82,203,CZ-203,district,1,4554,,50.1478497,14.1025379,Europe/Prague,2019-10-05 21:49:00,2025-08-08 15:06:19,1,Q837635
4633,Česká Lípa,58,CZ,82,511,CZ-511,district,1,4601,,50.6785201,14.5396991,Europe/Prague,2019-10-05 21:49:00,2025-08-08 15:06:21,1,Q538500
4634,Chrudim,58,CZ,82,531,CZ-531,district,1,4588,,49.9511458,15.7947559,Europe/Prague,2019-10-05 21:49:00,2025-08-08 15:06:22,1,Q838329
4636,Rychnov nad Kněžnou,58,CZ,82,524,CZ-524,district,1,4614,,50.1659651,16.2776842,Europe/Prague,2019-10-05 21:49:00,2025-08-08 15:06:24,1,Q240419
4638,Mělník,58,CZ,82,206,CZ-206,district,1,4554,,50.3520785,14.4748281,Europe/Prague,2019-10-05 21:49:00,2025-08-08 15:06:25,1,Q852463
4639,Jihočeský kraj,58,CZ,79,31,CZ-31,region,,,,49.0864548,14.6001727,Europe/Prague,2019-10-05 21:49:00,2025-08-08 15:06:27,1,Q188373
4640,Jičín,58,CZ,79,522,CZ-522,district,1,4614,,50.4353325,15.361044,Europe/Prague,2019-10-05 21:49:00,2025-08-08 15:06:28,1,Q838333
4641,Domažlice,58,CZ,79,321,CZ-321,district,1,4607,,49.4397027,12.9311435,Europe/Prague,2019-10-05 21:49:00,2025-08-08 15:06:30,1,Q784736
4642,Šumperk,58,CZ,79,715,CZ-715,district,1,4589,,49.9655521,16.9705651,Europe/Prague,2019-10-05 21:49:00,2025-08-08 15:06:32,1,Q838335
4643,Mladá Boleslav,58,CZ,79,207,CZ-207,district,1,4554,,50.4116187,14.9031301,Europe/Prague,2019-10-05 21:49:00,2025-08-08 15:06:34,1,Q852468
4644,Bruntál,58,CZ,79,801,CZ-801,district,1,4600,,49.9881767,17.4636941,Europe/Prague,2019-10-05 21:49:00,2025-08-08 15:06:36,1,Q850323
4645,Pelhřimov,58,CZ,79,633,CZ-633,district,1,4575,,49.4306207,15.222983,Europe/Prague,2019-10-05 21:49:00,2025-08-08 15:06:38,1,Q852505
4646,Tachov,58,CZ,79,327,CZ-327,district,1,4607,,49.7987803,12.6361921,Europe/Prague,2019-10-05 21:49:00,2025-08-08 15:06:40,1,Q838338
4647,Ústí nad Orlicí,58,CZ,79,534,CZ-534,district,1,4588,,49.9721801,16.3996617,Europe/Prague,2019-10-05 21:49:00,2025-08-08 15:06:41,1,Q856824
4648,Žďár nad Sázavou,58,CZ,79,635,CZ-635,district,1,4575,,49.5643012,15.939103,Europe/Prague,2019-10-05 21:49:00,2025-08-08 15:06:43,1,Q579648
4649,North East,199,SG,79,02,SG-02,district,,,,5.3341186,100.2761077,Asia/Kuala_Lumpur,2019-10-05 21:49:00,2025-08-08 15:06:45,1,Q3710534
4650,South East,199,SG,79,04,SG-04,district,,,,1.3352329,103.9598931,Asia/Singapore,2019-10-05 21:49:00,2025-08-08 15:06:47,1,Q1687545
4651,Central Singapore,199,SG,79,01,SG-01,district,,,,1.2884,103.8535,Asia/Singapore,2019-10-05 21:49:00,2025-08-08 15:06:48,1,Q2544592
4652,South West,199,SG,79,05,SG-05,district,,,,5.2883389,100.2815099,Asia/Kuala_Lumpur,2019-10-05 21:49:00,2025-08-08 15:06:50,1,Q5784126
4653,North West,199,SG,79,03,SG-03,district,,,,1.4509382,103.7849519,Asia/Singapore,2019-10-05 21:49:00,2025-08-08 15:06:52,1,Q5784118
4654,Ewa,153,NR,09,09,NR-09,district,,,,-0.5087241,166.9369384,Pacific/Nauru,2019-10-05 21:49:00,2025-08-08 15:06:54,1,Q274381
4655,Uaboe,153,NR,13,13,NR-13,district,,,,-0.5202222,166.9311761,Pacific/Nauru,2019-10-05 21:49:00,2025-08-08 15:06:55,1,Q473764
4656,Aiwo,153,NR,01,01,NR-01,district,,,,-0.5340012,166.9138873,Pacific/Nauru,2019-10-05 21:49:00,2025-08-08 15:06:57,1,Q240017
4657,Meneng,153,NR,11,11,NR-11,district,,,,-0.546724,166.938379,Pacific/Nauru,2019-10-05 21:49:00,2025-08-08 15:06:59,1,Q327788
4658,Anabar,153,NR,02,02,NR-02,district,,,,-0.5133517,166.9484624,Pacific/Nauru,2019-10-05 21:49:00,2025-08-08 15:07:01,1,Q328735
4659,Nibok,153,NR,12,12,NR-12,district,,,,-0.5196208,166.9189301,Pacific/Nauru,2019-10-05 21:49:00,2025-08-08 15:07:02,1,Q378780
4660,Baiti,153,NR,05,05,NR-05,district,,,,-0.510431,166.9275744,Pacific/Nauru,2019-10-05 21:49:00,2025-08-08 15:07:04,1,Q328727
4661,Ijuw,153,NR,10,10,NR-10,district,,,,-0.5202767,166.9571046,Pacific/Nauru,2019-10-05 21:49:00,2025-08-08 15:07:06,1,Q328738
4662,Buada,153,NR,07,07,NR-07,district,,,,-0.5328777,166.9268541,Pacific/Nauru,2019-10-05 21:49:00,2025-08-08 15:07:08,1,Q202747
4663,Anibare,153,NR,04,04,NR-04,district,,,,-0.5294758,166.9513432,Pacific/Nauru,2019-10-05 21:49:00,2025-08-08 15:07:09,1,Q328733
4664,Yaren,153,NR,14,14,NR-14,district,,,,-0.5466857,166.9210913,Pacific/Nauru,2019-10-05 21:49:00,2025-08-08 15:07:11,1,Q31026
4665,Boe,153,NR,06,06,NR-06,district,,,,-0.5423003,166.9160609,Pacific/Nauru,2019-10-05 21:49:00,2025-08-08 15:07:13,1,Q378829
4666,Denigomodu,153,NR,08,08,NR-08,district,,,,-0.5247964,166.9167689,Pacific/Nauru,2019-10-05 21:49:00,2025-08-08 15:07:15,1,Q1187200
4667,Anetan,153,NR,03,03,NR-03,district,,,,-0.5064343,166.9427006,Pacific/Nauru,2019-10-05 21:49:00,2025-08-08 15:07:16,1,Q378813
4668,Zhytomyrska,230,UA,27,18,UA-18,region,,,,50.4561152,30.3658829,Europe/Kiev,2019-10-05 21:49:00,2025-08-08 15:07:18,1,Q40637
4669,Vinnytska,230,UA,23,05,UA-05,region,,,,50.4195893,30.4480946,Europe/Kiev,2019-10-05 21:49:00,2025-08-08 15:07:20,1,Q166709
4670,Zakarpatska,230,UA,25,21,UA-21,region,,,,48.2953664,23.4466092,Europe/Uzhgorod,2019-10-05 21:49:00,2025-08-08 15:07:21,1,Q170213
4671,Kyivska,230,UA,13,32,UA-32,region,,,,50.178595,30.4924884,Europe/Kiev,2019-10-05 21:49:00,2025-08-08 15:07:23,1,Q170036
4672,Lvivska,230,UA,15,46,UA-46,region,,,,49.6512234,23.8266948,Europe/Kiev,2019-10-05 21:49:00,2025-08-08 15:07:25,1,Q164193
4673,Luhanska,230,UA,14,09,UA-09,region,,,,48.574041,39.307815,Europe/Kiev,2019-10-05 21:49:00,2025-08-08 15:07:26,1,Q171965
4674,Ternopilska,230,UA,22,61,UA-61,region,,,,49.6409289,25.4942724,Europe/Kiev,2019-10-05 21:49:00,2025-08-08 15:07:28,1,Q173407
4675,Dnipropetrovska,230,UA,04,12,UA-12,region,,,,48.662589,34.9501715,Europe/Kiev,2019-10-05 21:49:00,2025-08-08 15:07:30,1,Q170672
4676,Kyiv,230,UA,12,30,UA-30,city,,,,50.4501,30.5234,Europe/Kiev,2019-10-05 21:49:00,2025-08-08 15:07:32,1,Q1899
4677,Kirovohradska,230,UA,10,35,UA-35,region,,,,48.1916774,31.6902953,Europe/Kiev,2019-10-05 21:49:00,2025-08-08 15:07:33,1,Q180981
4678,Chernivetska,230,UA,03,77,UA-77,region,,,,49.8372873,24.0007866,Europe/Kiev,2019-10-05 21:49:00,2025-08-08 15:07:35,1,Q168856
4679,Mykolaivska,230,UA,16,48,UA-48,region,,,,47.0560618,31.9566614,Europe/Kiev,2019-10-05 21:49:00,2025-08-08 15:07:37,1,Q181633
4680,Cherkaska,230,UA,01,71,UA-71,region,,,,48.925097,37.3759832,Europe/Kiev,2019-10-05 21:49:00,2025-08-08 15:07:38,1,Q161808
4681,Khmelnytska,230,UA,09,68,UA-68,region,,,,50.4633192,30.3831066,Europe/Kiev,2019-10-05 21:49:00,2025-08-08 15:07:40,1,Q171331
4682,Ivano-Frankivska,230,UA,06,26,UA-26,region,,,,48.8672217,24.7049,Europe/Kiev,2019-10-05 21:49:00,2025-08-08 15:07:41,1,Q178269
4683,Rivnenska,230,UA,19,56,UA-56,region,,,,50.5973667,26.2646746,Europe/Kiev,2019-10-05 21:49:00,2025-08-08 15:07:42,1,Q174187
4684,Khersonska,230,UA,08,65,UA-65,region,,,,46.635417,32.616867,Europe/Kiev,2019-10-05 21:49:00,2025-08-08 15:07:44,1,Q163271
4685,Sumska,230,UA,21,59,UA-59,region,,,,50.7696518,34.3289305,Europe/Kiev,2019-10-05 21:49:00,2025-08-08 15:07:46,1,Q170446
4686,Kharkivska,230,UA,07,63,UA-63,region,,,,49.8299582,36.3788957,Europe/Kiev,2019-10-05 21:49:00,2025-08-08 15:07:48,1,Q170666
4687,Zaporizka,230,UA,26,23,UA-23,region,,,,47.8535586,35.1699877,Europe/Zaporozhye,2019-10-05 21:49:00,2025-08-08 15:07:49,1,Q171334
4688,Odeska,230,UA,17,51,UA-51,region,,,,46.1147226,29.9567193,Europe/Kiev,2019-10-05 21:49:00,2025-08-08 15:07:51,1,Q171852
4689,Autonomous Republic of Crimea,230,UA,11,43,UA-43,republic,,,,45.6856952,33.9329411,Europe/Simferopol,2019-10-05 21:49:00,2025-08-08 15:07:53,1,Q756294
4690,Volynska,230,UA,24,07,UA-07,region,,,,51.5451167,24.6627893,Europe/Kiev,2019-10-05 21:49:00,2025-08-08 15:07:54,1,Q167859
4691,Donetska,230,UA,05,14,UA-14,region,,,,50.4256138,30.4564097,Europe/Kiev,2019-10-05 21:49:00,2025-08-08 15:07:56,1,Q2012050
4692,Chernihivska,230,UA,02,74,UA-74,region,,,,50.4598903,30.6303119,Europe/Kiev,2019-10-05 21:49:00,2025-08-08 15:07:57,1,Q167874
4693,Gabrovo,34,BG,41,07,BG-07,district,,,,42.86847,25.316889,Europe/Sofia,2019-10-05 21:49:00,2025-08-08 15:07:59,1,Q1007272
4694,Smolyan,34,BG,57,21,BG-21,district,,,,41.5774148,24.7010871,Europe/Sofia,2019-10-05 21:49:00,2025-08-08 15:08:01,1,Q2012430
4695,Pernik,34,BG,49,14,BG-14,district,,,,42.605199,23.0377916,Europe/Sofia,2019-10-05 21:49:00,2025-08-08 15:08:02,1,Q2012234
4696,Montana,34,BG,47,12,BG-12,district,,,,43.4085148,23.2257589,Europe/Sofia,2019-10-05 21:49:00,2025-08-08 15:08:04,1,Q2012057
4697,Vidin,34,BG,63,05,BG-05,district,,,,43.9857242,22.8772194,Europe/Sofia,2019-10-05 21:49:00,2025-08-08 15:08:05,1,Q2012772
4698,Razgrad,34,BG,52,17,BG-17,district,,,,43.5271705,26.5241228,Europe/Sofia,2019-10-05 21:49:00,2025-08-08 15:08:07,1,Q2790675
4699,Blagoevgrad,34,BG,38,01,BG-01,district,,,,42.0111077,23.0906457,Europe/Sofia,2019-10-05 21:49:00,2025-08-08 15:08:09,1,Q804311
4700,Sliven,34,BG,56,20,BG-20,district,,,,42.6816702,26.3228569,Europe/Sofia,2019-10-05 21:49:00,2025-08-08 15:08:10,1,Q113120
4701,Plovdiv,34,BG,51,16,BG-16,district,,,,42.1354079,24.7452904,Europe/Sofia,2019-10-05 21:49:00,2025-08-08 15:08:12,1,Q187874
4702,Kardzhali,34,BG,44,09,BG-09,district,,,,41.643746,25.3722156,Europe/Sofia,2019-10-05 21:49:00,2025-08-08 15:08:13,1,Q1104675
4703,Kyustendil,34,BG,45,10,BG-10,district,,,,42.2868799,22.6939635,Europe/Sofia,2019-10-05 21:49:00,2025-08-08 15:08:15,1,Q1112985
4704,Haskovo,34,BG,43,26,BG-26,district,,,,41.9344178,25.5554672,Europe/Sofia,2019-10-05 21:49:00,2025-08-08 15:08:17,1,Q182809
4705,Sofia City,34,BG,42,22,BG-22,district,,,,42.654318,23.3331572,Europe/Sofia,2019-10-05 21:49:00,2025-08-08 15:08:18,1,Q1585725
4706,Pleven,34,BG,50,15,BG-15,district,,,,43.409022,24.6180123,Europe/Sofia,2019-10-05 21:49:00,2025-08-08 15:08:20,1,Q2012242
4707,Stara Zagora,34,BG,59,24,BG-24,district,,,,42.4257709,25.6344855,Europe/Sofia,2019-10-05 21:49:00,2025-08-08 15:08:22,1,Q2012583
4708,Silistra,34,BG,55,19,BG-19,district,,,,44.1147101,27.2671454,Europe/Sofia,2019-10-05 21:49:00,2025-08-08 15:08:24,1,Q2012423
4709,Veliko Tarnovo,34,BG,62,04,BG-04,district,,,,43.0820584,25.6321312,Europe/Sofia,2019-10-05 21:49:00,2025-08-08 15:08:25,1,Q2012621
4710,Lovech,34,BG,46,11,BG-11,district,,,,43.1367798,24.7139335,Europe/Sofia,2019-10-05 21:49:00,2025-08-08 15:08:27,1,Q6587068
4711,Vratsa,34,BG,64,06,BG-06,district,,,,43.2101806,23.552921,Europe/Sofia,2019-10-05 21:49:00,2025-08-08 15:08:29,1,Q2012785
4712,Pazardzhik,34,BG,48,13,BG-13,district,,,,42.1927567,24.3336226,Europe/Sofia,2019-10-05 21:49:00,2025-08-08 15:08:31,1,Q2012227
4713,Ruse,34,BG,53,18,BG-18,district,,,,43.8355964,25.9656144,Europe/Sofia,2019-10-05 21:49:00,2025-08-08 15:08:32,1,Q1251933
4714,Targovishte,34,BG,60,25,BG-25,district,,,,43.2462349,26.5691251,Europe/Sofia,2019-10-05 21:49:00,2025-08-08 15:08:34,1,Q2012589
4715,Burgas,34,BG,39,02,BG-02,district,,,,42.4936616,27.4721276,Europe/Sofia,2019-10-05 21:49:00,2025-08-08 15:08:35,1,Q369220
4716,Yambol,34,BG,65,28,BG-28,district,,,,42.4841494,26.5035296,Europe/Sofia,2019-10-05 21:49:00,2025-08-08 15:08:37,1,Q220736
4717,Varna,34,BG,61,03,BG-03,district,,,,43.2046477,27.9105488,Europe/Sofia,2019-10-05 21:49:00,2025-08-08 15:08:39,1,Q183487
4718,Dobrich,34,BG,40,08,BG-08,district,,,,43.572786,27.8272802,Europe/Sofia,2019-10-05 21:49:00,2025-08-08 15:08:40,1,Q907395
4719,Sofia,34,BG,58,23,BG-23,district,,,,42.64191,23.9735632,Europe/Sofia,2019-10-05 21:49:00,2025-08-08 15:08:42,1,Q202904
4720,Suceava,181,RO,34,SV,RO-SV,department,,,,47.5326534,25.8345939,Europe/Bucharest,2019-10-05 21:49:00,2025-08-08 15:08:43,1,Q181209
4721,Hunedoara,181,RO,21,HD,RO-HD,department,,,,45.7954068,22.945243,Europe/Bucharest,2019-10-05 21:49:00,2025-08-08 15:08:45,1,Q191071
4722,Arges,181,RO,03,AG,RO-AG,department,,,,44.9939764,24.8488685,Europe/Bucharest,2019-10-05 21:49:00,2025-08-08 15:08:46,1,Q179567
4723,Bihor,181,RO,05,BH,RO-BH,department,,,,46.9926899,22.192752,Europe/Bucharest,2019-10-05 21:49:00,2025-08-08 15:08:48,1,Q179588
4724,Alba,181,RO,01,AB,RO-AB,department,,,,46.0159362,23.5468497,Europe/Bucharest,2019-10-05 21:49:00,2025-08-08 15:08:50,1,Q45868
4725,Ilfov,181,RO,43,IF,RO-IF,department,,,,44.5017074,26.2449077,Europe/Bucharest,2019-10-05 21:49:00,2025-08-08 15:08:52,1,Q191670
4726,Giurgiu,181,RO,42,GR,RO-GR,department,,,,43.9037076,25.9699265,Europe/Bucharest,2019-10-05 21:49:00,2025-08-08 15:08:53,1,Q193055
4727,Tulcea,181,RO,37,TL,RO-TL,department,,,,45.0413769,28.897329,Europe/Bucharest,2019-10-05 21:49:00,2025-08-08 15:08:55,1,Q191078
4728,Teleorman,181,RO,35,TR,RO-TR,department,,,,44.0684876,25.191045,Europe/Bucharest,2019-10-05 21:49:00,2025-08-08 15:08:56,1,Q191653
4729,Prahova,181,RO,30,PH,RO-PH,department,,,,45.1087546,26.0378349,Europe/Bucharest,2019-10-05 21:49:00,2025-08-08 15:08:57,1,Q188665
4730,Bucharest,181,RO,10,B,RO-B,municipality,,,,44.4361414,26.1027202,Europe/Bucharest,2019-10-05 21:49:00,2025-08-08 15:08:59,1,Q19660
4731,Neamț,181,RO,28,NT,RO-NT,department,,,,46.9910082,26.5134813,Europe/Bucharest,2019-10-05 21:49:00,2025-08-08 15:09:00,1,Q188661
4732,Călărași,181,RO,41,CL,RO-CL,department,,,,44.3151874,27.1390156,Europe/Bucharest,2019-10-05 21:49:00,2025-08-08 15:09:02,1,Q188948
4733,Bistrița-Năsăud,181,RO,06,BN,RO-BN,department,,,,47.1772548,24.5411592,Europe/Bucharest,2019-10-05 21:49:00,2025-08-08 15:09:04,1,Q181513
4734,Cluj,181,RO,13,CJ,RO-CJ,department,,,,46.769379,23.5899542,Europe/Bucharest,2019-10-05 21:49:00,2025-08-08 15:09:05,1,Q182624
4735,Iași,181,RO,23,IS,RO-IS,department,,,,47.1977372,27.1970598,Europe/Bucharest,2019-10-05 21:49:00,2025-08-08 15:09:07,1,Q182888
4736,Braila,181,RO,08,BR,RO-BR,department,,,,45.2716092,27.9742932,Europe/Bucharest,2019-10-05 21:49:00,2025-08-08 15:09:08,1,Q188503
4737,Constanța,181,RO,14,CT,RO-CT,department,,,,44.2678591,28.2920787,Europe/Bucharest,2019-10-05 21:49:00,2025-08-08 15:09:10,1,Q188505
4738,Olt,181,RO,29,OT,RO-OT,department,,,,44.2923205,24.4663072,Europe/Bucharest,2019-10-05 21:49:00,2025-08-08 15:09:12,1,Q188945
4739,Arad,181,RO,02,AR,RO-AR,department,,,,46.2913706,21.8925185,Europe/Bucharest,2019-10-05 21:49:00,2025-08-08 15:09:13,1,Q179559
4740,Botoșani,181,RO,07,BT,RO-BT,department,,,,47.8528263,26.759334,Europe/Bucharest,2019-10-05 21:49:00,2025-08-08 15:09:15,1,Q178861
4741,Sălaj,181,RO,31,SJ,RO-SJ,department,,,,47.1561868,23.0191923,Europe/Bucharest,2019-10-05 21:49:00,2025-08-08 15:09:17,1,Q190690
4742,Dolj,181,RO,17,DJ,RO-DJ,department,,,,44.2150123,23.669363,Europe/Bucharest,2019-10-05 21:49:00,2025-08-08 15:09:18,1,Q191065
4743,Ialomița,181,RO,22,IL,RO-IL,department,,,,44.5960761,27.2016368,Europe/Bucharest,2019-10-05 21:49:00,2025-08-08 15:09:20,1,Q193044
4744,Bacău,181,RO,04,BC,RO-BC,department,,,,46.4228703,26.7163991,Europe/Bucharest,2019-10-05 21:49:00,2025-08-08 15:09:22,1,Q179779
4745,Dâmbovița,181,RO,16,DB,RO-DB,department,,,,44.9224565,25.4819575,Europe/Bucharest,2019-10-05 21:49:00,2025-08-08 15:09:24,1,Q188797
4746,Satu Mare,181,RO,32,SM,RO-SM,department,,,,47.7891763,22.8725598,Europe/Bucharest,2019-10-05 21:49:00,2025-08-08 15:09:25,1,Q165459
4747,Galați,181,RO,18,GL,RO-GL,department,,,,45.7772439,27.7496575,Europe/Bucharest,2019-10-05 21:49:00,2025-08-08 15:09:27,1,Q188796
4748,Timiș,181,RO,36,TM,RO-TM,department,,,,45.63984,21.2599292,Europe/Bucharest,2019-10-05 21:49:00,2025-08-08 15:09:29,1,Q185586
4749,Harghita,181,RO,20,HR,RO-HR,department,,,,46.6443061,25.6221919,Europe/Bucharest,2019-10-05 21:49:00,2025-08-08 15:09:31,1,Q190702
4750,Gorj,181,RO,19,GJ,RO-GJ,department,,,,44.9611675,23.3256799,Europe/Bucharest,2019-10-05 21:49:00,2025-08-08 15:09:33,1,Q190406
4751,Mehedinți,181,RO,26,MH,RO-MH,department,,,,44.6034908,23.0580419,Europe/Bucharest,2019-10-05 21:49:00,2025-08-08 15:09:34,1,Q191717
4752,Vaslui,181,RO,38,VS,RO-VS,department,,,,46.496847,27.8036751,Europe/Bucharest,2019-10-05 21:49:00,2025-08-08 15:09:36,1,Q167199
4753,Caraș-Severin,181,RO,12,CS,RO-CS,department,,,,45.1271344,22.0771445,Europe/Bucharest,2019-10-05 21:49:00,2025-08-08 15:09:38,1,Q187925
4754,Covasna,181,RO,15,CV,RO-CV,department,,,,45.8966793,26.0101806,Europe/Bucharest,2019-10-05 21:49:00,2025-08-08 15:09:39,1,Q188959
4755,Sibiu,181,RO,33,SB,RO-SB,department,,,,45.888796,24.237426,Europe/Bucharest,2019-10-05 21:49:00,2025-08-08 15:09:41,1,Q184797
4756,Buzău,181,RO,11,BZ,RO-BZ,department,,,,45.2692581,26.7748173,Europe/Bucharest,2019-10-05 21:49:00,2025-08-08 15:09:43,1,Q185309
4757,Vâlcea,181,RO,39,VL,RO-VL,department,,,,45.0404536,24.1538719,Europe/Bucharest,2019-10-05 21:49:00,2025-08-08 15:09:44,1,Q186838
4758,Vrancea,181,RO,40,VN,RO-VN,department,,,,45.7887088,26.883803,Europe/Bucharest,2019-10-05 21:49:00,2025-08-08 15:09:46,1,Q182778
4759,Brașov,181,RO,09,BV,RO-BV,department,,,,45.7860222,25.1540732,Europe/Bucharest,2019-10-05 21:49:00,2025-08-08 15:09:48,1,Q182614
4760,Maramureș,181,RO,25,MM,RO-MM,department,,,,47.6712547,24.1964613,Europe/Bucharest,2019-10-05 21:49:00,2025-08-08 15:09:49,1,Q190711
4761,Aiga-i-le-Tai,191,WS,02,AL,WS-AL,district,,,,-13.862031,-172.0328371,Pacific/Apia,2019-10-05 21:49:00,2025-08-08 15:09:51,1,Q1144488
4762,Satupa'itea,191,WS,09,SA,WS-SA,district,,,,-13.7414328,-172.3406683,Pacific/Apia,2019-10-05 21:49:00,2025-08-08 15:09:53,1,Q651573
4763,A'ana,191,WS,01,AA,WS-AA,district,,,,-13.8371757,-171.9950869,Pacific/Apia,2019-10-05 21:49:00,2025-08-08 15:09:55,1,Q1154121
4764,Fa'asaleleaga,191,WS,04,FA,WS-FA,district,,,,-13.6307638,-172.2365981,Pacific/Apia,2019-10-05 21:49:00,2025-08-08 15:09:56,1,Q1154134
4765,Atua,191,WS,03,AT,WS-AT,district,,,,-13.954878,-171.6512455,Pacific/Apia,2019-10-05 21:49:00,2025-08-08 15:09:58,1,Q1154332
4766,Vaisigano,191,WS,11,VS,WS-VS,district,,,,-13.5595656,-172.6593798,Pacific/Apia,2019-10-05 21:49:00,2025-08-08 15:09:59,1,Q1193139
4767,Palauli,191,WS,08,PA,WS-PA,district,,,,-13.7063577,-172.4839701,Pacific/Apia,2019-10-05 21:49:00,2025-08-08 15:10:01,1,Q1147216
4768,Va'a-o-Fonoti,191,WS,06,VF,WS-VF,district,,,,-13.9470903,-171.5431872,Pacific/Apia,2019-10-05 21:49:00,2025-08-08 15:10:03,1,Q1154109
4769,Gaga'emauga,191,WS,05,GE,WS-GE,district,,,,-13.5428666,-172.366887,Pacific/Apia,2019-10-05 21:49:00,2025-08-08 15:10:05,1,Q1193143
4770,Tuamasaga,191,WS,10,TU,WS-TU,district,,,,-13.9218804,-171.8007196,Pacific/Apia,2019-10-05 21:49:00,2025-08-08 15:10:06,1,Q1144482
4771,Gaga'ifomauga,191,WS,07,GI,WS-GI,district,,,,-13.5468007,-172.4969331,Pacific/Apia,2019-10-05 21:49:00,2025-08-08 15:10:08,1,Q1193134
4772,Torba,237,VU,07,TOB,VU-TOB,province,,,,-13.6644135,167.1741636,Pacific/Efate,2019-10-05 21:49:00,2025-08-08 15:10:10,1,Q822514
4773,Penama,237,VU,17,PAM,VU-PAM,province,,,,-15.2116666,167.9360319,Pacific/Efate,2019-10-05 21:49:00,2025-08-08 15:10:12,1,Q836649
4774,Shefa,237,VU,18,SEE,VU-SEE,province,,,,-17.3283967,168.2547316,Pacific/Efate,2019-10-05 21:49:00,2025-08-08 15:10:13,1,Q650617
4775,Malampa,237,VU,16,MAP,VU-MAP,province,,,,-16.2975,167.8103716,Pacific/Efate,2019-10-05 21:49:00,2025-08-08 15:10:15,1,Q740656
4776,Sanma,237,VU,13,SAM,VU-SAM,province,,,,-15.158134,166.9393865,Pacific/Efate,2019-10-05 21:49:00,2025-08-08 15:10:16,1,Q740640
4777,Tafea,237,VU,15,TAE,VU-TAE,province,,,,-19.3706034,169.6752428,Pacific/Efate,2019-10-05 21:49:00,2025-08-08 15:10:18,1,Q576417
4778,Honiara,202,SB,14,CT,SB-CT,capital territory,,,,-9.4377975,159.9624175,Pacific/Guadalcanal,2019-10-05 21:49:00,2025-08-08 15:10:20,1,Q40921
4779,Temotu,202,SB,09,TE,SB-TE,province,,,,-10.8891322,166.231035,Pacific/Guadalcanal,2019-10-05 21:49:00,2025-08-08 15:10:22,1,Q936088
4780,Isabel,202,SB,07,IS,SB-IS,province,,,,-7.9999999,158.9999999,Pacific/Guadalcanal,2019-10-05 21:49:00,2025-08-08 15:10:23,1,Q1139082
4781,Choiseul,202,SB,12,CH,SB-CH,province,,,,-7.0091756,156.9239532,Pacific/Guadalcanal,2019-10-05 21:49:00,2025-08-08 15:10:25,1,Q399063
4782,Makira-Ulawa,202,SB,08,MK,SB-MK,province,,,,-10.2835257,161.7280731,Pacific/Guadalcanal,2019-10-05 21:49:00,2025-08-08 15:10:27,1,Q1116700
4783,Malaita,202,SB,03,ML,SB-ML,province,,,,-8.9551687,160.9514413,Pacific/Guadalcanal,2019-10-05 21:49:00,2025-08-08 15:10:28,1,Q1190896
4784,Central,202,SB,10,CE,SB-CE,province,,,,-8.9833335,159.75,Pacific/Guadalcanal,2019-10-05 21:49:00,2025-08-08 15:10:29,1,Q293722
4785,Guadalcanal,202,SB,06,GU,SB-GU,province,,,,-9.5984209,160.1485117,Pacific/Guadalcanal,2019-10-05 21:49:00,2025-08-08 15:10:31,1,Q760888
4786,Western,202,SB,11,WE,SB-WE,province,,,,-7.8166667,156.683988,Pacific/Guadalcanal,2019-10-05 21:49:00,2025-08-08 15:10:32,1,Q150325
4787,Rennell and Bellona,202,SB,13,RB,SB-RB,province,,,,-12.1134266,160.3170523,Pacific/Guadalcanal,2019-10-05 21:49:00,2025-08-08 15:10:34,1,Q1051475
4794,Saint-Barthélemy,75,FR,TB,BL,FR-BL,overseas collectivity,,,,17.9005134,-62.8205871,America/St_Barthelemy,2019-10-05 21:49:01,2025-08-08 15:10:36,1,Q25362
4795,Nouvelle-Aquitaine,75,FR,75,NAQ,FR-NAQ,metropolitan region,,,,45.4039367,0.3756199,Europe/Paris,2019-10-05 21:49:01,2025-08-08 15:10:38,1,Q18678082
4796,Île-de-France,75,FR,A8,IDF,FR-IDF,metropolitan region,,,,48.6443057,2.7537863,Europe/Paris,2019-10-05 21:49:01,2025-08-08 15:10:39,1,Q13917
4797,Mayotte,75,FR,YT,976,FR-976,overseas region,,,,-12.823048,45.1520755,Indian/Mayotte,2019-10-05 21:49:01,2025-08-08 15:10:41,1,Q17063
4798,Auvergne-Rhône-Alpes,75,FR,84,ARA,FR-ARA,metropolitan region,,,,45.2968119,4.6604809,Europe/Paris,2019-10-05 21:49:01,2025-08-08 15:10:43,1,Q18338206
4799,Occitanie,75,FR,84,OCC,FR-OCC,metropolitan region,,,,43.6487851,2.3435684,Europe/Paris,2019-10-05 21:49:01,2025-08-08 15:10:45,1,Q18678265
4802,Pays-de-la-Loire,75,FR,B5,PDL,FR-PDL,metropolitan region,,,,47.6594864,-0.8186143,Europe/Paris,2019-10-05 21:49:01,2025-08-08 15:10:46,1,Q16994
4804,Normandie,75,FR,28,NOR,FR-NOR,metropolitan region,,,,49.0677708,0.3138532,Europe/Paris,2019-10-05 21:49:01,2025-08-08 15:10:48,1,Q18677875
4806,Corse,75,FR,A5,20R,FR-20R,metropolitan collectivity with special status,,,,42.1880896,9.0684138,Europe/Paris,2019-10-05 21:49:01,2025-08-08 15:10:50,1,Q14112
4807,Bretagne,75,FR,A2,BRE,FR-BRE,metropolitan region,,,,48.2640845,-2.9202408,Europe/Paris,2019-10-05 21:49:01,2025-08-08 15:10:52,1,Q12130
4809,Saint-Martin,75,FR,RN,MF,FR-MF,overseas collectivity,,,,18.0814066,-63.0467131,America/Marigot,2019-10-05 21:49:01,2025-08-08 15:10:53,1,Q126125
4810,Wallis and Futuna,75,FR,WF,WF,FR-WF,overseas collectivity,,,,-13.289402,-176.204224,Pacific/Wallis,2019-10-05 21:49:01,2025-08-08 15:10:55,1,Q35555
4811,Alsace,75,FR,C1,6AE,FR-6AE,European collectivity,,,,48.0098712,7.5875021,Europe/Paris,2019-10-05 21:49:01,2025-08-08 15:10:56,1,Q1142
4812,Provence-Alpes-Côte-d’Azur,75,FR,B8,PAC,FR-PAC,metropolitan region,,,,44.0580563,6.0638506,Europe/Paris,2019-10-05 21:49:01,2025-08-08 15:10:58,1,Q15104
4816,Paris,75,FR,B7,75C,FR-75C,metropolitan collectivity with special status,,,,48.856614,2.3522219,Europe/Paris,2019-10-05 21:49:01,2025-08-08 15:10:59,1,Q90
4818,Centre-Val de Loire,75,FR,A3,CVL,FR-CVL,metropolitan region,,,,47.5490251,1.7324062,Europe/Paris,2019-10-05 21:49:01,2025-08-08 15:11:01,1,Q13947
4820,Grand-Est,75,FR,44,GES,FR-GES,metropolitan region,,,,48.4845157,6.113035,Europe/Paris,2019-10-05 21:49:01,2025-08-08 15:11:02,1,Q18677983
4821,Saint Pierre and Miquelon,75,FR,SB,PM,FR-PM,overseas collectivity,,,,46.8374544,-56.2120555,America/Miquelon,2019-10-05 21:49:01,2025-08-08 15:11:04,1,Q34617
4822,French Guiana,75,FR,GF,973,FR-973,overseas region,,,,4.0039882,-52.999998,America/Cayenne,2019-10-05 21:49:01,2025-08-08 15:11:06,1,Q3769
4823,La Réunion,75,FR,RE,974,FR-974,overseas region,,,,-21.1307379,55.5364801,Indian/Reunion,2019-10-05 21:49:01,2025-08-08 15:11:08,1,Q17070
4824,French Polynesia,75,FR,FP,PF,FR-PF,overseas collectivity,,,,-17.0243749,-144.6434898,Pacific/Tahiti,2019-10-05 21:49:01,2025-08-08 15:11:09,1,Q30971
4825,Bourgogne-Franche-Comté,75,FR,27,BFC,FR-BFC,metropolitan region,,,,47.118711,4.9691044,Europe/Paris,2019-10-05 21:49:01,2025-08-08 15:11:11,1,Q18578267
4827,Martinique,75,FR,MQ,972,FR-972,overseas region,,,,14.6367927,-61.0158269,America/Martinique,2019-10-05 21:49:01,2025-08-08 15:11:13,1,Q17054
4828,Hauts-de-France,75,FR,32,HDF,FR-HDF,metropolitan region,,,,50.1024606,2.7247515,Europe/Paris,2019-10-05 21:49:01,2025-08-08 15:11:15,1,Q18677767
4829,Guadeloupe,75,FR,GP,971,FR-971,overseas region,,,,16.2528827,-61.5686855,America/Guadeloupe,2019-10-05 21:49:01,2025-08-08 15:11:16,1,Q17012
4830,West New Britain,171,PG,17,WBK,PG-WBK,province,,,,-5.8891465,149.699546,Pacific/Port_Moresby,2019-10-05 21:49:01,2025-08-08 15:11:18,1,Q667468
4831,Bougainville,171,PG,07,NSB,PG-NSB,autonomous region,,,,-6.1441283,155.2059339,Pacific/Bougainville,2019-10-05 21:49:01,2025-08-08 15:11:19,1,Q18826
4832,Jiwaka,171,PG,22,JWK,PG-JWK,province,,,,-5.5797604,144.613752,Pacific/Port_Moresby,2019-10-05 21:49:01,2025-08-08 15:11:21,1,Q1400625
4833,Hela,171,PG,21,HLA,PG-HLA,province,,,,-5.7729776,142.7792477,Pacific/Port_Moresby,2019-10-05 21:49:01,2025-08-08 15:11:23,1,Q1382499
4834,East New Britain,171,PG,10,EBR,PG-EBR,province,,,,-5.1386278,151.9020187,Pacific/Port_Moresby,2019-10-05 21:49:01,2025-08-08 15:11:24,1,Q753702
4835,Morobe,171,PG,14,MPL,PG-MPL,province,,,,-7,147,Pacific/Port_Moresby,2019-10-05 21:49:01,2025-08-08 15:11:26,1,Q853664
4836,Sandaun,171,PG,18,SAN,PG-SAN,province,,,,-3.5,142,Pacific/Port_Moresby,2019-10-05 21:49:01,2025-08-08 15:11:28,1,Q753689
4837,Port Moresby,171,PG,20,NCD,PG-NCD,district,,,,-9.4743301,147.1599504,Pacific/Port_Moresby,2019-10-05 21:49:01,2025-08-08 15:11:29,1,Q36526
4838,Oro,171,PG,04,NPP,PG-NPP,province,,,,-9,148.5,Pacific/Port_Moresby,2019-10-05 21:49:01,2025-08-08 15:11:31,1,Q753686
4839,Gulf,171,PG,02,GPK,PG-GPK,province,,,,-7.5556411,144.8850036,Pacific/Port_Moresby,2019-10-05 21:49:01,2025-08-08 15:11:32,1,Q874980
4840,Western Highlands,171,PG,16,WHM,PG-WHM,province,,,,-5.841586,144.2355348,Pacific/Port_Moresby,2019-10-05 21:49:01,2025-08-08 15:11:34,1,Q849807
4841,New Ireland,171,PG,15,NIK,PG-NIK,province,,,,-3.7021472,152.4360021,Pacific/Port_Moresby,2019-10-05 21:49:01,2025-08-08 15:11:36,1,Q838690
4842,Manus,171,PG,13,MRL,PG-MRL,province,,,,-2.1032645,146.9325448,Pacific/Port_Moresby,2019-10-05 21:49:01,2025-08-08 15:11:38,1,Q874935
4843,Madang,171,PG,12,MPM,PG-MPM,province,,,,-5,145.5,Pacific/Port_Moresby,2019-10-05 21:49:01,2025-08-08 15:11:39,1,Q326254
4844,Southern Highlands,171,PG,05,SHM,PG-SHM,province,,,,-6.4471522,143.6006612,Pacific/Port_Moresby,2019-10-05 21:49:01,2025-08-08 15:11:41,1,Q849801
4845,Eastern Highlands,171,PG,09,EHG,PG-EHG,province,,,,-6.5,145.583333,Pacific/Port_Moresby,2019-10-05 21:49:01,2025-08-08 15:11:42,1,Q849812
4846,Chimbu,171,PG,08,CPK,PG-CPK,province,,,,-6.25,144.833333,Pacific/Port_Moresby,2019-10-05 21:49:01,2025-08-08 15:11:44,1,Q599448
4847,Central,171,PG,01,CPM,PG-CPM,province,,,,-10,148,Pacific/Port_Moresby,2019-10-05 21:49:01,2025-08-08 15:11:46,1,Q874942
4848,Enga,171,PG,19,EPW,PG-EPW,province,,,,-5.6725937,143.6436942,Pacific/Port_Moresby,2019-10-05 21:49:01,2025-08-08 15:11:48,1,Q862584
4849,Milne Bay,171,PG,03,MBA,PG-MBA,province,,,,-10.0226491,151.5800288,Pacific/Port_Moresby,2019-10-05 21:49:01,2025-08-08 15:11:49,1,Q874962
4850,Western,171,PG,06,WPD,PG-WPD,province,,,,-7.5,142,Pacific/Port_Moresby,2019-10-05 21:49:01,2025-08-08 15:11:51,1,Q849790
4851,Ohio,233,US,39,OH,US-OH,state,,,,40.2253569,-82.6881395,America/New_York,2019-11-13 04:00:00,2025-08-08 15:11:52,1,Q1397
4852,Ladakh,101,IN,41,LA,IN-LA,union territory,,,,33.9456407,77.6568576,Asia/Kolkata,2019-10-05 21:48:57,2025-08-08 15:11:54,1,Q200667
4853,West Bengal,101,IN,28,WB,IN-WB,state,,,,22.9964948,87.6855882,Asia/Kolkata,2019-10-05 21:48:57,2025-08-08 15:11:56,1,Q1356
4854,Sinop,225,TR,57,57,TR-57,province,,,,41.6476377,34.9560137,Europe/Istanbul,2020-05-24 21:48:46,2025-08-08 15:11:58,1,Q134413
4855,Distrito Capital,239,VE,25,A,VE-A,capital district,,,,10.4749543,-66.9708041,America/Caracas,2019-10-05 21:48:45,2025-08-08 15:11:59,1,Q492791
4856,Apure,239,VE,03,C,VE-C,state,,,,7.0735781,-68.8202025,America/Caracas,2019-10-05 21:48:45,2025-08-08 15:12:01,1,Q41146
4857,Jalisco,142,MX,14,JAL,MX-JAL,state,,,,20.3333331,-103.6666671,America/Mexico_City,2020-06-28 21:48:55,2025-08-08 15:12:02,1,Q13160
4858,Roraima,31,BR,25,RR,BR-RR,state,1,,,2.135138,-61.3631922,America/Boa_Vista,2020-06-28 21:48:45,2025-08-08 15:12:04,1,Q42508
4859,Guarda,177,PT,11,09,PT-09,district,,,,40.5385972,-7.2675772,Europe/Lisbon,2020-06-28 21:48:46,2025-08-08 15:12:05,1,Q273533
4860,Devonshire,25,BM,01,DEV,BM-DEV,municipality,,,,32.3038062,-64.7606954,Atlantic/Bermuda,2020-07-22 13:56:00,2025-08-08 15:12:07,1,Q1207018
4861,Hamilton,25,BM,02,HA,BM-HA,municipality,,,,32.3379906,-64.7357556,Atlantic/Bermuda,2020-07-22 13:56:00,2025-08-08 15:12:09,1,Q289876
4863,Paget,25,BM,04,PAG,BM-PAG,municipality,,,,32.281074,-64.7784787,Atlantic/Bermuda,2020-07-22 13:56:00,2025-08-08 15:12:10,1,Q2046204
4864,Pembroke,25,BM,05,PEM,BM-PEM,municipality,,,,32.3007672,-64.796263,Atlantic/Bermuda,2020-07-22 13:56:00,2025-08-08 15:12:12,1,Q1756036
4866,Saint George's,25,BM,07,SGE,BM-SGE,municipality,,,,32.3722689,-64.698502,Atlantic/Bermuda,2020-07-22 13:56:00,2025-08-08 15:12:13,1,Q1521745
4867,Sandys,25,BM,08,SAN,BM-SAN,municipality,,,,32.2999528,-64.8674103,Atlantic/Bermuda,2020-07-22 13:56:00,2025-08-08 15:12:15,1,Q121782
4868,Smith's,25,BM,09,SMI,BM-SMI,municipality,,,,32.3133966,-64.7310588,Atlantic/Bermuda,2020-07-22 13:56:00,2025-08-08 15:12:17,1,Q1735847
4869,Southampton,25,BM,10,SOU,BM-SOU,municipality,,,,32.2517959,-64.8496989,Atlantic/Bermuda,2020-07-22 13:56:00,2025-08-08 15:12:18,1,Q1323054
4870,Warwick,25,BM,11,WAR,BM-WAR,municipality,,,,32.2661534,-64.8081198,Atlantic/Bermuda,2020-07-22 13:56:00,2025-08-08 15:12:20,1,Q1468860
4871,Huila,48,CO,16,HUI,CO-HUI,department,,,,2.4738993,-75.5900113,America/Bogota,2020-08-15 19:19:06,2025-08-08 15:12:21,1,Q234920
4874,Ferizaj,248,XK,,XUF,XK-XUF,district,,,,42.3701844,21.1483281,Europe/Belgrade,2020-08-15 20:05:46,2025-08-08 15:12:23,1,Q868964
4876,Gjakove,248,XK,,XDG,XK-XDG,district,,,,42.3798793,20.4316226,Europe/Belgrade,2020-08-15 20:06:53,2025-08-08 15:12:25,1,Q1059386
4877,Gjilan,248,XK,,XGJ,XK-XGJ,district,,,,42.4635206,21.4694011,Europe/Belgrade,2020-08-15 20:08:25,2025-08-08 15:12:27,1,Q1048355
4878,Mitrovica,248,XK,,XKM,XK-XKM,district,,,,42.8790424,20.8657862,Europe/Belgrade,2020-08-15 20:09:53,2025-08-08 15:12:29,1,Q1046673
4879,Pristina,248,XK,,XPI,XK-XPI,district,,,,42.6629138,21.1655028,Europe/Belgrade,2020-08-15 20:33:03,2025-08-08 15:12:30,1,Q25270
4880,Autonomous City of Buenos Aires,11,AR,01,C,AR-C,city,,,,-34.6161231,-58.4356212,America/Argentina/Buenos_Aires,2020-08-15 20:49:48,2025-08-08 15:12:32,1,Q44754
4881,New Providence,17,BS,23,NP,BS-NP,island,,,,25.1943588,-77.2953297,America/Nassau,2020-10-13 19:26:49,2025-08-08 15:12:34,1,Q858513
4882,Shumen,34,BG,54,27,BG-27,district,,,,43.2712398,26.9361286,Europe/Sofia,2020-12-05 17:23:53,2025-08-08 15:12:36,1,Q184981
4883,Yuen Long,98,HK,,NYL,HK-NYL,district,,,,22.4487051,114.0958704,Asia/Hong_Kong,2021-01-23 15:27:51,2025-08-08 15:12:37,1,Q871442
4884,Tsuen Wan,98,HK,,NTW,HK-NTW,district,,,,22.36281,114.12907,Asia/Hong_Kong,2021-01-23 15:30:27,2025-08-08 15:12:39,1,Q878514
4885,Tai Po,98,HK,,NTP,HK-NTP,district,,,,22.45085,114.16422,Asia/Hong_Kong,2021-01-23 15:30:27,2025-08-08 15:12:40,1,Q877813
4887,Sai Kung,98,HK,,NSK,HK-NSK,district,,,,21.6730519,108.3954313,Asia/Shanghai,2021-01-23 15:39:34,2025-08-08 15:12:42,1,Q155697
4888,Islands,98,HK,,NIS,HK-NIS,district,,,,22.26114,113.94608,Asia/Hong_Kong,2021-01-23 15:39:35,2025-08-08 15:12:43,1,Q752523
4889,Central and Western,98,HK,,HCW,HK-HCW,district,,,,22.28666,114.15497,Asia/Hong_Kong,2021-01-23 15:39:36,2025-08-08 15:12:45,1,Q312485
4890,Wan Chai,98,HK,,HWC,HK-HWC,district,,,,22.264499,114.1898216,Asia/Hong_Kong,2021-01-23 15:39:37,2025-08-08 15:12:47,1,Q986434
4891,Eastern,98,HK,,HEA,HK-HEA,district,,,,22.28411,114.22414,Asia/Hong_Kong,2021-01-23 15:39:38,2025-08-08 15:12:49,1,Q727054
4892,Southern,98,HK,,HSO,HK-HSO,district,,,,22.24725,114.15884,Asia/Hong_Kong,2021-01-23 15:39:39,2025-08-08 15:12:50,1,Q986431
4893,Yau Tsim Mong,98,HK,,KYT,HK-KYT,district,,,,22.32138,114.1726,Asia/Hong_Kong,2021-01-23 15:39:40,2025-08-08 15:12:52,1,Q157669
4894,Sham Shui Po,98,HK,,KSS,HK-KSS,district,,,,22.2357383,114.1698162,Asia/Hong_Kong,2021-01-23 15:39:40,2025-08-08 15:12:53,1,Q655626
4895,Kowloon City,98,HK,,KKC,HK-KKC,district,,,,22.3282,114.19155,Asia/Hong_Kong,2021-01-23 15:39:41,2025-08-08 15:12:55,1,Q986415
4896,Wong Tai Sin,98,HK,,KWT,HK-KWT,district,,,,22.33353,114.19686,Asia/Hong_Kong,2021-01-23 15:39:42,2025-08-08 15:12:57,1,Q878503
4897,Kwun Tong,98,HK,,KKT,HK-KKT,district,,,,22.31326,114.22581,Asia/Hong_Kong,2021-01-23 15:39:43,2025-08-08 15:12:58,1,Q1045119
4898,Kwai Tsing,98,HK,,NKT,HK-NKT,district,,,,22.3634303,114.1229825,Asia/Hong_Kong,2021-01-23 15:39:43,2025-08-08 15:13:00,1,Q877132
4899,Tuen Mun,98,HK,,NTM,HK-NTM,district,,,,22.39163,113.9770885,Asia/Hong_Kong,2021-01-23 15:39:44,2025-08-08 15:13:02,1,Q986383
4900,North,98,HK,,NNO,HK-NNO,district,,,,22.49471,114.13812,Asia/Hong_Kong,2021-01-23 15:39:45,2025-08-08 15:13:04,1,Q868032
4901,Sha Tin,98,HK,,NST,HK-NST,district,,,,22.38715,114.19534,Asia/Hong_Kong,2021-01-23 15:39:46,2025-08-08 15:13:05,1,Q15019
4902,Sidi Bel Abbès,4,DZ,30,22,DZ-22,province,,,,34.682268,-0.4357555,Africa/Algiers,2021-04-11 19:13:17,2025-08-08 15:13:07,1,Q235714
4905,El M'ghair,4,DZ,,49,DZ-49,province,,,,33.95807,5.7011262,Africa/Algiers,2021-04-11 19:24:32,2025-08-08 15:13:09,1,Q77103173
4906,El Menia,4,DZ,,50,DZ-50,province,,,,30.7071885,3.0480625,Africa/Algiers,2021-04-11 19:25:09,2025-08-08 15:13:10,1,Q76520264
4907,Ouled Djellal,4,DZ,,51,DZ-51,province,,,,34.4254103,5.0644342,Africa/Algiers,2021-04-11 19:25:53,2025-08-08 15:13:12,1,Q77105251
4908,Bordj Baji Mokhtar,4,DZ,,52,DZ-52,province,,,,22.6261461,0.1275817,Africa/Algiers,2021-04-11 19:26:33,2025-08-08 15:13:14,1,Q76592938
4909,Béni Abbès,4,DZ,,53,DZ-53,province,,,,30.108921,-2.4622548,Africa/Algiers,2021-04-11 19:27:17,2025-08-08 15:13:15,1,Q21606902
4910,Timimoun,4,DZ,,54,DZ-54,province,,,,30.0244725,0.8485979,Africa/Algiers,2021-04-11 19:27:46,2025-08-08 15:13:17,1,Q21606903
4911,Touggourt,4,DZ,,55,DZ-55,province,,,,33.1048574,6.0667276,Africa/Algiers,2021-04-11 19:28:14,2025-08-08 15:13:18,1,Q77103880
4912,Djanet,4,DZ,,56,DZ-56,province,,,,24.071521,9.6155847,Africa/Algiers,2021-04-11 19:28:43,2025-08-08 15:13:20,1,Q77101547
4913,In Salah,4,DZ,,57,DZ-57,province,,,,27.1950331,2.4826132,Africa/Algiers,2021-04-11 19:29:14,2025-08-08 15:13:21,1,Q76593022
4914,In Guezzam,4,DZ,,58,DZ-58,province,,,,20.42753,4.676631,Africa/Algiers,2021-04-11 19:29:49,2025-08-08 15:13:23,1,Q77102475
4915,Mureș,181,RO,27,MS,RO-MS,department,,,,45.9386537,23.2949316,Europe/Bucharest,2019-10-05 21:49:00,2025-08-08 15:13:25,1,Q188813
4916,Volgograd Oblast,182,RU,84,VGG,RU-VGG,administrative region,,,,49.6048339,44.2903582,Europe/Volgograd,2021-05-30 21:48:44,2025-08-08 15:13:27,1,Q3819
4917,La Colle,145,MC,,CL,MC-CL,quarter,,,,43.7327465,7.4137276,Europe/Monaco,2021-05-30 21:48:44,2025-08-08 15:13:28,1,Q55102
4918,La Condamine,145,MC,,CO,MC-CO,quarter,,,,43.7350665,7.419906,Europe/Monaco,2021-05-30 21:48:44,2025-08-08 15:13:30,1,Q55095
4919,Moneghetti,145,MC,,MG,MC-MG,quarter,,,,43.7364927,7.4153383,Europe/Monaco,2021-05-30 21:48:44,2025-08-08 15:13:32,1,Q55108
4920,Hamadan,103,IR,24,13,IR-13,province,,,,34.7992888,48.5152464,Asia/Tehran,2021-05-30 19:18:53,2025-08-08 15:13:33,1,Q187373
4921,Bogotá D.C.,48,CO,00,DC,CO-DC,capital district,,,,4.2834715,-74.1753606,America/Bogota,2021-07-17 15:34:59,2025-08-08 15:13:34,1,Q2841
4922,Loreto,173,PE,16,LOR,PE-LOR,region,,,,-4,-75.166667,America/Lima,2021-07-17 15:47:41,2025-08-08 15:13:36,1,Q200938
4923,Kutná Hora,58,CZ,82,205,CZ-205,district,1,4554,,49.9486561,15.2681123,Europe/Prague,2021-07-17 16:18:50,2025-08-08 15:13:37,1,Q155975
4924,Kōchi,109,JP,20,39,JP-39,prefecture,,,,33.5680384,133.5394221,Asia/Tokyo,2021-07-17 16:43:41,2025-08-08 15:13:39,1,Q134093
4925,Cần Thơ,240,VN,87,CT,VN-CT,municipality,,,,10.0364634,105.7875821,Asia/Ho_Chi_Minh,2021-07-17 17:05:10,2025-08-08 15:13:40,1,Q216075
4926,Rivers,161,NG,50,RI,NG-RI,state,,,,4.8416028,6.8604088,Africa/Lagos,2019-10-05 21:48:37,2025-08-08 15:13:42,1,Q503923
4927,Rabat-Salé-Kénitra,149,MA,04,04,MA-04,region,,,,33.9204332,-6.3676093,Africa/Casablanca,2021-07-24 14:59:10,2025-08-08 15:13:43,1,Q19951239
4928,Agadir-Ida-Ou-Tanane,149,MA,09,AGD,MA-AGD,prefecture,1,3295,,30.4209492,-9.6044298,Africa/Casablanca,2021-07-24 15:02:42,2025-08-08 15:13:45,1,Q389976
4929,Berrechid,149,MA,06,BRR,MA-BRR,province,1,3303,,33.2586035,-7.6150469,Africa/Casablanca,2021-07-24 15:05:48,2025-08-08 15:13:47,1,Q2395317
4930,Casablanca,149,MA,06,CAS,MA-CAS,prefecture,2,3303,,33.5945144,-7.6200284,Africa/Casablanca,2021-07-24 15:09:02,2025-08-08 15:13:48,1,Q7903
4931,Driouch,149,MA,02,DRI,MA-DRI,province,1,3271,,34.976032,-3.3964493,Africa/Casablanca,2021-07-24 15:10:37,2025-08-08 15:13:50,1,Q1440552
4932,Fès,149,MA,03,FES,MA-FES,prefecture,2,3313,,34.0261951,-5.0231849,Africa/Casablanca,2021-07-24 15:12:38,2025-08-08 15:13:52,1,Q80985
4933,Fquih Ben Salah,149,MA,05,FQH,MA-FQH,province,1,3278,,32.4212148,-6.7470785,Africa/Casablanca,2021-07-24 15:13:44,2025-08-08 15:13:54,1,Q3408359
4934,Guercif,149,MA,02,GUF,MA-GUF,province,1,3271,,34.225576,-3.352345,Africa/Casablanca,2021-07-24 15:14:55,2025-08-08 15:13:55,1,Q3408363
4935,Marrakech,149,MA,07,MAR,MA-MAR,prefecture,2,3288,,31.6265121,-8.0030195,Africa/Casablanca,2021-07-24 15:19:01,2025-08-08 15:13:57,1,Q101625
4936,M’diq-Fnideq,149,MA,01,MDF,MA-MDF,prefecture,2,3324,,35.7614806,-5.399416,Africa/Casablanca,2021-07-24 15:20:36,2025-08-08 15:13:58,1,Q3408887
4937,Meknès,149,MA,03,MEK,MA-MEK,prefecture,2,3313,,33.8984131,-5.5321582,Africa/Casablanca,2019-10-05 21:48:54,2025-08-08 15:14:00,1,Q3408890
4938,Midelt,149,MA,08,MID,MA-MID,province,1,3290,,32.680347,-4.739897,Africa/Casablanca,2019-10-05 21:48:54,2025-08-08 15:14:02,1,Q3408385
4939,Mohammadia,149,MA,06,MOH,MA-MOH,prefecture,2,3303,,33.6958383,-7.3893292,Africa/Casablanca,2019-10-05 21:48:54,2025-08-08 15:14:04,1,Q647417
4940,Oujda-Angad,149,MA,02,OUJ,MA-OUJ,prefecture,2,3271,,34.667468,-2.0365837,Africa/Casablanca,2019-10-05 21:48:54,2025-08-08 15:14:05,1,Q1734717
4941,Ouezzane,149,MA,01,OUZ,MA-OUZ,province,1,3324,,34.8071502,-5.5760934,Africa/Casablanca,2019-10-05 21:48:54,2025-08-08 15:14:07,1,Q3408330
4942,Rabat,149,MA,04,RAB,MA-RAB,prefecture,2,4927,,34.0218454,-6.8408929,Africa/Casablanca,2019-10-05 21:48:54,2025-08-08 15:14:09,1,Q3551
4943,Rehamna,149,MA,07,REH,MA-REH,province,1,3288,,32.4637436,-7.9087822,Africa/Casablanca,2019-10-05 21:48:54,2025-08-08 15:14:10,1,Q3408399
4944,Salé,149,MA,04,SAL,MA-SAL,prefecture,2,4927,,34.044889,-6.814017,Africa/Casablanca,2019-10-05 21:48:53,2025-08-08 15:14:12,1,Q466046
4945,Sidi Bennour,149,MA,06,SIB,MA-SIB,province,1,3303,,32.6507792,-8.4242087,Africa/Casablanca,2019-10-05 21:48:53,2025-08-08 15:14:14,1,Q3408408
4946,Sidi Ifni,149,MA,10,SIF,MA-SIF,province,1,3305,,29.3791253,-10.1715632,Africa/Casablanca,2019-10-05 21:48:53,2025-08-08 15:14:15,1,Q2672941
4947,Skhirate-Témara,149,MA,04,SKH,MA-SKH,prefecture,2,4927,,33.7563375,-6.8799428,Africa/Casablanca,2019-10-05 21:48:53,2025-08-08 15:14:17,1,Q737483
4948,Tarfaya (EH-partial),149,MA,11,TAF,MA-TAF,province,1,3298,,27.9377701,-12.9294063,Africa/Casablanca,2019-10-05 21:48:53,2025-08-08 15:14:19,1,Q15125620
4949,Tinghir,149,MA,08,TIN,MA-TIN,province,1,3290,,31.3173124,-5.7494232,Africa/Casablanca,2019-10-05 21:48:54,2025-08-08 15:14:20,1,Q3408414
4950,Tanger-Assilah,149,MA,01,TNG,MA-TNG,prefecture,2,3324,,35.7625681,-5.8295062,Africa/Casablanca,2019-10-05 21:48:53,2025-08-08 15:14:22,1,Q2392485
4951,Youssoufia,149,MA,07,YUS,MA-YUS,province,1,3288,,32.245801,-8.532439,Africa/Casablanca,2019-10-05 21:48:53,2025-08-08 15:14:24,1,Q3408420
4952,Sidi Slimane,149,MA,04,SIL,MA-SIL,province,1,4927,,34.259878,-5.927253,Africa/Casablanca,2019-10-05 21:48:53,2025-08-08 15:14:26,1,Q3408411
4953,Lualaba,51,CD,21,LU,CD-LU,province,1,,,-10.7027809,25.4657979,Africa/Lubumbashi,2019-10-05 21:48:50,2025-08-08 15:14:27,1,Q1159531
4954,Chaiyaphum,219,TH,26,36,TH-36,province,1,,,16.2720349,101.7153824,Asia/Bangkok,2019-10-05 21:48:55,2025-08-08 15:14:29,1,Q275377
4955,Mbeya,218,TZ,09,14,TZ-14,region,1,,,-8.6131228,33.3341957,Africa/Dar_es_Salaam,2021-10-10 16:07:41,2025-08-08 15:14:31,1,Q458382
4956,Songwe,218,TZ,32,31,TZ-31,region,1,,,-7.8269475,32.6193937,Africa/Dar_es_Salaam,2021-10-10 16:07:41,2025-08-08 15:14:33,1,Q458382
4957,Basel-Stadt,214,CH,04,BS,CH-BS,canton,3,,,47.5579097,7.5927728,Europe/Zurich,2021-10-15 19:09:18,2025-08-08 15:14:35,1,Q12172
4958,Bono East,83,GH,,BE,GH-BE,region,1,,,8.2247942,-0.6544711,Africa/Accra,2021-10-30 14:38:55,2025-08-08 15:14:36,1,Q60764358
4959,Bono,83,GH,,BO,GH-BO,region,1,,,7.8035236,-1.0876492,Africa/Accra,2021-10-30 14:38:55,2025-08-08 15:14:38,1,Q64685186
4960,North East,83,GH,,NE,GH-NE,region,1,,,10.5279933,-0.3698625,Africa/Accra,2021-10-30 14:38:55,2025-08-08 15:14:40,1,Q60764359
4961,Oti,83,GH,,OT,GH-OT,region,1,,,6.1064098,-0.2483786,Africa/Accra,2021-10-30 14:38:55,2025-08-08 15:14:42,1,Q48804004
4962,Savannah,83,GH,,SV,GH-SV,region,1,,,9.1400654,-1.7111234,Africa/Accra,2021-10-30 14:38:55,2025-08-08 15:14:43,1,Q60764352
4963,Western North,83,GH,,WN,GH-WN,region,1,,,6.2064665,-2.4855092,Africa/Accra,2021-10-30 14:38:55,2025-08-08 15:14:45,1,Q60764360
4964,Nueva Segovia,159,NI,16,NS,NI-NS,department,2,,,13.7719023,-86.0584542,America/Managua,2021-11-13 18:08:02,2025-08-08 15:14:47,1,Q728022
4965,Keelung,216,TW,02,KEE,TW-KEE,city,3,,,25.1317232,121.744652,Asia/Taipei,2021-11-27 15:04:03,2025-08-08 15:14:48,1,Q249996
4966,New Taipei,216,TW,03,NWT,TW-NWT,special municipality,3,,,25.011997,121.4656619,Asia/Taipei,2021-11-27 15:05:49,2025-08-08 15:14:50,1,Q244898
4967,Ain,75,FR,,01,FR-01,metropolitan department,2,4798,,46.0652385,5.2847717,Europe/Paris,2021-12-11 18:01:24,2025-08-08 15:14:52,1,Q3083
4968,Aisne,75,FR,,02,FR-02,metropolitan department,2,4828,,49.4532854,3.606899,Europe/Paris,2021-12-11 18:01:25,2025-08-08 15:14:54,1,Q3093
4969,Allier,75,FR,,03,FR-03,metropolitan department,2,4798,,46.3674641,3.1638828,Europe/Paris,2021-12-11 18:01:26,2025-08-08 15:14:55,1,Q3113
4970,Alpes-de-Haute-Provence,75,FR,,04,FR-04,metropolitan department,2,4812,,44.1640832,6.1878515,Europe/Paris,2021-12-11 18:01:27,2025-08-08 15:14:57,1,Q3131
4971,Hautes-Alpes,75,FR,,05,FR-05,metropolitan department,2,4812,,44.6564666,6.3520246,Europe/Paris,2021-12-11 18:01:28,2025-08-08 15:14:59,1,Q3125
4972,Alpes-Maritimes,75,FR,,06,FR-06,metropolitan department,2,4812,,43.9419996,7.0202655,Europe/Paris,2021-12-11 18:01:30,2025-08-08 15:15:01,1,Q3139
4973,Ardèche,75,FR,,07,FR-07,metropolitan department,2,4798,,44.815194,4.3986525,Europe/Paris,2021-12-11 18:01:31,2025-08-08 15:15:02,1,Q3148
4974,Ardennes,75,FR,,08,FR-08,metropolitan department,2,4820,,49.6980117,4.6716005,Europe/Paris,2021-12-11 18:01:32,2025-08-08 15:15:04,1,Q3164
4975,Ariège,75,FR,,09,FR-09,metropolitan department,2,4799,,42.9455368,1.4065544,Europe/Paris,2021-12-11 18:01:34,2025-08-08 15:15:05,1,Q3184
4976,Aube,75,FR,,10,FR-10,metropolitan department,2,4820,,48.3201921,4.1905397,Europe/Paris,2021-12-11 18:01:35,2025-08-08 15:15:07,1,Q3194
4977,Aude,75,FR,,11,FR-11,metropolitan department,2,4799,,43.0542733,2.5124715,Europe/Paris,2021-12-11 18:01:36,2025-08-08 15:15:09,1,Q3207
4978,Aveyron,75,FR,,12,FR-12,metropolitan department,2,4799,,44.3158574,2.5065697,Europe/Paris,2021-12-11 18:01:37,2025-08-08 15:15:11,1,Q3216
4979,Bouches-du-Rhône,75,FR,,13,FR-13,metropolitan department,2,4812,,43.5424182,5.0343236,Europe/Paris,2021-12-11 18:01:38,2025-08-08 15:15:12,1,Q3240
4981,Calvados,75,FR,,14,FR-14,metropolitan department,2,4804,,49.0907648,-0.2413951,Europe/Paris,2021-12-11 18:01:40,2025-08-08 15:15:14,1,Q3249
4982,Cantal,75,FR,,15,FR-15,metropolitan department,2,4798,,45.0497701,2.6997176,Europe/Paris,2021-12-11 18:01:41,2025-08-08 15:15:16,1,Q3259
4983,Charente,75,FR,,16,FR-16,metropolitan department,2,4795,,45.7302267,-0.7212876,Europe/Paris,2021-12-11 18:01:42,2025-08-08 15:15:17,1,Q3266
4984,Charente-Maritime,75,FR,,17,FR-17,metropolitan department,2,4795,,45.7302267,-0.7212876,Europe/Paris,2021-12-11 18:01:44,2025-08-08 15:15:19,1,Q3278
4985,Cher,75,FR,,18,FR-18,metropolitan department,2,4818,,47.0248824,2.5753334,Europe/Paris,2021-12-11 18:01:45,2025-08-08 15:15:21,1,Q3286
4986,Corrèze,75,FR,,19,FR-19,metropolitan department,2,4795,,45.3429047,1.8176424,Europe/Paris,2021-12-11 18:01:46,2025-08-08 15:15:23,1,Q3326
4987,Côte-d'Or,75,FR,,21,FR-21,metropolitan department,2,4825,,47.4655034,4.7481223,Europe/Paris,2021-12-11 18:01:48,2025-08-08 15:16:37,1,Q3342
4988,Côtes-d'Armor,75,FR,,22,FR-22,metropolitan department,2,4807,,48.4614877,-2.7514328,Europe/Paris,2021-12-11 18:01:49,2025-08-08 15:16:39,1,Q3349
4989,Creuse,75,FR,,23,FR-23,metropolitan department,2,4795,,46.0593485,2.048901,Europe/Paris,2021-12-11 18:01:52,2025-08-08 15:16:41,1,Q3353
4990,Dordogne,75,FR,,24,FR-24,metropolitan department,2,4795,,45.1429198,0.6321258,Europe/Paris,2021-12-11 18:01:53,2025-08-08 15:16:42,1,Q3357
4991,Doubs,75,FR,,25,FR-25,metropolitan department,2,4825,,46.9321774,6.3476214,Europe/Paris,2021-12-11 18:01:56,2025-08-08 15:16:44,1,Q3361
4992,Drôme,75,FR,,26,FR-26,metropolitan department,2,4798,,44.7295347,5.2046372,Europe/Paris,2021-12-11 18:01:54,2025-08-08 15:16:46,1,Q3364
4993,Eure,75,FR,,27,FR-27,metropolitan department,2,4804,,49.0756358,0.9651829,Europe/Paris,2021-12-11 18:01:57,2025-08-08 15:16:47,1,Q3372
4994,Eure-et-Loir,75,FR,,28,FR-28,metropolitan department,2,4818,,48.4474102,1.399882,Europe/Paris,2021-12-11 18:01:58,2025-08-08 15:16:49,1,Q3377
4995,Finistère,75,FR,,29,FR-29,metropolitan department,2,4807,,48.2451152,-4.0440902,Europe/Paris,2021-12-11 18:02:00,2025-08-08 15:16:51,1,Q3389
4996,Corse-du-Sud,75,FR,,2A,FR-2A,metropolitan department,2,4806,,41.8734083,9.0087052,Europe/Paris,2021-12-11 18:01:59,2025-08-08 15:16:53,1,Q3336
4997,Haute-Corse,75,FR,,2B,FR-2B,metropolitan department,2,4806,,42.4219698,9.1009065,Europe/Paris,2021-12-11 18:02:01,2025-08-08 15:16:54,1,Q3334
4998,Gard,75,FR,,30,FR-30,metropolitan department,2,4799,,43.95995,4.297637,Europe/Paris,2021-12-11 18:02:04,2025-08-08 15:16:56,1,Q12515
4999,Haute-Garonne,75,FR,,31,FR-31,metropolitan department,2,4799,,43.3054546,0.9716792,Europe/Paris,2021-12-11 18:02:02,2025-08-08 15:16:58,1,Q12538
5000,Gers,75,FR,,32,FR-32,metropolitan department,2,4799,,43.6955276,0.4101019,Europe/Paris,2021-12-11 18:02:06,2025-08-08 15:16:59,1,Q12517
5001,Gironde,75,FR,,33,FR-33,metropolitan department,2,4795,,44.883746,-0.6051264,Europe/Paris,2021-12-11 18:02:07,2025-08-08 15:17:01,1,Q12526
5002,Hérault,75,FR,,34,FR-34,metropolitan department,2,4799,,43.591422,3.3553309,Europe/Paris,2021-12-11 18:02:08,2025-08-08 15:17:03,1,Q12545
5003,Ille-et-Vilaine,75,FR,,35,FR-35,metropolitan department,2,4807,,48.1727681,-1.6498092,Europe/Paris,2021-12-11 18:02:15,2025-08-08 15:17:05,1,Q12549
5004,Indre,75,FR,,36,FR-36,metropolitan department,2,4818,,46.8121057,1.5382052,Europe/Paris,2021-12-11 18:02:16,2025-08-08 15:17:06,1,Q12553
5005,Indre-et-Loire,75,FR,,37,FR-37,metropolitan department,2,4818,,47.2232046,0.6866703,Europe/Paris,2021-12-11 18:02:18,2025-08-08 15:17:08,1,Q12556
5006,Isère,75,FR,,38,FR-38,metropolitan department,2,4798,,45.2897932,5.6343825,Europe/Paris,2021-12-11 18:02:19,2025-08-08 15:17:10,1,Q12559
5007,Jura,75,FR,,39,FR-39,metropolitan department,2,4825,,46.7833625,5.7832857,Europe/Paris,2021-12-11 18:02:20,2025-08-08 15:17:11,1,Q3120
5008,Landes,75,FR,,40,FR-40,metropolitan department,2,4795,,44.0099694,-0.6433872,Europe/Paris,2021-12-11 18:02:21,2025-08-08 15:17:13,1,Q12563
5009,Loir-et-Cher,75,FR,,41,FR-41,metropolitan department,2,4818,,47.6597752,1.2971835,Europe/Paris,2021-12-11 18:02:22,2025-08-08 15:17:14,1,Q12564
5010,Loire,75,FR,,42,FR-42,metropolitan department,2,4798,,47.6150731,-0.9784391,Europe/Paris,2021-12-11 18:02:26,2025-08-08 15:17:16,1,Q16994
5011,Haute-Loire,75,FR,,43,FR-43,metropolitan department,2,4798,,45.0857249,3.8338261,Europe/Paris,2021-12-11 18:02:28,2025-08-08 15:17:18,1,Q12572
5012,Loire-Atlantique,75,FR,,44,FR-44,metropolitan department,2,4802,,47.3481614,-1.8727461,Europe/Paris,2021-12-11 18:02:29,2025-08-08 15:17:19,1,Q3068
5013,Loiret,75,FR,,45,FR-45,metropolitan department,2,4818,,47.9138724,2.3075036,Europe/Paris,2021-12-11 18:02:31,2025-08-08 15:17:21,1,Q12574
5014,Lot,75,FR,,46,FR-46,metropolitan department,2,4799,,44.6249918,1.6657742,Europe/Paris,2021-12-11 18:02:30,2025-08-08 15:17:23,1,Q12576
5015,Lot-et-Garonne,75,FR,,47,FR-47,metropolitan department,2,4795,,44.3691703,0.4539158,Europe/Paris,2021-12-11 18:02:32,2025-08-08 15:17:24,1,Q12578
5016,Lozère,75,FR,,48,FR-48,metropolitan department,2,4799,,44.5425706,3.5211146,Europe/Paris,2021-12-11 18:02:33,2025-08-08 15:17:26,1,Q12580
5017,Maine-et-Loire,75,FR,,49,FR-49,metropolitan department,2,4802,,47.3886305,-0.3909097,Europe/Paris,2021-12-11 18:02:35,2025-08-08 15:17:28,1,Q12584
5018,Manche,75,FR,,50,FR-50,metropolitan department,2,4804,,49.0918952,-1.2454952,Europe/Paris,2021-12-11 18:02:36,2025-08-08 15:17:30,1,Q12589
5019,Marne,75,FR,,51,FR-51,metropolitan department,2,4820,,48.961264,4.3122436,Europe/Paris,2021-12-11 18:02:37,2025-08-08 15:17:31,1,Q12594
5020,Haute-Marne,75,FR,,52,FR-52,metropolitan department,2,4820,,48.1329414,5.2529108,Europe/Paris,2021-12-11 18:02:38,2025-08-08 15:17:33,1,Q12607
5021,Mayenne,75,FR,,53,FR-53,metropolitan department,2,4802,,48.3044218,-0.6179871,Europe/Paris,2021-12-11 18:02:39,2025-08-08 15:17:35,1,Q12620
5022,Meurthe-et-Moselle,75,FR,,54,FR-54,metropolitan department,2,4820,,48.9559682,5.9870383,Europe/Paris,2021-12-11 18:02:42,2025-08-08 15:17:37,1,Q12626
5023,Meuse,75,FR,,55,FR-55,metropolitan department,2,4820,,49.0129685,5.4286691,Europe/Paris,2021-12-11 18:02:43,2025-08-08 15:17:38,1,Q12631
5024,Morbihan,75,FR,,56,FR-56,metropolitan department,2,4807,,47.8259812,-2.7633493,Europe/Paris,2021-12-11 18:02:44,2025-08-08 15:17:40,1,Q12642
5025,Moselle,75,FR,,57,FR-57,metropolitan department,2,4820,,49.0207259,6.5380352,Europe/Paris,2021-12-11 18:02:45,2025-08-08 15:17:42,1,Q12652
5026,Nièvre,75,FR,,58,FR-58,metropolitan department,2,4825,,47.1196971,3.5448898,Europe/Paris,2021-12-11 18:02:46,2025-08-08 15:17:43,1,Q12657
5027,Nord,75,FR,,59,FR-59,metropolitan department,2,4828,,50.5289615,3.0883508,Europe/Paris,2021-12-11 18:02:49,2025-08-08 15:17:45,1,Q12661
5028,Oise,75,FR,,60,FR-60,metropolitan department,2,4828,,49.4120546,2.4064878,Europe/Paris,2021-12-11 18:02:47,2025-08-08 15:17:46,1,Q12675
5029,Orne,75,FR,,61,FR-61,metropolitan department,2,4804,,48.575888,0.0448794,Europe/Paris,2021-12-11 18:02:50,2025-08-08 15:17:48,1,Q12679
5030,Pas-de-Calais,75,FR,,62,FR-62,metropolitan department,2,4828,,50.5144061,2.2580078,Europe/Paris,2021-12-11 18:02:51,2025-08-08 15:17:50,1,Q12689
5031,Puy-de-Dôme,75,FR,,63,FR-63,metropolitan department,2,4798,,45.7726494,2.964407,Europe/Paris,2021-12-11 18:02:54,2025-08-08 15:17:52,1,Q12694
5032,Pyrénées-Atlantiques,75,FR,,64,FR-64,metropolitan department,2,4795,,43.1871865,-0.7282474,Europe/Paris,2021-12-11 18:02:53,2025-08-08 15:17:53,1,Q12703
5033,Hautes-Pyrénées,75,FR,,65,FR-65,metropolitan department,2,4799,,43.1437925,0.1586661,Europe/Paris,2021-12-11 18:02:55,2025-08-08 15:17:55,1,Q12700
5034,Pyrénées-Orientales,75,FR,,66,FR-66,metropolitan department,2,4799,,42.625894,2.506509,Europe/Paris,2021-12-11 18:02:56,2025-08-08 15:17:56,1,Q12709
5035,Bas-Rhin,75,FR,,67,FR-67,metropolitan department,2,4820,,48.5991783,7.5336729,Europe/Paris,2021-12-11 18:02:57,2025-08-08 15:17:58,1,Q12717
5036,Haut-Rhin,75,FR,,68,FR-68,metropolitan department,2,4820,,47.8654746,7.2315433,Europe/Paris,2021-12-11 18:02:58,2025-08-08 15:18:00,1,Q12722
5037,Rhône,75,FR,,69,FR-69,metropolitan department,2,4798,,45.8802348,4.5645336,Europe/Paris,2021-12-11 18:03:00,2025-08-08 15:18:02,1,Q46130
5038,Métropole de Lyon,75,FR,,69M,FR-69M,metropolitan collectivity with special status,,,,45.7481616,4.8556859,Europe/Paris,2021-12-11 18:03:02,2025-08-08 15:18:03,1,Q16665897
5039,Haute-Saône,75,FR,,70,FR-70,metropolitan department,2,4820,,47.6384233,6.0951141,Europe/Paris,2021-12-11 18:03:03,2025-08-08 15:18:05,1,Q12730
5040,Saône-et-Loire,75,FR,,71,FR-71,metropolitan department,2,4825,,46.6557086,4.5585548,Europe/Paris,2021-12-11 18:03:05,2025-08-08 15:18:07,1,Q12736
5041,Sarthe,75,FR,,72,FR-72,metropolitan department,2,4802,,48.0269287,0.2538217,Europe/Paris,2021-12-11 18:03:06,2025-08-08 15:18:09,1,Q12740
5042,Savoie,75,FR,,73,FR-73,metropolitan department,2,4798,,45.4948952,6.3846604,Europe/Paris,2021-12-11 18:03:08,2025-08-08 15:18:10,1,Q12745
5043,Haute-Savoie,75,FR,,74,FR-74,metropolitan department,2,4798,,46.0690406,6.3445321,Europe/Paris,2021-12-11 18:03:07,2025-08-08 15:18:12,1,Q12751
5044,Seine-Maritime,75,FR,,76,FR-76,metropolitan department,2,4804,,49.6632374,0.9401134,Europe/Paris,2021-12-11 18:03:09,2025-08-08 15:18:14,1,Q12758
5045,Seine-et-Marne,75,FR,,77,FR-77,metropolitan department,2,4796,,48.6190207,3.0418158,Europe/Paris,2021-12-11 18:03:10,2025-08-08 15:18:15,1,Q12753
5046,Yvelines,75,FR,,78,FR-78,metropolitan department,2,4796,,48.7620373,1.8871376,Europe/Paris,2021-12-11 18:03:11,2025-08-08 15:18:17,1,Q12820
5047,Deux-Sèvres,75,FR,,79,FR-79,metropolitan department,2,4795,,46.53914,-0.2994785,Europe/Paris,2021-12-11 18:03:12,2025-08-08 15:18:19,1,Q12765
5048,Somme,75,FR,,80,FR-80,metropolitan department,2,4828,,49.9689482,2.3738855,Europe/Paris,2021-12-11 18:03:14,2025-08-08 15:18:21,1,Q12770
5049,Tarn,75,FR,,81,FR-81,metropolitan department,2,4799,,43.7921741,2.1339648,Europe/Paris,2021-12-11 18:03:16,2025-08-08 15:18:22,1,Q12772
5050,Tarn-et-Garonne,75,FR,,82,FR-82,metropolitan department,2,4799,,44.080656,1.2050633,Europe/Paris,2021-12-11 18:03:17,2025-08-08 15:18:24,1,Q12779
5051,Var,75,FR,,83,FR-83,metropolitan department,2,4812,,43.4173551,6.2664637,Europe/Paris,2021-12-11 18:03:18,2025-08-08 15:18:26,1,Q12789
5052,Vaucluse,75,FR,,84,FR-84,metropolitan department,2,4812,,43.9938643,5.1818898,Europe/Paris,2021-12-11 18:03:19,2025-08-08 15:18:28,1,Q12792
5053,Vendée,75,FR,,85,FR-85,metropolitan department,2,4802,,46.6757732,-1.2914463,Europe/Paris,2021-12-11 18:03:20,2025-08-08 15:18:30,1,Q12798
5054,Vienne,75,FR,,86,FR-86,metropolitan department,2,4795,,45.52524,4.87477,Europe/Paris,2021-12-11 18:03:23,2025-08-08 15:18:31,1,Q12804
5055,Haute-Vienne,75,FR,,87,FR-87,metropolitan department,2,4795,,45.9190192,1.2031768,Europe/Paris,2021-12-11 18:03:22,2025-08-08 15:18:33,1,Q12808
5056,Vosges,75,FR,,88,FR-88,metropolitan department,2,4820,,48.163786,6.3820712,Europe/Paris,2021-12-11 18:03:25,2025-08-08 15:18:35,1,Q3105
5057,Yonne,75,FR,,89,FR-89,metropolitan department,2,4825,,47.8551257,3.6450439,Europe/Paris,2021-12-11 18:03:26,2025-08-08 15:18:37,1,Q12816
5058,Territoire de Belfort,75,FR,,90,FR-90,metropolitan department,2,4825,,47.629231,6.8993012,Europe/Paris,2021-12-11 18:03:28,2025-08-08 15:18:38,1,Q12782
5059,Essonne,75,FR,,91,FR-91,metropolitan department,2,4796,,48.5303402,2.2392918,Europe/Paris,2021-12-11 18:03:29,2025-08-08 15:18:40,1,Q3368
5060,Hauts-de-Seine,75,FR,,92,FR-92,metropolitan department,2,4796,,48.8401859,2.19863,Europe/Paris,2021-12-11 18:03:31,2025-08-08 15:18:42,1,Q12543
5061,Seine-Saint-Denis,75,FR,,93,FR-93,metropolitan department,2,4796,,48.9098125,2.4528635,Europe/Paris,2021-12-11 18:03:32,2025-08-08 15:18:44,1,Q12761
5062,Val-de-Marne,75,FR,,94,FR-94,metropolitan department,2,4796,,48.7744893,2.4543321,Europe/Paris,2021-12-11 18:03:33,2025-08-08 15:18:45,1,Q12788
5063,Val-d'Oise,75,FR,,95,FR-95,metropolitan department,2,4796,,49.0750704,2.2098114,Europe/Paris,2021-12-11 18:03:34,2025-08-08 15:18:47,1,Q12784
5064,Clipperton,75,FR,IP,CP,FR-CP,dependency,,,,10.3021287,-109.217835,Etc/GMT+7,2021-12-11 16:21:55,2025-08-08 15:18:49,1,Q161258
5065,French Southern and Antarctic Lands,75,FR,FS,TF,FR-TF,overseas territory,,,,-49.237442,69.622759,Indian/Kerguelen,2021-12-11 16:22:02,2025-08-08 15:18:50,1,Q129003
5067,Sharqia,65,EG,13,SHR,EG-SHR,governorate,2,,,30.6332775,31.7893739,Africa/Cairo,2022-01-16 10:36:48,2025-08-08 15:18:52,1,Q31074
5068,Loja,64,EC,12,L,EC-L,province,1,,,-3.99313,-79.20422,America/Guayaquil,2022-01-20 13:49:51,2025-08-08 15:18:54,1,Q504238
5069,Karlovac,55,HR,05,04,HR-04,county,2,,,45.4892522,15.5486303,Europe/Zagreb,2022-03-04 13:52:53,2025-08-08 15:18:56,1,Q57071
5070,Kampong Thom,37,KH,05,6,KH-6,province,1,,,12.6687923,104.8879197,Asia/Phnom_Penh,2019-10-05 21:48:56,2025-08-08 15:18:57,1,Q502148
5071,Poltavska,230,UA,18,53,UA-53,region,1,,,49.8607809,33.7498787,Europe/Kiev,2022-03-13 14:05:25,2025-08-08 15:18:59,1,Q169501
5072,Saint Thomas,242,VI,,ST,VI-ST,district,2,,,18.3429081,-64.9188997,America/St_Thomas,2022-05-08 15:57:30,2025-08-08 15:19:01,1,Q463937
5073,Saint John,242,VI,,SJ,VI-SJ,district,2,,,18.3356013,-64.7550406,America/St_Thomas,2022-05-08 15:57:30,2025-08-08 15:19:03,1,Q849441
5074,Saint Croix,242,VI,,SC,VI-SC,district,2,,,17.729124,-64.7589156,America/St_Thomas,2022-05-08 15:57:30,2025-08-08 15:19:05,1,Q642481
5075,San Juan,178,PR,233,SJ,PR-SJ,region,1,,,18.384239,-66.05344,America/Puerto_Rico,2022-05-08 16:53:18,2025-08-08 15:19:06,1,Q41211
5076,Bayamon,178,PR,233,BY,PR-BY,region,1,,,18.3449582,-66.168374,America/Puerto_Rico,2022-05-08 16:53:18,2025-08-08 15:19:08,1,Q16089204
5077,Carolina,178,PR,233,CL,PR-CL,region,1,,,18.3808516,-65.9570244,America/Puerto_Rico,2022-05-08 16:53:18,2025-08-08 15:19:09,1,Q990293
5078,Ponce,178,PR,233,PO,PR-PO,region,1,,,18.011564,-66.613958,America/Puerto_Rico,2022-05-08 16:53:18,2025-08-08 15:19:11,1,Q864024
5079,Caguas,178,PR,233,CG,PR-CG,region,1,,,18.23333333,-66.03333333,America/Puerto_Rico,2022-05-08 16:53:18,2025-08-08 15:19:13,1,Q527268
5080,Guaynabo,178,PR,233,GN,PR-GN,region,1,,,18.3591596,-66.1156802,America/Puerto_Rico,2022-05-08 16:53:18,2025-08-08 15:19:15,1,Q590060
5081,Arecibo,178,PR,233,AR,PR-AR,region,1,,,18.47055556,-66.72083333,America/Puerto_Rico,2022-05-08 16:53:18,2025-08-08 15:19:16,1,Q640728
5082,Toa Baja,178,PR,233,TB,PR-TB,region,1,,,18.443889,-66.259722,America/Puerto_Rico,2022-05-08 16:53:18,2025-08-08 15:19:18,1,Q2238070
5083,Mayagüez,178,PR,233,MG,PR-MG,region,1,,,18.20111111,-67.13972222,America/Puerto_Rico,2022-05-08 16:53:18,2025-08-08 15:19:20,1,Q632727
5084,Trujillo Alto,178,PR,233,TA,PR-TA,region,1,,,18.3542408,-66.007377,America/Puerto_Rico,2022-05-08 16:53:18,2025-08-08 15:19:22,1,Q1150895
5085,Komárom-Esztergom,99,HU,,KE,HU-KE,county,2,,,47.6511599,18.2551911,Europe/Budapest,2019-10-05 21:48:40,2025-08-08 15:19:23,1,Q190018
5086,Bonaire,155,BQ,06,BQ1,BQ-BQ1,special municipality,3,,,12.2018902,-68.2623822,America/Kralendijk,2019-10-05 21:48:48,2025-08-08 15:19:25,1,Q25396
5087,Saba,155,BQ,10,BQ2,BQ-BQ2,special municipality,3,,,17.6354642,-63.2326763,America/Kralendijk,2019-10-05 21:48:48,2025-08-08 15:19:27,1,Q25528
5088,Sint Eustatius,155,BQ,05,BQ3,BQ-BQ3,special municipality,3,,,17.4890306,-62.973555,America/Kralendijk,2019-10-05 21:48:48,2025-08-08 15:19:28,1,Q26180
5089,A Coruña,207,ES,,C,ES-C,province,1,5334,,43.3709703,-8.3959425,Europe/Madrid,2022-08-28 13:29:02,2025-08-08 15:19:30,1,Q8757
5090,Lugo,207,ES,,LU,ES-LU,province,1,5334,,43.0118437,-7.5565749,Europe/Madrid,2022-08-28 17:21:53,2025-08-08 15:19:32,1,Q11125
5091,Ourense,207,ES,,OR,ES-OR,province,1,5334,,42.3438932,-7.8571792,Europe/Madrid,2022-08-28 17:52:08,2025-08-08 15:19:33,1,Q95038
5092,Badajoz,207,ES,,BA,ES-BA,province,1,5325,,38.878187,-6.9701115,Europe/Madrid,2022-08-28 18:08:39,2025-08-08 15:19:35,1,Q81803
5093,Araba,207,ES,,VI,ES-VI,province,1,5332,,42.8440722,-2.6820829,Europe/Madrid,2022-08-28 18:21:50,2025-08-08 15:19:36,1,Q81801
5094,Bizkaia,207,ES,,BI,ES-BI,province,1,5332,,43.238482,-2.8516316,Europe/Madrid,2022-08-28 18:24:54,2025-08-08 15:19:38,1,Q93366
5095,Almeria,207,ES,,AL,ES-AL,province,1,5325,,36.8414197,-2.4628135,Europe/Madrid,2022-08-28 18:40:22,2025-08-08 15:19:40,1,Q10400
5096,Cádiz,207,ES,,CA,ES-CA,province,1,5325,,36.5297438,-6.2928976,Europe/Madrid,2022-08-28 18:43:54,2025-08-08 15:19:41,1,Q15682
5097,Córdoba,207,ES,,CO,ES-CO,province,1,5325,,37.9567116,-4.8477241,Europe/Madrid,2022-08-28 18:46:43,2025-08-08 15:19:43,1,Q5818
5098,Granada,207,ES,,GR,ES-GR,province,1,5325,,37.1734995,-3.5995337,Europe/Madrid,2022-08-28 18:51:59,2025-08-08 15:19:44,1,Q8810
5099,Huelva,207,ES,,H,ES-H,province,1,5325,,37.2575874,-6.9484945,Europe/Madrid,2022-08-28 18:58:21,2025-08-08 15:19:46,1,Q12246
5100,Jaén,207,ES,,J,ES-J,province,1,5325,,37.7728858,-3.7883289,Europe/Madrid,2022-08-28 19:02:57,2025-08-08 15:19:47,1,Q15681
5101,Málaga,207,ES,,MA,ES-MA,province,1,5325,,36.7213028,-4.4216366,Europe/Madrid,2022-08-28 19:06:13,2025-08-08 15:19:49,1,Q8851
5102,Barcelona,207,ES,,B,ES-B,province,1,5331,,41.3825802,2.177073,Europe/Madrid,2022-08-29 10:48:40,2025-08-08 15:19:51,1,Q1492
5103,Girona,207,ES,,GI,ES-GI,province,1,5331,,41.9793006,2.8199439,Europe/Madrid,2022-08-29 10:51:41,2025-08-08 15:19:53,1,Q7038
5104,Lleida,207,ES,,L,ES-L,province,1,5331,,41.6147605,0.6267842,Europe/Madrid,2022-08-29 10:54:43,2025-08-08 15:19:54,1,Q15090
5105,Ciudad Real,207,ES,,CR,ES-CR,province,1,5330,,38.9854201,-3.9285138,Europe/Madrid,2022-08-29 11:02:44,2025-08-08 15:19:56,1,Q15093
5106,Cuenca,207,ES,,CU,ES-CU,province,1,5330,,40.0661031,-2.1313528,Europe/Madrid,2022-08-29 11:04:38,2025-08-08 15:19:57,1,Q54888
5107,Guadalajara,207,ES,,GU,ES-GU,province,1,5330,,40.6326979,-3.1646067,Europe/Madrid,2022-08-29 11:06:21,2025-08-08 15:19:59,1,Q11953
5108,Alicante,207,ES,,A,ES-A,province,1,5340,,38.3436365,-0.4881708,Europe/Madrid,2022-08-29 11:12:59,2025-08-08 15:20:01,1,Q11959
5109,Albacete,207,ES,,AB,ES-AB,province,1,5330,,38.9950921,-1.8559154,Europe/Madrid,2022-08-29 11:16:46,2025-08-08 15:20:02,1,Q54889
5110,Castellón,207,ES,,CS,ES-CS,province,1,5340,,40.2518568,-0.0615052,Europe/Madrid,2022-08-29 11:26:02,2025-08-08 15:20:04,1,Q54942
5111,Teruel,207,ES,,TE,ES-TE,province,1,5326,,40.345041,-1.1184744,Europe/Madrid,2022-08-29 11:28:56,2025-08-08 15:20:06,1,Q14336
5112,Santa Cruz de Tenerife,207,ES,,TF,ES-TF,province,1,5222,,28.467178,-16.2507843,Atlantic/Canary,2022-08-29 11:30:37,2025-08-08 15:20:08,1,Q14328
5113,Zaragoza,207,ES,,Z,ES-Z,province,1,5326,,41.6521342,-0.8809428,Europe/Madrid,2022-08-29 11:32:20,2025-08-08 15:20:10,1,Q10305
5114,Chari-Baguirmi,43,TD,15,CB,TD-CB,province,1,,,11.3345348,16.2884311,Africa/Ndjamena,2022-08-31 12:46:52,2025-08-08 15:20:11,1,Q843975
5115,Western Samar,174,PH,,WSA,PH-WSA,province,1,1322,,11.833333,125,Asia/Manila,2022-08-31 14:09:41,2025-08-08 15:20:13,1,Q13876
5116,Nabeul,224,TN,19,21,TN-21,governorate,2,,,36.4823676,10.6707197,Africa/Tunis,2022-08-31 14:26:14,2025-08-08 15:20:15,1,Q328145
5117,Jämtland,213,SE,29,Z,SE-Z,county,2,,,63.3452222,14.124986,Europe/Stockholm,2022-11-04 08:21:51,2025-08-08 15:20:17,1,Q103679
5118,Bethlehem,169,PS,,BTH,PS-BTH,governorate,2,,,31.7053996,35.1936877,Asia/Hebron,2022-11-06 18:04:06,2025-08-08 15:20:19,1,Q247037
5119,Deir El Balah,169,PS,,DEB,PS-DEB,governorate,2,,,31.4202897,34.286164,Asia/Gaza,2022-11-06 18:04:06,2025-08-08 15:20:20,1,Q592249
5120,Gaza,169,PS,,GZA,PS-GZA,governorate,2,,,31.4872397,34.149989,Asia/Gaza,2022-11-06 18:04:06,2025-08-08 15:20:22,1,Q762573
5121,Hebron,169,PS,,HBN,PS-HBN,governorate,2,,,31.5326001,35.0639475,Asia/Hebron,2022-11-06 18:04:06,2025-08-08 15:20:24,1,Q264180
5122,Jenin,169,PS,,JEN,PS-JEN,governorate,2,,,32.4263761,35.0856887,Asia/Hebron,2022-11-06 18:04:06,2025-08-08 15:20:26,1,Q519311
5123,Jericho ,169,PS,,JRH,PS-JRH,governorate,2,,,31.9676425,35.1354279,Asia/Hebron,2022-11-06 18:04:06,2025-08-08 15:20:27,1,Q658527
5124,Jerusalem (Quds),169,PS,,JEM,PS-JEM,governorate,2,,,31.8020328,34.9599664,Asia/Jerusalem,2022-11-06 18:04:06,2025-08-08 15:20:29,1,Q941828
5125,Khan Yunis,169,PS,,KYS,PS-KYS,governorate,2,,,31.3298766,34.2254833,Asia/Gaza,2022-11-06 18:04:06,2025-08-08 15:20:31,1,Q948026
5126,Nablus,169,PS,,NBS,PS-NBS,governorate,2,,,32.2243755,35.2064793,Asia/Hebron,2022-11-06 18:04:06,2025-08-08 15:20:33,1,Q1074138
5127,North Gaza,169,PS,,NGZ,PS-NGZ,governorate,2,,,31.547506,34.4281409,Asia/Gaza,2022-11-06 18:04:06,2025-08-08 15:20:35,1,Q181636
5128,Qalqilya,169,PS,,QQA,PS-QQA,governorate,2,,,32.1810323,34.9936999,Asia/Hebron,2022-11-06 18:04:06,2025-08-08 15:20:36,1,Q1074443
5129,Rafah,169,PS,,RFH,PS-RFH,governorate,2,,,31.2968899,34.1116685,Africa/Cairo,2022-11-06 18:04:06,2025-08-08 15:20:38,1,Q1074341
5130,Ramallah,169,PS,,RBH,PS-RBH,governorate,2,,,31.9430145,34.8645651,Asia/Jerusalem,2022-11-06 18:04:06,2025-08-08 15:20:40,1,Q1093166
5131,Salfit,169,PS,,SLT,PS-SLT,governorate,2,,,32.1112272,34.9578769,Asia/Jerusalem,2022-11-06 18:04:06,2025-08-08 15:20:41,1,Q926530
5132,Tubas,169,PS,,TBS,PS-TBS,governorate,2,,,32.2938043,34.851098,Asia/Jerusalem,2022-11-06 18:04:06,2025-08-08 15:20:43,1,Q948228
5133,Tulkarm,169,PS,,TKM,PS-TKM,governorate,2,,,32.3276672,34.9231108,Asia/Jerusalem,2022-11-06 18:04:06,2025-08-08 15:20:45,1,Q1093157
5134,Adjuntas,178,PR,,001,PR-001,municipality,3,,,18.1634848,-66.723158,America/Puerto_Rico,2023-03-25 18:29:22,2025-08-08 15:20:47,1,Q1864884
5135,Aguada,178,PR,,003,PR-003,municipality,3,,,18.3801579,-67.188704,America/Puerto_Rico,2023-03-25 18:29:22,2025-08-08 15:20:48,1,Q365641
5136,Aguadilla,178,PR,,005,PR-005,municipality,3,,,18.4496551,-67.1184764,America/Puerto_Rico,2023-03-25 18:29:22,2025-08-08 15:20:50,1,Q397826
5137,Aguas Buenas,178,PR,,007,PR-007,municipality,3,,,18.2568989,-66.1029442,America/Puerto_Rico,2023-03-25 18:29:22,2025-08-08 15:20:52,1,Q2361568
5138,Aibonito,178,PR,,009,PR-009,municipality,3,,,18.1281472,-66.2692441,America/Puerto_Rico,2023-03-25 18:29:22,2025-08-08 15:20:53,1,Q2485628
5139,Añasco,178,PR,,011,PR-011,municipality,3,,,18.2854476,-67.1402935,America/Puerto_Rico,2023-03-25 18:29:22,2025-08-08 15:20:55,1,Q2390910
5140,Arecibo,178,PR,,013,PR-013,municipality,3,,,18.4705137,-66.7218472,America/Puerto_Rico,2023-03-25 18:29:22,2025-08-08 15:20:57,1,Q640728
5141,Arroyo,178,PR,,015,PR-015,municipality,3,,,17.9961993,-66.0531683,America/Puerto_Rico,2023-03-25 18:29:22,2025-08-08 15:20:59,1,Q344528
5142,Barceloneta,178,PR,,017,PR-017,municipality,3,,,18.4546639,-66.5386877,America/Puerto_Rico,2023-03-25 18:29:22,2025-08-08 15:21:00,1,Q526438
5143,Barranquitas,178,PR,,019,PR-019,municipality,3,,,18.1866242,-66.3062802,America/Puerto_Rico,2023-03-25 18:29:22,2025-08-08 15:21:02,1,Q2485615
5144,Bayamón,178,PR,,021,PR-021,municipality,3,,,18.3990551,-66.1560326,America/Puerto_Rico,2023-03-25 18:29:22,2025-08-08 15:21:03,1,Q739675
5145,Cabo Rojo,178,PR,,023,PR-023,municipality,3,,,18.0866265,-67.1457347,America/Puerto_Rico,2023-03-25 18:29:22,2025-08-08 15:21:05,1,Q396221
5146,Caguas,178,PR,,025,PR-025,municipality,3,,,18.2387995,-66.035249,America/Puerto_Rico,2023-03-25 18:29:22,2025-08-08 15:21:07,1,Q527268
5147,Camuy,178,PR,,027,PR-027,municipality,3,,,18.483833,-66.8448994,America/Puerto_Rico,2023-03-25 18:29:22,2025-08-08 15:21:09,1,Q2380860
5148,Canóvanas,178,PR,,029,PR-029,municipality,3,,,18.3748748,-65.8997533,America/Puerto_Rico,2023-03-25 18:29:22,2025-08-08 15:21:11,1,Q2361552
5149,Carolina,178,PR,,031,PR-031,municipality,3,,,18.3808516,-65.9570244,America/Puerto_Rico,2023-03-25 18:29:22,2025-08-08 15:21:12,1,Q729639
5150,Cataño,178,PR,,033,PR-033,municipality,3,,,18.4465355,-66.1355775,America/Puerto_Rico,2023-03-25 18:29:22,2025-08-08 15:21:14,1,Q768483
5151,Cayey,178,PR,,035,PR-035,municipality,3,,,18.1119051,-66.166,America/Puerto_Rico,2023-03-25 18:29:22,2025-08-08 15:21:16,1,Q2307508
5152,Ceiba,178,PR,,037,PR-037,municipality,3,,,18.1877139,-65.894484,America/Puerto_Rico,2023-03-25 18:29:22,2025-08-08 15:21:18,1,Q284019
5153,Ciales,178,PR,,039,PR-039,municipality,3,,,18.3360622,-66.4687823,America/Puerto_Rico,2023-03-25 18:29:22,2025-08-08 15:21:19,1,Q2485522
5154,Cidra,178,PR,,041,PR-041,municipality,3,,,18.1757914,-66.1612779,America/Puerto_Rico,2023-03-25 18:29:22,2025-08-08 15:21:21,1,Q431138
5155,Coamo,178,PR,,043,PR-043,municipality,3,,,18.0799616,-66.3579473,America/Puerto_Rico,2023-03-25 18:29:22,2025-08-08 15:21:22,1,Q1942303
5156,Comerío,178,PR,,045,PR-045,municipality,3,,,18.2192001,-66.2256022,America/Puerto_Rico,2023-03-25 18:29:22,2025-08-08 15:21:24,1,Q2222328
5157,Corozal,178,PR,,047,PR-047,municipality,3,,,18.3043878,-66.3289186,America/Puerto_Rico,2023-03-25 18:29:22,2025-08-08 15:21:26,1,Q451786
5158,Culebra,178,PR,,049,PR-049,municipality,3,,,18.3136776,-65.2826226,America/Puerto_Rico,2023-03-25 18:29:22,2025-08-08 15:21:27,1,Q526402
5159,Dorado,178,PR,,051,PR-051,municipality,3,,,18.4594766,-66.2618846,America/Puerto_Rico,2023-03-25 18:29:22,2025-08-08 15:21:29,1,Q8837
5160,Fajardo,178,PR,,053,PR-053,municipality,3,,,18.3252148,-65.6539356,America/Puerto_Rico,2023-03-25 18:29:22,2025-08-08 15:21:31,1,Q542833
5161,Florida,178,PR,,054,PR-054,municipality,3,,,18.3629772,-66.5669961,America/Puerto_Rico,2023-03-25 18:29:22,2025-08-08 15:21:32,1,Q812
5162,Guánica,178,PR,,055,PR-055,municipality,3,,,17.9725145,-66.9086264,America/Puerto_Rico,2023-03-25 18:29:22,2025-08-08 15:21:34,1,Q1019645
5163,Guayama,178,PR,,057,PR-057,municipality,3,,,17.9841328,-66.1137767,America/Puerto_Rico,2023-03-25 18:29:22,2025-08-08 15:21:36,1,Q1870997
5164,Guayanilla,178,PR,,059,PR-059,municipality,3,,,18.0191314,-66.791842,America/Puerto_Rico,2023-03-25 18:29:22,2025-08-08 15:21:38,1,Q2333093
5165,Guaynabo,178,PR,,061,PR-061,municipality,3,,,18.3591596,-66.1156802,America/Puerto_Rico,2023-03-25 18:29:22,2025-08-08 15:21:39,1,Q590060
5166,Gurabo,178,PR,,063,PR-063,municipality,3,,,18.2543987,-65.9729421,America/Puerto_Rico,2023-03-25 18:29:22,2025-08-08 15:21:41,1,Q396816
5167,Hatillo,178,PR,,065,PR-065,municipality,3,,,18.4071589,-66.7959287,America/Puerto_Rico,2023-03-25 18:29:22,2025-08-08 15:21:42,1,Q1179486
5168,Hormigueros,178,PR,,067,PR-067,municipality,3,,,18.1334638,-67.1128123,America/Puerto_Rico,2023-03-25 18:29:22,2025-08-08 15:21:44,1,Q2361536
5169,Humacao,178,PR,,069,PR-069,municipality,3,,,18.1515736,-65.8248529,America/Puerto_Rico,2023-03-25 18:29:22,2025-08-08 15:21:46,1,Q2307535
5170,Isabela,178,PR,,071,PR-071,municipality,3,,,18.5007536,-67.0237422,America/Puerto_Rico,2023-03-25 18:29:22,2025-08-08 15:21:48,1,Q230864
5171,Jayuya,178,PR,,073,PR-073,municipality,3,,,18.2185674,-66.5915617,America/Puerto_Rico,2023-03-25 18:29:22,2025-08-08 15:21:49,1,Q2095818
5172,Juana Díaz,178,PR,,075,PR-075,municipality,3,,,18.0534372,-66.5075079,America/Puerto_Rico,2023-03-25 18:29:22,2025-08-08 15:21:51,1,Q2361577
5173,Juncos,178,PR,,077,PR-077,municipality,3,,,18.2274558,-65.920997,America/Puerto_Rico,2023-03-25 18:29:22,2025-08-08 15:21:53,1,Q2347667
5174,Lajas,178,PR,,079,PR-079,municipality,3,,,18.049962,-67.0593449,America/Puerto_Rico,2023-03-25 18:29:22,2025-08-08 15:21:54,1,Q396648
5175,Lares,178,PR,,081,PR-081,municipality,3,,,18.2948683,-66.8776045,America/Puerto_Rico,2023-03-25 18:29:22,2025-08-08 15:21:56,1,Q504377
5176,Las Marías,178,PR,,083,PR-083,municipality,3,,,18.2522446,-66.9918133,America/Puerto_Rico,2023-03-25 18:29:22,2025-08-08 15:21:58,1,Q2485590
5177,Las Piedras,178,PR,,085,PR-085,municipality,3,,,18.1824445,-65.8646741,America/Puerto_Rico,2023-03-25 18:29:22,2025-08-08 15:21:59,1,Q115308
5178,Loíza,178,PR,,087,PR-087,municipality,3,,,18.4329904,-65.87836,America/Puerto_Rico,2023-03-25 18:29:22,2025-08-08 15:22:01,1,Q1853983
5179,Luquillo,178,PR,,089,PR-089,municipality,3,,,18.3724507,-65.7165511,America/Puerto_Rico,2023-03-25 18:29:22,2025-08-08 15:22:03,1,Q1984618
5180,Manatí,178,PR,,091,PR-091,municipality,3,,,18.4182467,-66.49178,America/Puerto_Rico,2023-03-25 18:29:22,2025-08-08 15:22:04,1,Q674599
5181,Maricao,178,PR,,093,PR-093,municipality,3,,,18.1807902,-66.9799001,America/Puerto_Rico,2023-03-25 18:29:22,2025-08-08 15:22:06,1,Q2624359
5182,Maunabo,178,PR,,095,PR-095,municipality,3,,,18.0071885,-65.8993289,America/Puerto_Rico,2023-03-25 18:29:22,2025-08-08 15:22:08,1,Q3017679
5183,Mayagüez,178,PR,,097,PR-097,municipality,3,,,18.2013452,-67.1451549,America/Puerto_Rico,2023-03-25 18:29:22,2025-08-08 15:22:09,1,Q632727
5184,Moca,178,PR,,099,PR-099,municipality,3,,,18.3947512,-67.113679,America/Puerto_Rico,2023-03-25 18:29:22,2025-08-08 15:22:11,1,Q439855
5185,Morovis,178,PR,,101,PR-101,municipality,3,,,18.325785,-66.4065592,America/Puerto_Rico,2023-03-25 18:29:22,2025-08-08 15:22:13,1,Q2623982
5186,Naguabo,178,PR,,103,PR-103,municipality,3,,,18.2116247,-65.7348841,America/Puerto_Rico,2023-03-25 18:29:22,2025-08-08 15:22:15,1,Q2659720
5187,Naranjito,178,PR,,105,PR-105,municipality,3,,,18.3007861,-66.2448904,America/Puerto_Rico,2023-03-25 18:29:22,2025-08-08 15:22:17,1,Q416476
5188,Orocovis,178,PR,,107,PR-107,municipality,3,,,18.2269224,-66.3911686,America/Puerto_Rico,2023-03-25 18:29:22,2025-08-08 15:22:18,1,Q2624345
5189,Patillas,178,PR,,109,PR-109,municipality,3,,,18.0037381,-66.0134059,America/Puerto_Rico,2023-03-25 18:29:22,2025-08-08 15:22:20,1,Q2485638
5190,Peñuelas,178,PR,,111,PR-111,municipality,3,,,18.0633577,-66.7273896,America/Puerto_Rico,2023-03-25 18:29:22,2025-08-08 15:22:21,1,Q369880
5191,Ponce,178,PR,,113,PR-113,municipality,3,,,18.011564,-66.613958,America/Puerto_Rico,2023-03-25 18:29:22,2025-08-08 15:22:23,1,Q403985
5192,Quebradillas,178,PR,,115,PR-115,municipality,3,,,18.473833,-66.938512,America/Puerto_Rico,2023-03-25 18:29:22,2025-08-08 15:22:25,1,Q2057872
5193,Rincón,178,PR,,117,PR-117,municipality,3,,,18.3362074,-67.2321202,America/Puerto_Rico,2023-03-25 18:29:22,2025-08-08 15:22:27,1,Q294727
5194,Río Grande,178,PR,,119,PR-119,municipality,3,,,18.3606321,-67.2368723,America/Puerto_Rico,2023-03-25 18:29:22,2025-08-08 15:22:28,1,Q160636
5195,Sabana Grande,178,PR,,121,PR-121,municipality,3,,,18.0777392,-66.9604549,America/Puerto_Rico,2023-03-25 18:29:22,2025-08-08 15:22:30,1,Q739870
5196,Salinas,178,PR,,123,PR-123,municipality,3,,,17.9769779,-66.2980187,America/Puerto_Rico,2023-03-25 18:29:22,2025-08-08 15:22:31,1,Q229252
5197,San Germán,178,PR,,125,PR-125,municipality,3,,,18.0807082,-67.0411096,America/Puerto_Rico,2023-03-25 18:29:22,2025-08-08 15:22:33,1,Q1598808
5198,San Juan,178,PR,,127,PR-127,municipality,3,,,18.384239,-66.05344,America/Puerto_Rico,2023-03-25 18:29:22,2025-08-08 15:22:35,1,Q1320747
5199,San Lorenzo,178,PR,,129,PR-129,municipality,3,,,18.1904303,-65.9611794,America/Puerto_Rico,2023-03-25 18:29:22,2025-08-08 15:22:36,1,Q225380
5200,San Sebastián,178,PR,,131,PR-131,municipality,3,,,18.32346,-66.972837,America/Puerto_Rico,2023-03-25 18:29:22,2025-08-08 15:22:38,1,Q10313
5201,Santa Isabel,178,PR,,133,PR-133,municipality,3,,,17.9660775,-66.404892,America/Puerto_Rico,2023-03-25 18:29:22,2025-08-08 15:22:39,1,Q234744
5202,Toa Alta,178,PR,,135,PR-135,municipality,3,,,18.3882823,-66.2482237,America/Puerto_Rico,2023-03-25 18:29:22,2025-08-08 15:22:41,1,Q2485509
5203,Toa Baja,178,PR,,137,PR-137,municipality,3,,,18.4444709,-66.2543293,America/Puerto_Rico,2023-03-25 18:29:22,2025-08-08 15:22:43,1,Q2238070
5204,Trujillo Alto,178,PR,,139,PR-139,municipality,3,,,18.3542408,-66.007377,America/Puerto_Rico,2023-03-25 18:29:22,2025-08-08 15:22:44,1,Q1150895
5205,Utuado,178,PR,,141,PR-141,municipality,3,,,18.2655095,-66.7004519,America/Puerto_Rico,2023-03-25 18:29:22,2025-08-08 15:22:46,1,Q617096
5206,Vega Alta,178,PR,,143,PR-143,municipality,3,,,18.4121703,-66.3312805,America/Puerto_Rico,2023-03-25 18:29:22,2025-08-08 15:22:48,1,Q2640843
5207,Vega Baja,178,PR,,145,PR-145,municipality,3,,,18.4445314,-66.387587,America/Puerto_Rico,2023-03-25 18:29:22,2025-08-08 15:22:50,1,Q2179051
5208,Vieques,178,PR,,147,PR-147,municipality,3,,,18.1215622,-65.457464,America/Puerto_Rico,2023-03-25 18:29:22,2025-08-08 15:22:51,1,Q737624
5209,Villalba,178,PR,,149,PR-149,municipality,3,,,18.1217554,-66.4985787,America/Puerto_Rico,2023-03-25 18:29:22,2025-08-08 15:22:53,1,Q299761
5210,Yabucoa,178,PR,,151,PR-151,municipality,3,,,18.0505201,-65.8793288,America/Puerto_Rico,2023-03-25 18:29:22,2025-08-08 15:22:55,1,Q2361097
5211,Yauco,178,PR,,153,PR-153,municipality,3,,,18.034964,-66.8498983,America/Puerto_Rico,2023-03-25 18:29:22,2025-08-08 15:22:57,1,Q368526
5212,Baker Island,234,UM,,81,UM-81,island,4,,,0.1936266,-176.476908,Etc/GMT+12,2023-03-25 18:38:55,2025-08-08 15:22:58,1,Q46879
5213,Howland Island,234,UM,,84,UM-84,island,4,,,0.8113219,-176.6182736,Etc/GMT+12,2023-03-25 18:38:55,2025-08-08 15:23:00,1,Q131305
5214,Jarvis Island,234,UM,,86,UM-86,island,4,,,-0.3743503,-159.9967206,Etc/GMT+11,2023-03-25 18:38:55,2025-08-08 15:23:02,1,Q62218
5215,Johnston Atoll,234,UM,,67,UM-67,island,4,,,16.7295035,-169.5336477,Pacific/Honolulu,2023-03-25 18:38:55,2025-08-08 15:23:04,1,Q131008
5216,Kingman Reef,234,UM,,89,UM-89,island,4,,,6.383333,-162.416667,Etc/GMT+11,2023-03-25 18:38:55,2025-08-08 15:23:05,1,Q130895
5217,Midway Islands,234,UM,,71,UM-71,island,4,,,28.2072168,-177.3734926,Pacific/Midway,2023-03-25 18:38:55,2025-08-08 15:23:07,1,Q47863
5218,Navassa Island,234,UM,,76,UM-76,island,4,,,18.4100689,-75.0114612,America/Port-au-Prince,2023-03-25 18:38:55,2025-08-08 15:23:09,1,Q25359
5219,Palmyra Atoll,234,UM,,95,UM-95,island,4,,,5.8885026,-162.0786656,Etc/GMT+11,2023-03-25 18:38:55,2025-08-08 15:23:11,1,Q123076
5220,Wake Island,234,UM,,79,UM-79,island,4,,,19.279619,166.6499348,Pacific/Wake,2023-03-25 18:38:55,2025-08-08 15:23:13,1,Q43296
5221,Asuncion,172,PY,,ASU,PY-ASU,capital,2,,,-25.2800459,-57.6343814,America/Asuncion,2023-06-28 18:38:55,2025-08-08 15:23:14,1,Q2933
5222,Canary Islands,207,ES,IC,CN,ES-CN,autonomous community,,,,28.2935785,-16.6214471,Atlantic/Canary,2019-10-05 21:49:00,2025-08-08 15:23:16,1,Q5813
5223,Ceuta,207,ES,,CE,ES-CE,autonomous city,,,,35.888361,-5.304138,Africa/Ceuta,2023-07-28 16:19:31,2025-08-08 15:23:18,1,Q25212
5224,Melilla,207,ES,,ML,ES-ML,autonomous city,,,,35.2937,-2.9383,Africa/Ceuta,2023-07-28 16:19:31,2025-08-08 15:23:19,1,Q131981
5225,South Province,157,NC,,01,NC-01,province,1,,,-22.2758421,166.6417946,Pacific/Noumea,2023-09-06 11:25:00,2025-08-08 15:23:21,1,Q965632
5226,North Province,157,NC,,02,NC-02,province,1,,,-20.1472512,164.1237568,Pacific/Noumea,2023-09-06 11:25:00,2025-08-08 15:23:23,1,Q1612920
5227,Loyalty Islands Province,157,NC,,03,NC-03,province,1,,,-20.972966,167.2884295,Pacific/Noumea,2023-09-06 11:25:00,2025-08-08 15:23:25,1,Q18655787
5228,East Sepik,171,PG,11,ESW,PG-ESW,province,1,,,-4.355541,143.2325162,Pacific/Port_Moresby,2023-08-19 20:54:01,2025-08-08 15:23:26,1,Q690880
5229,Eysturoy,72,FO,,EY,FO-EY,region,1,,,62.1988704,-6.8178451,Atlantic/Faroe,2024-07-07 11:58:52,2025-08-08 15:23:28,1,Q200939
5230,Northern Isles,72,FO,,NO,FO-NO,region,1,,,62.2805689,6.7017061,Europe/Oslo,2024-07-07 12:02:29,2025-08-08 15:23:30,1,Q1058774
5231,Sandoy,72,FO,,SA,FO-SA,region,1,,,61.8333877,-6.7239899,Atlantic/Faroe,2024-07-07 12:02:29,2025-08-08 15:23:31,1,Q208321
5232,Streymoy,72,FO,,ST,FO-ST,region,1,,,62.1237192,-7.0158828,Atlantic/Faroe,2024-07-07 12:02:29,2025-08-08 15:23:33,1,Q192540
5233,Suðuroy,72,FO,,SU,FO-SU,region,1,,,61.5210651,-6.8141866,Atlantic/Faroe,2024-07-07 12:02:29,2025-08-08 15:23:35,1,Q210309
5234,Vágar,72,FO,,VA,FO-VA,region,1,,,62.0898985,-7.2345841,Atlantic/Faroe,2024-07-07 12:02:29,2025-08-08 15:23:37,1,Q207675
5235,Papua Tengah,102,ID,,PT,ID-PT,province,1,,,-3.8642437,136.37328,Asia/Jayapura,2024-08-27 11:33:37,2025-08-08 15:23:38,1,Q12486766
5236,Papua Pegunungan,102,ID,,PE,ID-PE,province,1,,,-4.2478013,139.3725476,Asia/Jayapura,2024-08-27 11:36:48,2025-08-08 15:23:40,1,Q112810104
5237,Papua Selatan,102,ID,,PS,ID-PS,province,1,,,-6.5008882,139.3835339,Asia/Jayapura,2024-08-27 11:38:37,2025-08-08 15:23:41,1,Q61439296
5238,Papua Barat Daya,102,ID,,PD,ID-PD,province,1,,,-1.09856,131.3525336,Asia/Jayapura,2024-08-27 11:40:30,2025-08-08 15:23:43,1,Q115253263
5239,Zacapa,90,GT,19,19,GT-19,department,2,,,14.9707219,-89.5297411,America/Guatemala,2019-10-06 04:48:55,2025-08-08 15:23:45,1,Q780784
5240,Madhesh,154,NP,2,P2,NP-P2,province,1,,,26.9066675,85.7069635,Asia/Kathmandu,2019-10-05 21:48:45,2025-08-08 15:23:47,1,Q25104009
5241,Sudurpashchim,154,NP,7,P7,NP-P7,province,1,,,29.4333933,81.0139775,Asia/Kathmandu,2019-10-05 21:48:45,2025-08-08 15:23:48,1,Q25104019
5242,Trashi Yangtse	,26,BT,15,TY,BT-TY,district,,,,27.717585,91.1981102,Asia/Thimphu,2019-10-05 21:48:36,2025-08-08 15:23:51,1,Q600200
5243,Noord,13,AW,01,01,AW-01,region,1,,,12.5636805,-70.0329869,America/Aruba,2024-10-08 17:51:07,2025-08-08 15:23:52,1,Q2656618
5244,Oranjestad West,13,AW,02,02,AW-02,region,1,,,12.5361486,-70.0430597,America/Aruba,2024-10-08 17:51:07,2025-08-08 15:23:54,1,Q85791119
5245,Oranjestad East,13,AW,03,03,AW-03,region,1,,,12.5022696,-70.0149586,America/Aruba,2024-10-08 17:51:07,2025-08-08 15:23:56,1,NULL
5246,Paradera,13,AW,04,04,AW-04,region,1,,,12.5362871,-70.0148511,America/Aruba,2024-10-08 17:51:07,2025-08-08 15:23:58,1,Q14217403
5247,San Nicolaas Noord,13,AW,05,05,AW-05,region,1,,,12.4642717,-69.9434939,America/Aruba,2024-10-08 17:51:07,2025-08-08 15:23:59,1,NULL
5248,San Nicolaas Zuid,13,AW,06,06,AW-06,region,1,,,12.4278558,-69.9381079,America/Aruba,2024-10-08 17:51:07,2025-08-08 15:24:01,1,Q2605285
5249,Santa Cruz,13,AW,07,07,AW-07,region,1,,,12.5112836,-69.9876966,America/Aruba,2024-10-08 17:51:07,2025-08-08 15:24:03,1,Q3558364
5250,Savaneta,13,AW,08,08,AW-08,region,1,,,12.4526385,-69.9496521,America/Aruba,2024-10-08 17:51:07,2025-08-08 15:24:05,1,Q2665720
5251,Grand Cayman,41,KY,01,01,KY-01,,,,,19.3298471,-81.1712216,America/Cayman,2024-10-08 18:41:36,2025-08-08 15:50:10,1,Q737765
5252,Cayman Brac,41,KY,02,02,KY-02,,,,,19.7198862,-79.79314,America/Cayman,2024-10-08 18:41:36,2025-08-08 15:50:03,1,Q111386576
5253,Little Cayman,41,KY,03,03,KY-03,,,,,19.6853346,-80.0477824,America/Cayman,2024-10-08 18:41:36,2025-08-08 15:50:03,1,Q27347438
5254,Agana Heights,89,GU,01,01,GU-01,village,4,,,13.4655441,144.7465714,Pacific/Guam,2024-10-08 19:20:24,2025-08-08 15:24:12,1,Q2714496
5255,Asan-Maina,89,GU,02,02,GU-02,village,4,,,13.4776472,144.7308588,Pacific/Guam,2024-10-08 19:20:24,2025-08-08 15:24:14,1,Q926116
5256,Barrigada,89,GU,03,03,GU-03,village,4,,,13.4694092,144.80106,Pacific/Guam,2024-10-08 19:20:24,2025-08-08 15:24:15,1,Q2714489
5257,Chalan Pago-Ordot,89,GU,04,04,GU-04,village,4,,,13.441372,144.7670241,Pacific/Guam,2024-10-08 19:20:24,2025-08-08 15:24:17,1,Q2482483
5258,Dededo,89,GU,05,05,GU-05,village,4,,,13.519054,144.8378388,Pacific/Guam,2024-10-08 19:20:24,2025-08-08 15:24:19,1,Q1182147
5259,Hågat,89,GU,06,06,GU-06,village,4,,,13.384761,144.6580714,Pacific/Guam,2024-10-08 19:20:24,2025-08-08 15:24:21,1,Q665845
5260,Umatac (Humåtak),89,GU,07,07,GU-07,village,4,,,13.2945777,144.6538283,Pacific/Guam,2024-10-08 19:20:24,2025-08-08 15:24:22,1,Q531529
5261,Inarajan (Inalåhan),89,GU,08,08,GU-08,village,4,,,13.2797664,144.7432266,Pacific/Guam,2024-10-08 19:20:24,2025-08-08 15:24:24,1,Q2482456
5262,Merizo (Malesso),89,GU,09,09,GU-09,village,4,,,13.2682975,144.6726106,Pacific/Guam,2024-10-08 19:20:24,2025-08-08 15:24:25,1,Q2482497
5263,Mangilao,89,GU,10,10,GU-10,village,4,,,13.4439915,144.8050528,Pacific/Guam,2024-10-08 19:20:24,2025-08-08 15:24:27,1,Q2637935
5264,Mongmong-Toto-Maite,89,GU,11,11,GU-11,village,4,,,13.4674318,144.7680282,Pacific/Guam,2024-10-08 19:20:24,2025-08-08 15:24:28,1,Q1780393
5265,Hagåtña,89,GU,12,12,GU-12,village,4,,,13.4748148,144.7516191,Pacific/Guam,2024-10-08 19:20:24,2025-08-08 15:24:30,1,Q30988
5266,Piti,89,GU,13,13,GU-13,village,4,,,13.4647446,144.6876982,Pacific/Guam,2024-10-08 19:20:24,2025-08-08 15:24:32,1,Q2482463
5267,Santa Rita (Sånta Rita-Sumai),89,GU,14,14,GU-14,village,4,,,13.3867874,144.6664227,Pacific/Guam,2024-10-08 19:20:24,2025-08-08 15:24:33,1,Q1780381
5268,Sinajana,89,GU,15,15,GU-15,village,4,,,13.4609486,144.7461208,Pacific/Guam,2024-10-08 19:20:24,2025-08-08 15:24:35,1,Q2482489
5269,Talofofo (Talo'fo'fo),89,GU,16,16,GU-16,village,4,,,13.353904,144.7532932,Pacific/Guam,2024-10-08 19:20:24,2025-08-08 15:24:37,1,Q2482468
5270,Tamuning,89,GU,17,17,GU-17,village,4,,,13.4944762,144.7804582,Pacific/Guam,2024-10-08 19:20:24,2025-08-08 15:24:38,1,Q933714
5271,Yigo,89,GU,18,18,GU-18,village,4,,,13.5379424,144.8984955,Pacific/Guam,2024-10-08 19:20:24,2025-08-08 15:24:40,1,Q2482473
5272,Yona,89,GU,19,19,GU-19,village,4,,,13.41376,144.774413,Pacific/Guam,2024-10-08 19:20:24,2025-08-08 15:24:42,1,Q2638381
5273,Blowing Point,8,AI,01,01,AI-01,district,2,,,18.1765553,-63.1021296,America/Anguilla,2024-10-09 20:02:24,2025-08-08 15:24:44,1,Q4928593
5274,East End,8,AI,02,02,AI-02,district,2,,,18.2342629,-62.997374,America/Anguilla,2024-10-09 20:02:24,2025-08-08 15:24:45,1,Q5328283
5275,George Hill,8,AI,03,03,AI-03,district,2,,,18.2036599,-63.0648112,America/Anguilla,2024-10-09 20:02:24,2025-08-08 15:24:47,1,Q5540604
5276,Island Harbour,8,AI,04,04,AI-04,district,2,,,18.2556888,-63.0012814,America/Anguilla,2024-10-09 20:02:24,2025-08-08 15:24:49,1,Q6083167
5277,North Hill,8,AI,05,05,AI-05,district,2,,,18.2050863,-63.0858457,America/Anguilla,2024-10-09 20:02:24,2025-08-08 15:24:51,1,Q7055619
5278,North Side,8,AI,06,06,AI-06,district,2,,,18.2300544,-63.051889,America/Anguilla,2024-10-09 20:02:24,2025-08-08 15:24:52,1,Q7056734
5279,Sandy Ground,8,AI,07,07,AI-07,district,2,,,18.2018551,-63.0973471,America/Anguilla,2024-10-09 20:02:24,2025-08-08 15:24:54,1,Q2989314
5280,Sandy Hill,8,AI,08,08,AI-08,district,2,,,18.218921,-63.0129916,America/Anguilla,2024-10-09 20:02:24,2025-08-08 15:24:55,1,Q7417283
5281,South Hill,8,AI,09,09,AI-09,district,2,,,18.1892475,-63.0976367,America/Anguilla,2024-10-09 20:02:24,2025-08-08 15:24:57,1,Q7567466
5282,Stoney Ground,8,AI,10,10,AI-10,district,2,,,18.2179997,-63.0400727,America/Anguilla,2024-10-09 20:02:24,2025-08-08 15:24:58,1,Q7619412
5283,The Farrington,8,AI,11,11,AI-11,district,2,,,18.2134701,-63.0272162,America/Anguilla,2024-10-09 20:02:24,2025-08-08 15:25:00,1,Q7733473
5284,The Quarter,8,AI,12,12,AI-12,district,2,,,18.2145334,-63.0564489,America/Anguilla,2024-10-09 20:02:24,2025-08-08 15:25:02,1,Q7758898
5285,The Valley,8,AI,13,13,AI-13,district,2,,,18.2145861,-63.0517759,America/Anguilla,2024-10-09 20:02:24,2025-08-08 15:25:04,1,Q30994
5286,West End,8,AI,14,14,AI-14,district,2,,,18.1721666,-63.1567037,America/Anguilla,2024-10-09 20:02:24,2025-08-08 15:25:05,1,Q7985024
5287,Mariehamn,2,AX,01,01,AX-01,municipality,3,,,60.102423,19.94126,Europe/Mariehamn,2024-10-10 15:16:45,2025-08-08 15:25:07,1,Q48329
5288,Jomala,2,AX,02,02,AX-02,municipality,3,,,60.1522947,19.9489144,Europe/Mariehamn,2024-10-10 15:16:45,2025-08-08 15:25:09,1,Q176178
5289,Finström,2,AX,03,03,AX-03,municipality,3,,,60.2310519,19.9867259,Europe/Mariehamn,2024-10-10 15:16:45,2025-08-08 15:25:10,1,Q51914
5290,Lemland,2,AX,04,04,AX-04,municipality,3,,,60.0690169,20.0860081,Europe/Mariehamn,2024-10-10 15:16:45,2025-08-08 15:25:12,1,Q176186
5291,Saltvik,2,AX,05,05,AX-05,municipality,3,,,60.2755756,20.0612065,Europe/Mariehamn,2024-10-10 15:16:45,2025-08-08 15:25:14,1,Q176196
5292,Hammarland,2,AX,06,06,AX-06,municipality,3,,,60.2196758,19.7378481,Europe/Mariehamn,2024-10-10 15:16:45,2025-08-08 15:25:15,1,Q134685
5293,Sund,2,AX,07,07,AX-07,municipality,3,,,60.2530332,20.1198637,Europe/Mariehamn,2024-10-10 15:16:45,2025-08-08 15:25:16,1,Q176201
5294,Eckerö,2,AX,08,08,AX-08,municipality,3,,,60.2231814,19.5389379,Europe/Mariehamn,2024-10-10 15:16:45,2025-08-08 15:25:18,1,Q51909
5295,Föglö,2,AX,09,09,AX-09,municipality,3,,,60.0107325,20.4246997,Europe/Mariehamn,2024-10-10 15:16:45,2025-08-08 15:25:20,1,Q179722
5296,Geta,2,AX,10,10,AX-10,municipality,3,,,60.3740157,19.8498128,Europe/Mariehamn,2024-10-10 15:16:45,2025-08-08 15:25:22,1,Q134675
5297,Vårdö,2,AX,11,11,AX-11,municipality,3,,,60.2421692,20.3744261,Europe/Mariehamn,2024-10-10 15:16:45,2025-08-08 15:25:23,1,Q179749
5298,Brändö,2,AX,12,12,AX-12,municipality,3,,,60.4135873,21.0440498,Europe/Mariehamn,2024-10-10 15:16:45,2025-08-08 15:25:25,1,Q179706
5299,Lumparland,2,AX,13,13,AX-13,municipality,3,,,60.1168385,20.2610583,Europe/Mariehamn,2024-10-10 15:16:45,2025-08-08 15:25:26,1,Q176191
5300,Kumlinge,2,AX,14,14,AX-14,municipality,3,,,60.2587693,20.7782292,Europe/Mariehamn,2024-10-10 15:16:45,2025-08-08 15:25:28,1,Q179726
5301,Kökar,2,AX,15,15,AX-15,municipality,3,,,59.9211709,20.9103514,Europe/Mariehamn,2024-10-10 15:16:45,2025-08-08 15:25:29,1,Q179730
5302,Sottunga,2,AX,16,16,AX-16,municipality,3,,,60.1307977,20.6459821,Europe/Mariehamn,2024-10-10 15:16:45,2025-08-08 15:25:31,1,Q179739
5303,Ayre,136,IM,,01,IM-01,sheadings,3,,,54.2359207,-4.5147669,Europe/Isle_of_Man,2024-10-14 16:19:47,2025-08-08 15:25:33,1,Q2484719
5304,Garff,136,IM,,02,IM-02,sheadings,3,,,54.2359207,-4.5147669,Europe/Isle_of_Man,2024-10-14 16:40:00,2025-08-08 15:25:35,1,Q2759593
5305,Glenfaba,136,IM,,03,IM-03,sheadings,3,,,54.2359207,-4.5147669,Europe/Isle_of_Man,2024-10-14 16:40:00,2025-08-08 15:25:36,1,Q432500
5306,Michael,136,IM,,04,IM-04,sheadings,3,,,54.2359207,-4.5147669,Europe/Isle_of_Man,2024-10-14 16:40:00,2025-08-08 15:25:38,1,Q3307970
5307,Middle,136,IM,,05,IM-05,sheadings,3,,,54.2359207,-4.5147669,Europe/Isle_of_Man,2024-10-14 16:40:00,2025-08-08 15:25:40,1,Q2484719
5308,Rushen,136,IM,,06,IM-06,sheadings,3,,,54.2359207,-4.5147669,Europe/Isle_of_Man,2024-10-14 16:19:47,2025-08-08 15:25:42,1,Q2089477
5309,Grouville,110,JE,,01,JE-01,parish,3,,,49.18404,-2.0516828,Europe/Jersey,2024-10-14 17:47:47,2025-08-08 15:25:43,1,Q2429741
5310,St Brelade,110,JE,,02,JE-02,parish,3,,,49.1851255,-2.2010341,Europe/Jersey,2024-10-14 17:47:47,2025-08-08 15:25:45,1,Q1835699
5311,St Clement,110,JE,,03,JE-03,parish,3,,,49.1736373,-2.0562124,Europe/Jersey,2024-10-14 17:47:47,2025-08-08 15:25:47,1,Q3058160
5312,St Helier,110,JE,,04,JE-04,parish,3,,,49.1856637,-2.1102277,Europe/Jersey,2024-10-14 17:47:47,2025-08-08 15:25:49,1,Q147738
5313,St John,110,JE,,05,JE-05,parish,3,,,49.2465535,-2.1349726,Europe/Jersey,2024-10-14 17:47:47,2025-08-08 15:25:50,1,Q954721
5314,St Lawrence,110,JE,,06,JE-06,parish,3,,,49.2149124,-2.1416892,Europe/Jersey,2024-10-14 17:47:47,2025-08-08 15:25:52,1,Q509090
5315,St Martin,110,JE,,07,JE-07,parish,3,,,49.2177274,-2.0516314,Europe/Jersey,2024-10-14 17:47:47,2025-08-08 15:25:53,1,Q593645
5316,St Mary,110,JE,,08,JE-08,parish,3,,,49.2364029,-2.1716245,Europe/Jersey,2024-10-14 17:47:47,2025-08-08 15:25:55,1,Q2212948
5317,St Ouen,110,JE,,09,JE-09,parish,3,,,49.2335087,-2.2020406,Europe/Jersey,2024-10-14 17:47:47,2025-08-08 15:25:57,1,Q2305318
5318,St Peter,110,JE,,10,JE-10,parish,3,,,49.2128288,-2.18372,Europe/Jersey,2024-10-14 17:47:47,2025-08-08 15:25:58,1,Q3058152
5319,St Saviour,110,JE,,11,JE-11,parish,3,,,49.1948946,-2.0903183,Europe/Jersey,2024-10-14 17:47:47,2025-08-08 15:26:00,1,Q1808243
5320,Trinity,110,JE,,12,JE-12,parish,3,,,49.234492,-2.0929268,Europe/Jersey,2024-10-14 17:47:47,2025-08-08 15:26:02,1,Q2594704
5321,Peja,248,XK,,PEJ,XK-PEJ,district,2,,,42.6593986,20.2885757,Europe/Belgrade,2020-08-15 20:33:03,2025-08-08 15:26:04,1,Q609247
5322,Prizren,248,XK,,PRI,XK-PRI,district,2,,,42.2130151,20.7363339,Europe/Belgrade,2020-08-15 20:33:03,2025-08-08 15:26:05,1,Q1048331
5324,National Capital Region (Metro Manila),174,PH,00,00,PH-00,region,1,,,14.5800297,120.985536,Asia/Manila,2019-10-05 21:48:41,2025-08-08 15:26:07,1,Q13580
5325,Andalusia,207,ES,,AN,ES-AN,autonomous community,,,,37.3399964,-4.5811614,Europe/Madrid,2019-10-05 21:49:00,2025-08-08 15:26:09,1,Q5783
5326,Aragon,207,ES,,AR,ES-AR,autonomous community,,,,41.3787291,-0.7639373,Europe/Madrid,2019-10-05 21:49:00,2025-08-08 15:26:10,1,Q4040
5327,Asturias,207,ES,,AS,ES-AS,autonomous community,,,,43.3133868,-5.94192,Europe/Madrid,2019-10-05 21:49:00,2025-08-08 15:26:12,1,Q3934
5328,Cantabria,207,ES,,CB,ES-CB,autonomous community,,,,43.1595664,-4.0878382,Europe/Madrid,2019-10-05 21:49:00,2025-08-08 15:26:14,1,Q3946
5329,Castile and Leon,207,ES,,CL,ES-CL,autonomous community,,,,41.55005,-5.1387401,Europe/Madrid,2019-10-05 21:49:00,2025-08-08 15:26:16,1,Q5739
5330,Castilla-La Mancha,207,ES,,CM,ES-CM,autonomous community,,,,39.4177902,-2.6232332,Europe/Madrid,2019-10-05 21:49:00,2025-08-08 15:26:17,1,Q5748
5331,Catalonia,207,ES,,CT,ES-CT,autonomous community,,,,41.8523094,1.5745043,Europe/Madrid,2019-10-05 21:49:00,2025-08-08 15:26:19,1,Q5705
5332,Basque Country,207,ES,,PV,ES-PV,autonomous community,,,,42.9911816,-2.5543023,Europe/Madrid,2019-10-05 21:49:00,2025-08-08 15:26:20,1,Q3995
5333,Estremadura,207,ES,,EX,ES-EX,autonomous community,,,,39.1748426,-6.1529891,Europe/Madrid,2019-10-05 21:49:00,2025-08-08 15:26:22,1,Q5777
5334,Galicia,207,ES,,GA,ES-GA,autonomous community,,,,42.61946,-7.863112,Europe/Madrid,2019-10-05 21:49:00,2025-08-08 15:26:24,1,Q3908
5335,Balearic Islands,207,ES,,IB,ES-IB,autonomous community,,,,39.613432,2.8829185,Europe/Madrid,2019-10-05 21:49:00,2025-08-08 15:26:26,1,Q107356467
5336,La Rioja,207,ES,,RI,ES-RI,autonomous community,,,,42.2814642,-2.482805,Europe/Madrid,2019-10-05 21:49:00,2025-08-08 15:26:27,1,Q5727
5337,Community of Madrid,207,ES,,MD,ES-MD,autonomous community,,,,40.5248319,-3.7715628,Europe/Madrid,2019-10-05 21:49:00,2025-08-08 15:26:29,1,Q5756
5338,Region of Murcia,207,ES,,MC,ES-MC,autonomous community,,,,38.0640123,-1.6719377,Europe/Madrid,2019-10-05 21:49:00,2025-08-08 15:26:31,1,Q5772
5339,Navarre,207,ES,,NC,ES-NC,autonomous community,,,,42.6125488,-1.8307877,Europe/Madrid,2019-10-05 21:49:00,2025-08-08 15:26:33,1,Q4018
5340,Valencian Community,207,ES,,VC,ES-VC,autonomous community,,,,39.6819591,-0.7654406,Europe/Madrid,2019-10-05 21:49:00,2025-08-08 15:26:34,1,Q5720
5341,Oranjestad,13,AW,09,09,AW-09,capital city,,,,12.5201024,-70.0371329,America/Aruba,2025-03-17 16:47:40,2025-08-08 15:26:36,1,Q131243
5342,Kurunegala,208,LK,,61,LK-61,district,1,2817,,7.7279837,80.257184,Asia/Colombo,2025-03-18 12:26:06,2025-08-08 15:26:38,1,Q745073
5343,Boulkiemde,35,BF,74,BLK,BF-BLK,province,1,3115,,12.293712,-2.1041312,Africa/Ouagadougou,2025-03-18 16:56:33,2025-08-08 15:26:39,1,Q895102
5344,Faranah,92,GN,F,F,GN-F,administrative region,,,,10.3143203,-10.890097,Africa/Conakry,2025-03-18 18:24:56,2025-08-08 15:26:41,1,Q870166
5345,Leitrim,105,IE,NULL,LM,IE-LM,county,1,1087,,54.1401622,-8.0524782,Europe/Dublin,2025-03-18 19:12:38,2025-08-08 15:26:42,1,Q107397
5346,Anykščiai,126,LT,60,04,LT-04,district municipality,1,1621,,55.5257935,25.1061247,Europe/Vilnius,2025-03-18 20:28:52,2025-08-08 15:26:44,1,Q2089772
5347,Neno,131,MW,NULL,NE,MW-NE,district,1,3106,,-15.5137183,34.6832205,Africa/Blantyre,2025-03-18 20:41:31,2025-08-08 15:26:46,1,Q1195298
5348,Saint George Basseterre,185,KN,03,03,KN-03,parish,1,3841,,17.2391544,-62.6424082,America/St_Kitts,2025-03-19 13:14:35,2025-08-08 15:26:48,1,Q1540744
5349,Kasanda,229,UG,NULL,126,UG-126,district,1,396,,0.556667,31.802222,Africa/Kampala,2025-03-19 14:17:40,2025-08-08 15:26:49,1,Q38249546
5350,Bugweri,229,UG,NULL,235,UG-235,district,1,372,,0.6242564,33.6154383,Africa/Kampala,2025-03-19 15:16:41,2025-08-08 15:26:51,1,Q60769694
5351,Kapelebyong,229,UG,NULL,236,UG-236,district,1,372,,2.197082,33.7772633,Africa/Kampala,2025-03-19 15:18:50,2025-08-08 15:26:53,1,Q60769698
5352,Kalaki,229,UG,NULL,237,UG-237,district,1,372,,1.8327164,33.3540448,Africa/Kampala,2025-03-19 15:18:50,2025-08-08 15:26:55,1,Q104037541
5353,Kwania,229,UG,NULL,333,UG-333,district,1,332,,1.9005531,32.7741986,Africa/Kampala,2025-03-19 15:32:42,2025-08-08 15:26:56,1,Q60769699
5354,Nabilatuk,229,UG,NULL,334,UG-334,district,1,332,,2.0383666,34.5847125,Africa/Kampala,2025-03-19 15:32:42,2025-08-08 15:26:58,1,Q60766910
5355,Karenga,229,UG,NULL,335,UG-335,district,1,332,,3.7095683,33.7716832,Africa/Kampala,2025-03-19 15:32:42,2025-08-08 15:27:00,1,Q97487774
5356,Madi-Okollo,229,UG,NULL,336,UG-336,district,1,332,,2.8674511,31.2383088,Africa/Kampala,2025-03-19 15:32:42,2025-08-08 15:27:02,1,Q97487779
5357,Obongi,229,UG,NULL,337,UG-337,district,1,332,,3.3635594,31.5368264,Africa/Kampala,2025-03-19 15:32:42,2025-08-08 15:27:04,1,Q97160187
5358,Hoima,229,UG,NULL,403,UG-403,district,1,370,,1.5661927,31.1480968,Africa/Kampala,2025-03-19 15:36:43,2025-08-08 15:27:05,1,Q1186535
5359,Kikuube,229,UG,NULL,432,UG-432,district,1,370,,1.3102875,31.0001724,Africa/Kampala,2025-03-19 15:38:35,2025-08-08 15:27:07,1,Q60769700
5360,Kazo,229,UG,NULL,433,UG-433,district,1,370,,0.0256055,30.77762,Africa/Kampala,2025-03-19 15:38:35,2025-08-08 15:27:09,1,Q97487775
5361,Kitagwenda,229,UG,NULL,434,UG-434,district,1,370,,0.0136653,30.3217908,Africa/Kampala,2025-03-19 15:38:35,2025-08-08 15:27:10,1,Q85774640
5362,Rwampara,229,UG,NULL,435,UG-435,district,1,370,,-0.7350309,30.4609131,Africa/Kampala,2025-03-19 15:38:35,2025-08-08 15:27:12,1,Q85798241
5363,Providenciales,227,TC,01,01,TC-01,district,,,,21.8020614,-72.3004456,America/Grand_Turk,2025-03-28 13:50:52,2025-08-08 15:27:14,1,Q1616654
5364,North Caicos,227,TC,02,02,TC-02,district,,,,21.8909119,-71.9505749,America/Grand_Turk,2025-03-28 13:50:52,2025-08-08 15:27:15,1,Q174861
5365,Middle Caicos,227,TC,03,03,TC-03,district,,,,21.795955,-71.7602595,America/Grand_Turk,2025-03-28 13:50:52,2025-08-08 15:27:17,1,Q1475037
5366,South Caicos,227,TC,04,04,TC-04,district,,,,21.5144654,-71.5379344,America/Grand_Turk,2025-03-28 13:50:52,2025-08-08 15:27:18,1,Q1814473
5367,Grand Turk,227,TC,05,05,TC-05,district,,,,21.467964,-71.1387218,America/Grand_Turk,2025-03-28 13:50:52,2025-08-08 15:27:20,1,Q1473924
5368,Salt Cay,227,TC,06,06,TC-06,district,,,,21.3228395,-71.2077909,America/Grand_Turk,2025-03-28 13:50:52,2025-08-08 15:27:21,1,Q426843
5369,Austral Islands,77,PF,01,01,PF-01,division,,,,-23.3655617,-149.4620816,Pacific/Tahiti,2025-03-28 16:00:57,2025-08-08 15:27:23,1,Q930426
5370,Leeward Islands,77,PF,02,02,PF-02,division,,,,-16.6308348,-151.5039159,Pacific/Tahiti,2025-03-28 16:00:57,2025-08-08 15:27:25,1,Q1999082
5371,Marquesas Islands,77,PF,03,03,PF-03,division,,,,-9.7793255,-139.0067835,Pacific/Marquesas,2025-03-28 16:00:57,2025-08-08 15:27:27,1,Q172697
5372,Tuamotu-Gambier,77,PF,04,04,PF-04,division,,,,-18.8027687,-141.9054929,Pacific/Tahiti,2025-03-28 16:00:57,2025-08-08 15:27:28,1,Q3773321
5373,Windward Islands,77,PF,05,05,PF-05,division,,,,-17.6873439,-149.4451681,Pacific/Tahiti,2025-03-28 16:00:57,2025-08-08 15:27:30,1,Q140298
5374,Western,5,AS,01,01,AS-01,district,,,,-14.3323075,-170.7961334,Pacific/Pago_Pago,2025-03-28 19:32:48,2025-08-08 15:27:32,1,Q2437227
5375,Eastern,5,AS,02,02,AS-02,district,,,,-14.2782402,-170.6243227,Pacific/Pago_Pago,2025-03-28 19:32:48,2025-08-08 15:27:33,1,Q2625563
5376,Manuʻa,5,AS,03,03,AS-03,district,,,,-14.214605,-169.533465,Pacific/Pago_Pago,2025-03-28 19:32:48,2025-08-08 15:27:35,1,Q1247537
5377,Swains,5,AS,04,04,AS-04,atoll,,,,-11.052904,-171.0767349,Pacific/Pago_Pago,2025-03-28 19:32:48,2025-08-08 15:27:37,1,Q1128488
5378,Rose,5,AS,05,05,AS-05,atoll,,,,-14.5424865,-168.1637445,Etc/GMT+11,2025-03-28 19:32:48,2025-08-08 15:27:39,1,Q1636779
5379,Avannaata,86,GL,01,AV,GL-AV,municipality,,,,76.5049265,-56.2911976,America/Nuuk,2025-03-28 20:49:32,2025-08-08 15:27:40,1,Q44593409
5380,Kujalleq,86,GL,02,KU,GL-KU,municipality,,,,61,-45,America/Nuuk,2025-03-28 20:49:32,2025-08-08 15:27:42,1,Q478813
5381,Qeqertalik,86,GL,03,QT,GL-QT,municipality,,,,68.8249553,-54.7622472,Etc/GMT+4,2025-03-28 20:49:32,2025-08-08 15:27:44,1,Q44593337
5382,Qeqqata,86,GL,04,QE,GL-QE,municipality,,,,66.5,-48,America/Nuuk,2025-03-28 20:49:32,2025-08-08 15:27:46,1,Q476233
5383,Sermersooq,86,GL,05,SM,GL-SM,municipality,,,,66,-40,America/Nuuk,2025-03-28 20:49:32,2025-08-08 15:27:47,1,Q695387
5384,Basse-Terre,88,GP,01,01,GP-01,district,,,,16.0000778,-61.7333373,America/Guadeloupe,2025-03-29 11:46:54,2025-08-08 15:27:49,1,Q700586
5385,Pointe-à-Pitre,88,GP,02,02,GP-02,district,,,,16.2408636,-61.5334077,America/Guadeloupe,2025-03-29 11:46:54,2025-08-08 15:27:51,1,Q702083
5386,Castel,91,GG,01,01,GG-01,parish,,,,49.4677402,-2.5913459,Europe/Guernsey,2025-03-29 13:45:34,2025-08-08 15:27:52,1,Q2070272
5387,Forest,91,GG,02,02,GG-02,parish,,,,49.4312917,-2.5927968,Europe/Guernsey,2025-03-29 13:45:34,2025-08-08 15:27:54,1,Q2324169
5388,St Andrew,91,GG,03,03,GG-03,parish,,,,49.4499006,-2.5688225,Europe/Guernsey,2025-03-29 13:45:34,2025-08-08 15:27:56,1,Q2391916
5389,Alderney,91,GG,04,04,GG-04,parish,,,,49.7168911,-2.1971694,Europe/Guernsey,2025-03-29 13:45:34,2025-08-08 15:27:57,1,Q24695673
5390,St Martin,91,GG,05,05,GG-05,parish,,,,49.4373488,-2.555524,Europe/Guernsey,2025-03-29 13:45:34,2025-08-08 15:27:58,1,Q595669
5391,St Peter Port,91,GG,06,06,GG-06,parish,,,,49.4568142,-2.5389979,Europe/Guernsey,2025-03-29 13:54:33,2025-08-08 15:28:00,1,Q174262
5392,Sark,91,GG,07,07,GG-07,parish,,,,49.4283373,-2.3599394,Europe/Guernsey,2025-03-29 13:54:33,2025-08-08 15:28:02,1,Q3405693
5393,St Pierre du Bois,91,GG,08,08,GG-08,parish,,,,49.4395995,-2.6408963,Europe/Guernsey,2025-03-29 13:54:33,2025-08-08 15:28:03,1,Q2164378
5394,St Sampson,91,GG,09,09,GG-09,parish,,,,49.4817273,-2.5388395,Europe/Guernsey,2025-03-29 13:54:33,2025-08-08 15:28:05,1,Q24695054
5395,St Saviour,91,GG,10,10,GG-10,parish,,,,49.4491648,-2.6213557,Europe/Guernsey,2025-03-29 13:54:33,2025-08-08 15:28:07,1,Q2106447
5396,Torteval,91,GG,11,11,GG-11,parish,,,,49.4302321,-2.6638621,Europe/Guernsey,2025-03-29 13:54:33,2025-08-08 15:28:09,1,Q2671049
5397,Vale,91,GG,12,12,GG-12,parish,,,,49.495456,-2.5225087,Europe/Guernsey,2025-03-29 13:54:33,2025-08-08 15:28:10,1,Q1809806
5398,Fort-de-France,138,MQ,01,01,MQ-01,district,,,,14.6027962,-61.0676724,America/Martinique,2025-03-29 15:39:22,2025-08-08 15:28:12,1,Q701213
5399,La Trinité,138,MQ,02,02,MQ-02,district,,,,14.7553161,-61.0287226,America/Martinique,2025-03-29 15:40:55,2025-08-08 15:28:13,1,Q701385
5400,Le Marin,138,MQ,03,03,MQ-03,district,,,,14.5251841,-60.9624151,America/Martinique,2025-03-29 15:44:02,2025-08-08 15:28:15,1,Q701446
5401,Saint-Pierre,138,MQ,04,04,MQ-04,district,,,,14.7417183,-61.1763904,America/Martinique,2025-03-29 15:44:02,2025-08-08 15:28:17,1,Q702429
5402,Dzaoudzi,141,YT,01,01,YT-01,commune,,,,-12.7760651,45.2563246,Indian/Mayotte,2025-03-29 16:28:19,2025-08-08 15:28:18,1,Q846048
5403,Pamandzi,141,YT,02,02,YT-02,commune,,,,-12.7983446,45.2746515,Indian/Mayotte,2025-03-29 16:28:19,2025-08-08 15:28:20,1,Q1010634
5404,Mamoudzou,141,YT,03,03,YT-03,commune,,,,-12.7804136,45.2279761,Indian/Mayotte,2025-03-29 16:28:19,2025-08-08 15:28:22,1,Q132676
5405,Dembeni,141,YT,04,04,YT-04,commune,,,,-12.8433081,45.1839954,Indian/Mayotte,2025-03-29 16:28:19,2025-08-08 15:28:23,1,Q2087041
5406,Bandrélé,141,YT,05,05,YT-05,commune,,,,-12.9133586,45.1928677,Indian/Mayotte,2025-03-29 16:28:19,2025-08-08 15:28:25,1,Q2087100
5407,Kani Keli,141,YT,06,06,YT-06,commune,,,,-12.9565222,45.1052606,Indian/Mayotte,2025-03-29 16:28:19,2025-08-08 15:28:27,1,Q2087092
5408,Boueni,141,YT,07,07,YT-07,commune,,,,-12.9107086,45.0801256,Indian/Mayotte,2025-03-29 16:28:19,2025-08-08 15:28:29,1,Q2087082
5409,Chirongui,141,YT,08,08,YT-08,commune,,,,-12.93544,45.1492157,Indian/Mayotte,2025-03-29 16:28:19,2025-08-08 15:28:30,1,Q2087001
5410,Sada,141,YT,09,09,YT-09,commune,,,,-12.8518289,45.0993169,Indian/Mayotte,2025-03-29 16:28:19,2025-08-08 15:28:32,1,Q1920630
5411,Ouangani,141,YT,10,10,YT-10,commune,,,,-12.8498235,45.1398664,Indian/Mayotte,2025-03-29 16:28:19,2025-08-08 15:28:33,1,Q427213
5412,Chiconi,141,YT,11,11,YT-11,commune,,,,-12.8323497,45.1149766,Indian/Mayotte,2025-03-29 16:28:19,2025-08-08 15:28:35,1,Q2087010
5413,Tsingoni,141,YT,12,12,YT-12,commune,,,,-12.7897252,45.1038055,Indian/Mayotte,2025-03-29 16:28:19,2025-08-08 15:28:36,1,Q2087020
5414,M'Tsangamouji,141,YT,13,13,YT-13,commune,,,,-12.7601941,45.0876892,Indian/Mayotte,2025-03-29 16:28:19,2025-08-08 15:28:38,1,Q955825
5415,Acoua,141,YT,14,14,YT-14,commune,,,,-12.7243245,45.0589372,Indian/Mayotte,2025-03-29 16:28:19,2025-08-08 15:28:40,1,Q2086991
5416,Mtsamboro,141,YT,15,15,YT-15,commune,,,,-12.6996969,45.0679904,Indian/Mayotte,2025-03-29 16:28:19,2025-08-08 15:28:42,1,Q745108
5417,Bandraboua,141,YT,16,16,YT-16,commune,,,,-12.7045482,45.1221926,Indian/Mayotte,2025-03-29 16:28:19,2025-08-08 15:28:43,1,Q691779
5418,Koungou,141,YT,17,17,YT-17,commune,,,,-12.735753,45.2067459,Indian/Mayotte,2025-03-29 16:28:19,2025-08-08 15:28:45,1,Q770411
5419,Saint Peter,148,MS,01,01,MS-01,parish,,,,16.7765981,-62.2000786,America/Montserrat,2025-03-29 16:49:44,2025-08-08 15:28:47,1,Q3464018
5420,Saint Georges,148,MS,02,02,MS-02,parish,,,,16.7484755,-62.1907472,America/Montserrat,2025-03-29 16:49:44,2025-08-08 15:28:48,1,Q3463799
5421,Saint Anthony,148,MS,03,03,MS-03,parish,,,,16.7056245,-62.1855304,America/Montserrat,2025-03-29 16:49:44,2025-08-08 15:28:50,1,Q3463656
5422,Makefu,162,NU,01,01,NU-01,village,,,,-19.0032618,-169.9204732,Pacific/Niue,2025-03-29 17:13:28,2025-08-08 15:28:52,1,Q2354077
5423,Tuapa,162,NU,02,02,NU-02,village,,,,-18.9912507,-169.9092078,Pacific/Niue,2025-03-29 17:13:28,2025-08-08 15:28:53,1,Q2350297
5424,Namukulu,162,NU,03,03,NU-03,village,,,,-18.9812275,-169.9029422,Pacific/Niue,2025-03-29 17:13:28,2025-08-08 15:28:55,1,Q2592896
5425,Hikutavake,162,NU,04,04,NU-04,village,,,,-18.9656326,-169.880636,Pacific/Niue,2025-03-29 17:13:28,2025-08-08 15:28:57,1,Q1962527
5426,Toi,162,NU,05,05,NU-05,village,,,,-18.97376,-169.8629774,Pacific/Niue,2025-03-29 17:13:28,2025-08-08 15:28:58,1,Q2619168
5427,Mutalau,162,NU,06,06,NU-06,village,,,,-18.9639385,-169.8327863,Pacific/Niue,2025-03-29 17:13:28,2025-08-08 15:28:59,1,Q2552363
5428,Lakepa,162,NU,07,07,NU-07,village,,,,-19.0096425,-169.8120046,Pacific/Niue,2025-03-29 17:13:28,2025-08-08 15:29:01,1,Q2600860
5429,Liku,162,NU,08,08,NU-08,village,,,,-19.0536907,-169.7942591,Pacific/Niue,2025-03-29 17:13:28,2025-08-08 15:29:03,1,Q2570188
5430,Hakupu,162,NU,09,09,NU-09,village,,,,-19.1287275,-169.8492123,Pacific/Niue,2025-03-29 17:13:28,2025-08-08 15:29:05,1,Q2635174
5431,Vaiea,162,NU,10,10,NU-10,village,,,,-19.1308358,-169.8938012,Pacific/Niue,2025-03-29 17:13:28,2025-08-08 15:29:06,1,Q3045571
5432,Avatele,162,NU,11,11,NU-11,village,,,,-19.1237302,-169.9165678,Pacific/Niue,2025-03-29 17:13:28,2025-08-08 15:29:08,1,Q2552943
5433,Tamakautoga,162,NU,12,12,NU-12,village,,,,-19.104524,-169.917382,Pacific/Niue,2025-03-29 17:13:28,2025-08-08 15:29:10,1,Q3045565
5434,Alofi South,162,NU,13,13,NU-13,village,,,,-19.054836,-169.9198846,Pacific/Niue,2025-03-29 17:13:28,2025-08-08 15:29:12,1,Q2254720
5435,Alofi North,162,NU,14,14,NU-14,village,,,,-19.0488977,-169.9190905,Pacific/Niue,2025-03-29 17:13:28,2025-08-08 15:29:13,1,Q2931057
5436,Saint-Benoît,180,RE,01,01,RE-01,district,,,,-21.0810433,55.6028127,Indian/Reunion,2025-03-29 18:52:04,2025-08-08 15:29:15,1,Q702279
5437,Saint-Denis,180,RE,02,02,RE-02,district,,,,-20.8799889,55.448137,Indian/Reunion,2025-03-29 18:55:02,2025-08-08 15:29:16,1,Q653514
5438,Saint-Paul,180,RE,03,03,RE-03,district,,,,-21.0006099,55.2771585,Indian/Reunion,2025-03-29 18:55:02,2025-08-08 15:29:18,1,Q612189
5439,Saint-Pierre,180,RE,04,04,RE-04,district,,,,-21.2377437,55.4899764,Indian/Reunion,2025-03-29 18:55:02,2025-08-08 15:29:19,1,Q702426
5440,Alarm Forest,184,SH,01,01,SH-01,district,,,,-15.9485043,-5.7028194,Atlantic/St_Helena,2025-03-29 19:35:49,2025-08-08 15:29:21,1,Q4708386
5441,Blue Hill,184,SH,02,02,SH-02,district,,,,-15.9801303,-5.7489856,Atlantic/St_Helena,2025-03-29 19:35:49,2025-08-08 15:29:22,1,Q19867646
5442,Half Tree Hollow,184,SH,03,03,SH-03,district,,,,-15.9346328,-5.7194732,Atlantic/St_Helena,2025-03-29 19:35:49,2025-08-08 15:29:24,1,Q3643946
5443,Jamestown,184,SH,04,04,SH-04,district,,,,-15.9288308,-5.7203338,Atlantic/St_Helena,2025-03-29 19:35:49,2025-08-08 15:29:26,1,Q30970
5444,Levelwood,184,SH,05,05,SH-05,district,,,,-15.9743129,-5.6805785,Atlantic/St_Helena,2025-03-29 19:35:49,2025-08-08 15:29:28,1,Q13408049
5445,Longwood,184,SH,06,06,SH-06,district,,,,-15.9493288,-5.6858605,Atlantic/St_Helena,2025-03-29 19:35:49,2025-08-08 15:29:29,1,Q222213
5446,Sandy Bay,184,SH,07,07,SH-07,district,,,,-16.0060601,-5.7127075,Atlantic/St_Helena,2025-03-29 19:35:49,2025-08-08 15:29:31,1,Q7417151
5447,Saint Paul's,184,SH,08,08,SH-08,district,,,,-15.9851267,-5.7380986,Atlantic/St_Helena,2025-03-29 19:35:49,2025-08-08 15:29:33,1,Q7402003
5448,Akershus,165,NO,00,32,NO-32,county,,,,60.0312215,11.3174619,Europe/Oslo,2025-06-04 16:50:43,2025-08-08 15:29:35,1,Q50615
5449,Buskerud,165,NO,00,33,NO-33,county,,,,60.2497876,8.9627868,Europe/Oslo,2025-06-04 16:52:27,2025-08-08 15:29:36,1,Q50618
5450,Østfold,165,NO,00,31,NO-31,county,,,,59.2669302,11.2085719,Europe/Oslo,2025-06-04 16:54:16,2025-08-08 15:29:38,1,Q50614
5451,Troms,165,NO,00,55,NO-55,county,,,,69.5311071,19.5296839,Europe/Oslo,2025-06-04 17:00:27,2025-08-08 15:29:39,1,Q50631
5452,Vestfold,165,NO,00,39,NO-39,county,,,,59.1954857,10.2662616,Europe/Oslo,2025-06-04 17:00:27,2025-08-08 15:29:41,1,Q50619
5453,Ulaanbaatar,146,MN,NULL,001,MN-001,capital city,1,,,47.9184676,106.9177016,Asia/Ulaanbaatar,2025-07-05 17:52:30,2025-08-08 15:29:43,1,Q23430
5454,Shymkent,112,KZ,18,79,KZ-79,city,,,,42.3419177,69.5072351,Asia/Almaty,2025-08-08 13:33:02,2025-08-08 14:33:17,1,Q485496
5455,Abai,112,KZ,19,10,KZ-10,region,,,,48.6163335,78.7834791,Asia/Almaty,2025-08-08 13:44:29,2025-08-08 14:33:17,1,Q111279364
5456,Jetisu,112,KZ,19,33,KZ-33,region,,,,45.5385692,78.0583144,Asia/Almaty,2025-08-08 13:44:29,2025-08-08 14:33:17,1,Q111281411
5457,Ulytau,112,KZ,19,62,KZ-62,region,,,,47.942247,64.8933714,Asia/Almaty,2025-08-08 13:44:29,2025-08-08 14:33:17,1,Q111830286
